id	name	price	area	error	where	geotag	deleted	description	url	in_geofence
7703287670	Light Filled 1 Bedroom on Eastlake- 2 Weeks FREE	1895	eastlake		Seattle, Eastlake	(47.63832, -122.325937)	False	"Light Filled 1 Bedroom on Eastlake- 2 Weeks FREE




Property Address

2201 EASTLAKE AVE E UNIT 407 | SEATTLE, WA 98102


  Available: Now



Offered By

Waterton Apartments - Seattle Property Management Associates




Description

    Drawing inspiration from the Eastlake neighborhood, its buildings, the lake and the sky, Waterton Eastlake is as much of an experience as a place to call home. Positioned at the gateway to residential Eastlake from South Lake Union, the contemporary spaces at Waterton provide comfort and quality with the latest in modern living amenities, including amazing views of Lake Union.

We are offering this urban 1 bedroom unit on a 12- month Lease Term with 2 weeks Rent Free. At the time of application, we require payment of the $25 application fee per person and a $1000 deposit that is then applied to the refundable security deposit upon approval. This building is no smoking and cats and dogs are allowed. A reserved parking space in the garage may be available for $175/month.

For more information or to schedule a viewing, please contact us at  show contact info

Feel free to view all of our property vacancies at www.seattlepma.com
  
Amenities

Hardwood Floors
Roof Top Deck
On-Site Management
washer/dryer in unit
Dog-Washing Station
Garage Parking

Details

Beds/Baths: 1BD/1.0BA
Square Feet: 542

Rental Terms

Rent: $1,895.00 

    Available: Now
    Application Fee: $25.00
    Security Deposit: $1,000.00

  
Pet Policy

Cats allowed
Small dogs allowed"	https://seattle.craigslist.org/see/apa/d/seattle-light-filled-bedroom-on/7703287670.html	True
7703287583	Stunning Top Floor Eastlake 1 Bedroom	1995	eastlake		Seattle, Eastlake	(47.63832, -122.325937)	False	"Stunning Top Floor Eastlake 1 Bedroom 




Property Address

2201 EASTLAKE AVE E UNIT 510 | SEATTLE, WA 98102


  Available: Now



Offered By

Waterton Eastlake Apartments - Seattle Property Management Associates




Description

    Drawing inspiration from the Eastlake neighborhood, its buildings, the lake and the sky, Waterton Eastlake is as much of an experience as a place to call home. Positioned at the gateway to residential Eastlake from South Lake Union, the contemporary spaces at Waterton provide comfort and quality with the latest in modern living amenities, including amazing views of Lake Union.

This top floor urban 1bedroom is located on the East side of the building which receives glorious natural light. It has an open kitchen and living room concept complete with stainless steel appliances. There is plenty of closet space as well as washer/dryer stack in the bathroom. We are offering this spacious 1 bedroom unit on a 12- month Lease Term with a 2 week rent concession.

At the time of application, we require payment of the $25 application fee per person and a $1000 deposit that is then applied to the refundable security deposit upon approval. This building is no smoking and cats and dogs are allowed. There is a $35/month pet rent (per pet). A reserved parking space in the garage may be available for $175/month. 

For more information or to schedule a viewing, please contact us at  show contact info

Amenities

Controlled Access
On-Site Management
Attached Garage
Elevator
Top Floor
Stainless Steel Appliances
washer/dryer in unit
Roof Top Deck
Dog-Washing Station
near transportation

Details

Beds/Baths: 1BD/1.0BA
Square Feet: 542

Rental Terms

Rent: $1,995.00 

    Available: Now
    Application Fee: $25.00
    Security Deposit: $1,000.00

  
Pet Policy

Cats allowed
Small dogs allowed"	https://seattle.craigslist.org/see/apa/d/seattle-stunning-top-floor-eastlake/7703287583.html	True
7703287552	Charming MFTE 1Bed on Eastlake - 2 Weeks Free	1700	eastlake		Seattle, Eastlake	(47.63832, -122.325937)	False	"Charming MFTE 1Bed on Eastlake - 2 Weeks Free




Property Address

2201 EASTLAKE AVE E UNIT 309M | SEATTLE, WA 98102


  Available: Now



Offered By

Waterton Eastlake Apartments - Seattle Property Management Associates




Description

    Drawing inspiration from the Eastlake neighborhood, its buildings, the lake and the sky, Waterton is as much of an experience as a place to call home. Positioned at the gateway to residential Eastlake from South Lake Union, the contemporary spaces at Waterton provide comfort and quality with the latest in modern living amenities, including amazing views of Lake Union.

Unit 309 is situated on the East side of the building which receives glorious natural light and overlooks Eastlake Ave. It has hardwoods throughout, in-unit washer/dryer, stainless steel appliances and a small balcony. We are offering this spacious 1 bedroom unit on a 12- month Lease Term with a 2 week rent concession.

At the time of application, we require payment of the $25 application fee per person and a $1000 deposit that is then applied to the refundable security deposit upon approval. This building is no smoking and cats and dogs are allowed. A reserved parking space in the garage may be available for $175/month.

For more information or to schedule a viewing, please contact us at  show contact info

Amenities

Controlled Access
Secure Entry
Attached Garage
Elevator
On-Site Management
washer/dryer in unit
Roof Top Deck
near transportation

Details

Beds/Baths: 1BD/1.0BA
Square Feet: 542

Rental Terms

Rent: $1,700.00 

    Available: Now
    Application Fee: $25.00
    Security Deposit: $1,000.00

  
Pet Policy

Cats allowed
Small dogs allowed"	https://seattle.craigslist.org/see/apa/d/seattle-charming-mfte-1bed-on-eastlake/7703287552.html	True
7703286765	Charming MFTE 1 Bedroom on Eastlake	1735	eastlake		Seattle, Eastlake	(47.638372, -122.326069)	False	"Charming MFTE 1 Bedroom on Eastlake 




Property Address

2201 EASTLAKE AVE E UNIT 104M | SEATTLE, WA 98102


  Available: Now



Offered By

Waterton Eastlake Apartments - Seattle Property Management Associates




Description

    Drawing inspiration from the Eastlake neighborhood, its buildings, the lake and the sky, Waterton Eastlake is as much of an experience as a place to call home. Positioned at the gateway to residential Eastlake from South Lake Union, the contemporary spaces at Waterton provide comfort and quality with the latest in modern living amenities, including amazing views of Lake Union.

We are offering this spacious MFTE 1 bedroom, 1 bathroom unit on a 12 month Lease Term. At the time of application, we require payment of the $25 application fee per person and a $1000 deposit that is then applied to the refundable security deposit upon approval. This building is no smoking and cats and dogs are allowed. A reserved parking space in the garage may be available for $175/month.

For more information or to schedule a viewing, please contact us at  show contact info

Reasons to love life at Waterton Eastlake:
Rooftop relaxation: Kick back or entertain guests on the spacious, landscaped rooftop deck with fire pit, BBQ, al fresco dining space and even more views. High-end finishes: With floor-to-ceiling windows to maximize light, all you’ll see is sparkling tile and sleek, wood-style surfaces. Sophisticated touches: Extras like walk-in closets and under-cabinet lighting are included in every apartment. Up your comfort level with air conditioning and a wine fridge. Neighborhood proximity: The pedestrian-friendly location offers quick connection to the shores of Lake Union, Capitol Hill, Wallingford, Fremont and the University District. Pet-friendly perks: Your four-legged friends will feel at home, too, with an on-site dog run and washing station.
  
Amenities

Controlled Access
Secure Entry
Attached Garage
Elevator
Private Patio
near transportation
On-Site Management
Laundry in-unit

Details

Beds/Baths: 1BD/1.0BA
Square Feet: 661

Rental Terms

Rent: $1,735.00 

    Available: Now
    Application Fee: $25.00
    Security Deposit: $1,000.00

  
Pet Policy

Cats allowed
Small dogs allowed"	https://seattle.craigslist.org/see/apa/d/seattle-charming-mfte-bedroom-on/7703286765.html	True
7699195453	Cable Ready, Window Coverings, Natural Light	3075	greenlake		Greenlake	(47.678804, -122.325617)	False	"6900 East Green Lake Way N, Seattle, WA 98115Unit Amenities:Huge Walk-In ClosetsWasher & Dryer in Every UnitCable ReadyHardwood FloorsHigh CeilingsNookPartial Lake ViewLive-Work HomesNatural LightWindow Coverings*In Select HomesCommunity Amenities:Short Term LeasesViews of Green LakeWiFi Access in Common AreasOnsite Office Team 7 Days a WeekGreen BuildingSteps from Green LakeCall:  show contact info
For more information, visit us at: https://livecushwake.com/5szkneev/circa-greenlake*Equal housing opportunity*"	https://seattle.craigslist.org/see/apa/d/seattle-cable-ready-window-coverings/7699195453.html	True
7703273477	Spacious 1 BR in Classic Brick Building	1895	wallingford		Wallingford	(47.6633, -122.3022)	False	"Florimei Apartments: Redsidepartners.com 
Neighborhood: Wallingford
Address: 260 NE 45th St.  
Bedrooms/Baths: 1 Bedroom/1 Bath
Square Footage: 750  
Rent: $1,895 a Month
Parking: Street Parking  
Fees: $45 Application Fee per person: https://www.redsidepartners.com/property/florimei-apartments/#vacancy
Deposit: Security Deposit $750
Lease: 1-Year Lease
Pets: Cats allowed 
Description: Large one bedroom available in small 1920's brick building. Hardwood floors, original fixtures, SW facing with lots of sunlight and a view of downtown, tons of closet/storage space and great central location. 

Available: January 15th
Contact: Please contact resident manager by responding to this ad to set up an appointment to view."	https://seattle.craigslist.org/see/apa/d/seattle-spacious-br-in-classic-brick/7703273477.html	True
7703272883	Luxury Apt with fabulous rooftop deck	2209	wallingford		Wallingford	(47.6733, -122.3426)	False	"SIGNING BONUS! $2549 move in bonus! First month is free. Rent is $2549 for 7.5 months. Rent shown is prorated after move in bonus. 
Luxury 1 br apartment in new building in Wallingford. West facing. Full length windows. Gorgeous rooftop deck. Great for dinner parties etc. High end laundry machines in the Apt. Exercise room down the hall. Full time managers onsite. Only one tenant has lived in it. Pristine. Garage parking available ($). Flexible move in date. Could be rented furnished (neg.)."	https://seattle.craigslist.org/see/apa/d/seattle-luxury-apt-with-fabulous/7703272883.html	True
7699858717	On-Site Maintenance, Live-Work Homes, Dishwasher	3392	green lake		6900 East Green Lake Way N, Seattle, WA	(47.678804, -122.325617)	False	"6900 East Green Lake Way N, Seattle, WA 98115Discover a new standard of upscale living at Circa Greenlake Apartments. Our meticulously designed apartments feature modern layouts and luxury finishes, offering residents both elegance and comfort. Take advantage of our proximity to Green Lake's recreational opportunities and the lively neighborhood scene. Whether you're enjoying the stunning views from your apartment or exploring the nearby shops and restaurants, Circa Greenlake embodies the essence of sophisticated urban livingUnit Amenities:Huge Walk-In ClosetsWasher & Dryer in Every UnitCable ReadyHardwood FloorsHigh CeilingsNookPartial Lake ViewLive-Work HomesNatural LightWindow Coverings*In Select HomesCommunity Amenities:Short Term LeasesViews of Green LakeWiFi Access in Common AreasOnsite Office TeamGreen BuildingSteps from Green LakeCall:  show contact info
For more information, visit us at: https://livecushwake.com/ez4vuabu/circa-greenlake*Equal housing opportunity*"	https://seattle.craigslist.org/see/apa/d/seattle-on-site-maintenance-live-work/7699858717.html	True
7699704842	1 BD, Hardwood Plank Flooring, Courtyard	1998	university district		400 Northeast 45th Street, Seattle, WA	(47.6633, -122.3022)	False	"400 Northeast 45th Street, Seattle, WA 98105CosmopolitanApartments is conveniently tucked next to the U District in Wallingford. Take aleisurely stroll down to Lake Union and enjoy lunch on the water at Ivar's orchoose from a variety of cuisine options on NE 45th St. Feel like rocking out? Pop over to the historicBlue Moon Tavern and catch a local band you're sure to love! If you like to bicycle, we are just blocks awayfrom the Burke-Gilman Trail. This trail will lead you to the vibrantneighborhoods of Fremont and Ballard or head in the other direction andadventure to the suburb of Woodinville to enjoy a brew at Red Hook Brewery.With our central Seattle location, whatever you're looking for, you will findit nearby at Cosmopolitan Apartments.Apartment Features:In Unit Washer & Dryer in One & Two Bedroom HomesWalk-In Closets One & Two Bedroom HomesOn-Site Laundry FacilityExtra StorageHardwood Plank FlooringWindow CoveringCommunity Features:City ViewsPet FriendlyCourtyardBroadband Internet AccessElevatorLaundry FacilityCall:  show contact info
For more information, visit us at: https://gre-apartments.com/a4f4p4hd/cosmopolitanPlease leave your name and contact number when replying to this posting.*Pricing and availability are subject to change daily. Photos may not be of the exact advertised unit. Please contact us today for the most up to date information!"	https://seattle.craigslist.org/see/apa/d/seattle-bd-hardwood-plank-flooring/7699704842.html	True
7699781547	Hardwood Floors, Fitness Center, Cable Ready	1960	green lake		6900 East Green Lake Way N, Seattle, WA	(47.678804, -122.325617)	False	"6900 East Green Lake Way N, Seattle, WA 98115Discover the perfect blend of modern living and natural beauty at Circa Greenlake Apartments! Nestled in the heart of Seattle, our community offers upscale living with stunning views of Green Lake. Enjoy the convenience of a vibrant neighborhood with easy access to local shops, restaurants, and the beautiful outdoors. With our spacious floor plans, top-notch amenities, and a welcoming community, Circa Greenlake is where luxury meets comfort.Unit Amenities:Huge Walk-In ClosetsWasher & Dryer in Every UnitCable ReadyHardwood FloorsHigh CeilingsNookPartial Lake ViewLive-Work HomesNatural LightWindow Coverings*In Select HomesCommunity Amenities:Short Term LeasesViews of Green LakeWiFi Access in Common AreasOnsite Office Team 7 Days a WeekGreen BuildingSteps from Green LakeCall:  show contact info
For more information, visit us at: https://livecushwake.com/glnamnec/circa-greenlake*Equal housing opportunity*"	https://seattle.craigslist.org/see/apa/d/seattle-hardwood-floors-fitness-center/7699781547.html	True
7703241607	Great jogging spots at your finger tips with this Green Lake Home!	2060	green lake		Green Lake	(47.680426, -122.32406)	False	"1 Bedroom, 1 Bath | Approximately 574 Sq. Ft.See our property details here:https://thrive.touraptnow.com/7c39idONE NEIGHBORHOOD. TWO LUXURY APARTMENT COMMUNITIES.Call Now -  show contact info
 x 133 Community Info:Where you live is a reward that stimulates the senses and excites the mind. Meet Green Lake Village and The Eddy, a community that offers just that – stylish apartment homes with sleek, modern interiors and thoughtfully designed amenity spaces.Green Lake is a connected community built for and around the outdoor enthusiasts. Everything you need to make the most of life in Seattle is within reach.Residence Features: ✩  Personal Balconies or Patios* ✩  Complete Stainless-Steel Appliance Package ✩  Energy-Efficient, Dual-Pane Windows ✩  Gourmet Kitchens ✩  Open-Concept Living Areas ✩  Contemporary Lighting ✩  Distinctive Wood-Style Flooring ✩  Modern Custom-Wood Cabinetry ✩  LEED-Silver Certification ✩  Modern Track Lighting in Kitchens & Dining Spaces ✩  Oversized Closets* ✩  High-Efficiency Full-Size Front-Loading Washers & Dryers ✩  Energy-Efficient Lighting ✩  Quartz Countertops Throughout ✩  Designer Finishes with Accent Walls* ✩  Expansive Ceilings* ✩  Plush Carpeting in BedroomsCommunity Features: ✩  Surrounded by Restaurants, Entertainment & Shopping ✩  Indoor Bike Storage ✩  Resident Lounge with Flat-Screen TVs & Pool Table ✩  Controlled-Access Community ✩  Smoke-Free Community ✩  Excellent Freeway Access ✩  We Love Pets!* ✩  Retail Experiences within Walking Distance ✩  Concierge Conveniences (Dry Cleaning, etc.) ✩  92 Walkscore ✩  Expansive Roof Deck/Club Room with Panoramic Views ✩  Community Kayak and Paddle Board ✩  Reservable Club Room with Pool Table, Full Kitchen & two TV's ✩  24-Hour Fitness Center with Top-of-the-Line Equipment ✩  Wi-Fi Access in Common Areas ✩  Spectacular Skyline Vistas ✩  Outdoor Courtyard ✩  Additional Storage Available* ✩  Easy Access to Public Transportation ✩  Short Walk to Parks & Recreational Activities ✩  Community Barbecue Grilling Stations ✩  Breathtaking City & Mountain ViewsPet Policy:Restricted animals and/or breeds include, but are not limited to, the following: 1. Animals: Reptiles (snakes, iguanas) Ferrets, Skunks, Raccoons, Squirrels, Rabbits, Birds (parrots, cockatiels, macaws) 2. Breeds: Cane Carsos, Pit Bulls, Rottweilers, Doberman Pinschers, Any hybrid or mixed breed of one of the Income Requirements:2.5 times the rentOffice Hours:Monday-Friday: 10:00AM-6:00PMSaturday: 9:00AM-6:00PMSunday: 10:00AM-5:00PMPhotos and/or floor plans shown are representational and may not depict the exact layout or features of the available unit. If currently occupied, the individual unit you've selected may not be available to tour. Please contact our leasing team with any questions.Equal Housing OpportunityHIj5SK4g"	https://seattle.craigslist.org/see/apa/d/seattle-great-jogging-spots-at-your/7703241607.html	True
7703241380	Campus View is leasing out fast, find your future home today!	1617	university district		U-District	(47.660528, -122.320637)	False	"2 weeks free off 2nd month's rent  Welcome to Campus View & Avalon on 7th1 bedroom | 1 bath | 600 square feetVisit This Website to See More:https://mhe.aptfeatures.com/13i977Our beautiful homes have quality options to make you feel at home.Call Now -  show contact info
 x 125 Community Info:As Seattle’s premier UW off-campus housing, Campus View & Avalon on 7th offer a range of spacious, recently remodeled residences with different floor plan options. Choose from Studio, 1, 2 & 3 bedroom Seattle U District apartments featuring a prime location and desirable amenities – including a controlled access garage, rooftop deck, and more. Our professional, on-site management and maintenance staff keeps everything running smoothly!Our Seattle U District apartments are just blocks away from the University of Washington, making it easy to commute to class and meet up with friends! We’re walking distance to many popular eateries, coffee shops, bars and stores in the University District. It’s also just a quick bus or car ride to the heart of downtown Seattle.Contact us today to see how you can call Campus View or Avalon, the top student housing in Seattle, your home away from home! Our office can answer any questions you may have and get you scheduled for a tour.Campus View has two unique UW off-campus housing options located right next door to one another.Campus View I: Offering 2 and 3 bedroom homes, complete with granite counter tops, vinyl flooring, large bedrooms and spacious closets. Some of our University District apartments even feature spectacular views of The Space Needle, Lake Union, Mt. Rainier and Downtown.Campus View II: Offering1, 2 and 3 bedroom homes, complete with stone counter tops, stainless steel appliances, vinyl flooring, spacious closets, and private balconies. Some of the options also feature vaulted ceilings and a skylight in the living room.Just steps from Campus View you will find Avalon on 7th.Avalon on 7th: Offering Studio, 1 Bedroom, 2 Bedroom and 3 Bedroom homes, complete with new appliances, new flooring, new lighting, and some even offer balconies and lofts. These spacious open layouts will make you feel right at home! You won’t find better UW off-campus student housing in Seattle!Residence Features: ✩  Vaulted Ceilings ✩  City & Mountain Views ✩  Stainless Steel Appliances (select units) ✩  Gourmet Kitchen ✩  Private Balcony ✩  Refrigerator ✩  Dishwasher ✩  Granite Countertops ✩  Oven RangeCommunity Features: ✩  Public Parking ✩  Laundry Facility ✩  Package Locker ✩  Recycling ✩  Access to Public Transportation ✩  Roof Top terrace ✩  24-Hour Emergency Maintenance ✩  Reserved Parking ✩  On-site Management ✩  Garbage & Compost Disposal ✩  Elevator ✩  Controlled Access EntriesPet Policy:No pets Income Requirements:Proof of income from employment Office Hours: M - F: BY APPOINTMENT S - SU: CLOSED Equal Housing OpportunitydrmFv00Rev"	https://seattle.craigslist.org/see/apa/d/seattle-campus-view-is-leasing-out-fast/7703241380.html	True
7703240893	High-speed data wiring, Locally commissioned artwork	3265	fremont		Fremont	(47.650809, -122.342425)	False	"The Hayes3627 Stone Way N, Seattle, WA, 98103Call Now -  show contact info
 x 72OR Text 72 to  show contact info
 to chat!Interested In This Unit? Use this link for more details:thehayesapartments.com/Welcome to The Hayes on Stone Way2 bedroom | 2 bath | 945 square feetFeatures: ✓  Louver blinds ✓  Stainless steel kitchen sinks with pull-out designer selected plumbing fixtures ✓  Many homes with private terraces ✓  Quartz slab countertops in kitchens and baths ✓  Tall ceilings and large, operable windows ✓  Energy Star rated Whirlpool appliances, including microwave, dishwasher and range/oven, and full-size washer and dryer in each home ✓  Some units utilize sliding glass dividers for maximizing interior space ✓  2 distinct and sophisticated color palette choices in appealing, modern tones ✓  Energy efficient lighting including versatile track lighting systems custom configured to each floor plan ✓  Efficiently designed and inviting floor plans with ample kitchen storage ✓  High-speed data wiring ✓  Several homes with west and south (Lake Union) facing views ✓  European style cabinets with brushed nickel hardware accents ✓  Noise-absorbing, soft commercial vinyl plank floors paired with carpet in bedroomsCommunity Features: ✓  Luxer One package locker system with 24/7 secured access ✓  Acoustical sound engineered throughout the building ✓  Fitness room loaded with professional-grade equipment ✓  Locally commissioned artwork ✓  Game Room with bar, lounge area, community refrigerator, and shuffleboard ✓  Controlled access entry system ✓  Bike storage, maintenance station, and bike wash area ✓  24-hour on-line concierge and management services ✓  Media Room: movie screen, terraced seating, and entertainment bar ✓  Street-level retail space ✓  Pet washroom ✓  Business Center with workspaces and whiteboards ✓  Resident rooftop deck with spectacular views, bar seating areas, lounge chairs, heaters, BBQs, Outdoor TV, community garden, and fire pitsCommunity Info:Are you looking for apartments in Fremont, Seattle? The Hayes on Stone Way offers a mix of modern studio, one-, and two-bedroom floor plans that fit your lifestyle and needs. Each apartment is designed to fit your unique individuality. The picturesque, modern exterior of our apartment building is combined with luxurious amenities inside each apartment. Residents will also love our modern community amenities.All of our apartment and community features are coupled with being in a fantastic location, within close proximity to local restaurants, parks, and shopping. Contact us today to schedule a tour of our apartments in Fremont Seattle.Office Hours:Monday-Friday: 9:00AM-6:00PMSaturday-Sunday: 10:00AM-5:00PMEqual Housing OpportunityfG3pWQRrrWz"	https://seattle.craigslist.org/see/apa/d/seattle-high-speed-data-wiring-locally/7703240893.html	True
7703240790	Individual Heating, Fiber Internet, Walk-In Closets	1634	green lake		Green Lake	(47.68852, -122.343438)	False	"Ask about our Specials! Crew 8228 Green Lake Drive N, Seattle, WA, 98103Follow This Link for More Information:https://avenue5.aptfeatures.com/63idr2Call Now -  show contact info
 x 108OR Text 108 to  show contact info
 to text our team directly.Live at CREW!1 Bedroom, 1 Bath | Approximately 582 Sq. Ft.Community Info:Now Leasing Green Lake Seattle, WA Apartments!Our apartments in Green Lake, Washington are located in one of Seattle’s most sought-after neighborhoods. It’s a great place to walk, to bike, to meet people and make friends. People come from all over the city to walk, run, bike or rollerblade around the Lake’s 3.3-mile paved pathway. Two swimming beaches, sports courts, and boat and paddleboard rental make it easy to get out on the lake and enjoy even more fun.CREW Apartments in Green Lake, Seattle is located in the most convenient spot! The lake is ringed by small boutiques, bars, bistros, restaurants and coffee shops. And just a block or two away, the atmosphere transitions to quiet, Seattle craftsman-style residential neighborhoods.Now, we are proud to announce that CREW is now open and leasing! Our well-designed 70-unit apartment community will be located at the northwest corner of Green Lake Park. Picture your new life. Walking to meet friends at Green Lake. Enjoying a morning paddle around the Lake or boarding the RAPIDRIDE to zoom downtown. It will all be right outside your front door! Call today to learn more about our fantastic community of Green Lake apartments in Seattle!This is simply an amazing place to live! Unit Highlights ✧  Tour Today ✧  Walk-In Closets ✧  Dishwasher + Full Kitchen Package ✧  Air Conditioning and Ceiling Fans ✧  In Unit Washer & Dryer ✧  Fiber Internet ✧  Stainless Steel Appliances ✧  Individual Heating*Smoke Free*Personal Water Heater*Double Pane WindowsCommunity Highlights ✧  Rooftop gathering and entertaining spaces ✧  Views of the DT Seattle Skyline, Puget Sound + the Cascades ✧  Live/Work options ✧  A Must See ✧  Bike Storage & Repair Station ✧  Neighborhood bars, bistros, and baristas! ✧  Walk or bike to shopping, dining, and entertainment ✧  Consider Green Lake Park as your front yard! ✧  Landscaped grounds and courtyardsOffice HoursMonday-Friday: 9:00AM-6:00PMPet PolicyIf you have pets, they are welcome at Crew*. *Some breed/weight restrictions apply Income RequirementsThis is a MFTE home. You must income qualify for this home. Equal Housing OpportunityV7LIb2Ijm"	https://seattle.craigslist.org/see/apa/d/seattle-individual-heating-fiber/7703240790.html	True
7703240280	Resident lounge, Two palettes of interior finishes, Pet spa	2241	queen anne		South Lake Union	(47.630726, -122.342338)	False	"Leeward1305 Dexter Street, Seattle, WA, 98109Want more information? Follow this link:https://greystar.leasehomenow.com/848753Call Now -  show contact info
 x 129OR Text 129 to  show contact info
 to text our leasing team.Up to One Month Free on Select Homes! 1 Bedroom, 1 Bath | Approximately 752 Sq. Ft.Community Info:Urban living as vibrant and alive as its surroundings. Leeward offers open concept one, one plus den and two bedroom floor plans with modern interiors and designer finishes. Conveniently located in the revitalized neighborhood of South Lake Union, distinctive for its live-work-play culture, Leeward offers all the conveniences of a connected community. Leeward is just minutes from major employers, transit options, Lake Union waterfront, shopping, dining and nightlife.  Unit Highlights ✧  Two palettes of interior finishes ✧  Open concept with one, one plus den and two bedroom floor plans ✧  Air conditioning available ✧  Quartz countertops ✧  Full size washer/dryer ✧  Stainless steel appliances ✧  Wood style plank flooring ✧  Oversized windows with roller shadesCommunity Highlights ✧  Fitness center ✧  Easy transit access ✧  Sky lounge ✧  e-business center, conference room ✧  High-tech gaming room ✧  Roof-top bark park ✧  Spin studio ✧  Roof decks with expansive views of Lake Union ✧  100% smoke-free ✧  Resident lounge ✧  Pet spaOffice HoursMon - Fri 9 AM - 6 PMSat & Sun 10 AM - 5 PMPet PolicyPet friendly, fees and restrictions apply. Income RequirementsIncome needs to be 3x the monthly rental rate.We also require a rental history verification. View our screening criteria here:https://thegreystar.com/files/Leeward_Greystar.pdf  We do not accept Comprehensive Reusable Tenant Screening Reports as defined by and pursuant to RCW 59.18.* Floor plans are artist’s rendering. All dimensions are approximate. Actual product and specifications may vary in dimension or detail. Not all features are available in every rental home. Pricing and availability are subject to change. Rent is based on monthly frequency. Additional fees may apply, such as but not limited to package delivery, trash, water, amenities, etc. Deposits vary. Please see a representative for details.Equal Housing Opportunity0rWhXCw5jnU"	https://seattle.craigslist.org/see/apa/d/seattle-resident-lounge-two-palettes-of/7703240280.html	True
7703227111	4-6 Weeks Free, Fully Renovated, City Views and Spacious Floorplans	3145	seattle		Denny Triangle	(47.637195, -122.340702)	False	"4-6 Weeks Free! Met Tower 1942 Westlake Avenue, Seattle, WA, 98101Call Now -  show contact info
 x 88OR Text 88 to  show contact info
 to contact us.Use the link below for more details:https://avenue5.aptfeatures.com/3q7330WELCOME TO MET TOWER1 bedroom | 1 bath | 872 square feetFeatures: ✓  Large Closets ✓  Granite countertops ✓  City, Water and Queen Anne Views ✓  Stainless steel Energy Star® Whirlpool® appliances ✓  Penthouse Fireplaces ✓  Wood plank-style flooring ✓  Extended Ceiling Height ✓  20+ distinct floorplans including private penthouses ✓  Washer/Dryer ✓  Deluxe kitchens with breakfast bars ✓  Private Balcony/Patio ✓  Central Air ConditioningCommunity Features: ✓  Controlled access to building and garage ✓  Directly across the street from Amazon Doppler ✓  Cats and large dogs welcome, private pet area on rooftop ✓  WI-FI in all common areas ✓  Barolo Restaurant, Pho Bac Restaurant, Petra Bistro, La Caviste Wine Bar & Bridget Singh DDS all On Site ✓  On-site management and maintenance ✓  Stunning New Lobby ✓  Zipcars in Parking Garage ✓  Access to South Lake Union Trolley right outside ✓  Elevator ✓  24 hour concierge service ✓  Underground parking and private garages availableCommunity Info:Met Tower delivers the best of both worlds – the comforts of your own home while providing all the luxury and convenience of a 5-star hotel. Not enough? You will also enjoy a host of newly renovated amenities exclusive for residents; private balcony/patio, 24-hour personalized Concierge Service, Indoor Swimming Pool, Spa, Fitness Center - all opening early 2024! Residents receive a complimentary 24-Hour Fitness membership while the amenities are closed for renovation. Our community is located in the heart of Seattle (98101), we are directly across the street from Amazon so there is no better commute for all you Amazonians! Did we mention that we are in walking distance to some of the most amazing restaurants and retail in all of Seattle, well we are! We also have some of the most convenient transportation within blocks of our community! If that isn’t your style, then our convenient parking garage will be perfect to keep your car at your fingertips to hit the open road.You can’t beat the 360 degrees of breathtaking views; from Elliot Bay and the Olympics to the Cascades, each one of our homes offer views that rival any Instagram account and makes you want to have your iPhone on the ready for the next time the sun sets.Pet Policy:BFF's Welcomed! Monthly Pet Rent of $50. We have no weight limit restriction. Certain breed restrictions apply. Call today for more details! Office Hours:Monday-Sunday: 9:00AM-6:00PMEqual Housing Opportunity7wNyspOPiO"	https://seattle.craigslist.org/see/apa/d/seattle-6-weeks-free-fully-renovated/7703227111.html	True
7703220976	Enjoy Modern Living in Historic Ballard at Ballard Yards	1857	ballard		Seattle	(47.668592, -122.387757)	False	"This is a 1 Bedroom, 1 Bath, Approximately 471 Sq. Ft. See our property details here:https://greystar.leasehomenow.com/92546qCall Now -  show contact info
 x 12OR Text 12 to  show contact info
 to chat!A NEIGHBORHOOD THAT WORKS.Community Info:Over a century ago, Scandinavian immigrants settled in a place that reminded them of home. Tall trees, deep water, productive fishing, unkind weather. And for generations, Ballard has served as the hub of this community, connecting maritime traditions to the feeling of purpose that continues to this day. With a view of Ballard’s history and a look to the future, these modern apartments at Ballard Yards settle seamlessly into place.Features: ‣  Select homes have private balconies/terraces ‣  AC Ports/heating in all units ‣  Deep, wide bathtubs ‣  Solid surface quartz countertops ‣  Open, contemporary floor plan design ‣  Keyless entry system ‣  Wood-style vinyl plank flooring throughout ‣  Stainless steel appliances (French-door style fridge in select homes) ‣  Designer kitchen and bathroom plumbing fixtures ‣  LED lighting throughout ‣  Modern, soft-close cabinetry with upgraded hardware ‣  Oversized vinyl windows ‣  Rolldown shades ‣  Full-height tiled kitchen backsplashes and tiled tub surrounds ‣  Pantries in select kitchens ‣  Front loading, full-sized stacked washer-dryersCommunity Amenities: ‣  Community lounge with kitchenette, decorative fireplace, and games ‣  Gym with weights, cardio equipment and on-demand fitness ‣  Bar and lounge seating, barbeque and firepit ‣  Bike room and storage ‣  On-site parking and storage available ‣  Rooftop deck with views of the harbor ‣  Dog washPet Policy:At Ballard Yards, we welcome your cats and dogs. Your companion will too feel a sense of luxury in these modern apartments with large windows for gazing outside. There is a two pet maximum per home and a deposit fee of $300 and a per pet rent of $50. Some breed restrictions may apply. Please contact the leasing office for more information. Office Hours:Monday-Friday: 9:00AM-6:00PMSaturday-Sunday: 10:00AM-5:00PMBallard Yards2421 NW Market Street, Seattle, WA, 98107 We do not accept Comprehensive Reusable Tenant Screening Reports as defined by and pursuant to RCW 59.18.* Floor plans are artist’s rendering. All dimensions are approximate. Actual product and specifications may vary in dimension or detail. Not all features are available in every rental home. Pricing and availability are subject to change. Rent is based on monthly frequency. Additional fees may apply, such as but not limited to package delivery, trash, water, amenities, etc. Deposits vary. Please see a representative for details.Equal Housing Opportunityh4hj3icYzPP"	https://seattle.craigslist.org/see/apa/d/seattle-enjoy-modern-living-in-historic/7703220976.html	True
7702013531	Need a fresh start? Check out our updated 1 Bed in Udistrict with W/D!	1695	ravenna		Seattle	(47.668604, -122.311917)	False	"University Flats! #102 
5521 15th Ave NE

Renovated new 1 Bed in the Udistrict!! Get 1 Month FREE RENT + $250 Gift Card with a 12-Month Lease.

✔️ Stainless Steel Appliances
✔️ Washer/Dryer
✔️ Dishwasher
✔️ Microwave
✔️ Corner Unit

SCHEDULE TOUR ONLINE:
https://showmojo.com/l/776bf13071

Call or Text for a Tour - 𝟐𝟎𝟔-𝟒𝟗𝟓-𝟑𝟐𝟐𝟖"	https://seattle.craigslist.org/see/apa/d/seattle-need-fresh-start-check-out-our/7702013531.html	True
7702013355	A deal this good doesn't come around every day. 2Bed with W/D in Udist	2495	ravenna		Seattle	(47.668604, -122.311917)	False	"University Flats #402
5521 15th Ave NE

Spacious 2 Bed in Udistrict with W/D and all new appliances and renovations! Get 1 Month FREE + $250 Gift Card with a 12-Month Lease.

✔️Washer/Dryer
✔️Stainless Steel Appliances
✔️Brand New Corner Unit
✔️Top Floor
✔️Community Courtyard Patio

SCHEDULE TOUR ONLINE:
https://showmojo.com/l/ show contact info


Call or Text for a Tour - 𝟐𝟎𝟔-𝟒𝟗𝟓-𝟑𝟐𝟐𝟖"	https://seattle.craigslist.org/see/apa/d/seattle-deal-this-good-doesnt-come/7702013355.html	True
7702643738	1.5 Months Free + $750! Classic Style Two-Bedroom. Apply Now!	2924	ballard		Ballard	(47.6701, -122.3763)	False	"AVA is a living space steps from the energy of Ballard – where bars and clubs converge with galleries and restaurants, where sushi meets tacos, and music collides with performing arts. Oh yeah, and just blocks from the 44, 17 and Rapid Ride D bus lines, we're a straight shot to Downtown Seattle. From True North Roasting House and Great Notion Brewing to Ballard Corners Park and Majestic Bay Theatres, there will always be opportunities to have unique experiences. Our chic studios and 1- and 2-bedroom Seattle apartments feature an urban-inspired design that extends beyond your walls to social spaces to connect, relax and play. Plus, our technology package, AVAConnect, offers high-speed and common area WiFi, digital resident services including the ability to submit service requests and pay your rent online, package service, and more. Now with our Furnished+ program, apartment living is easier than ever before. Appreciate the stylish furnishings and enjoy the convenience of pre-installed Wi-Fi and cable TV, flexible lease-terms, and utilities that are included in your rent. With Furnished+, you can step right into the life you want to live, without all the hassle. There are chill spaces with Wi-Fi, flat screens and comfy seating to hang with your friends or unwind alone, an awesome fitness center, a pet run for your pooch, and lots of resident parking and bike storage. And did we mention the Rooftop deck? Our Seattle apartments have the latest features and amenities and are just blocks from the best local hotspots, including the True North Roasting House, Great Notion Brewing, Ballard Corners Park and Majestic Bay Theatres. Stroll around Seattle and discover what's in store for you. So what are you waiting for? Dive in and make our Seattle apartments your new home today.-In-Unit Washer/Dryer-Pet Friendly-High-Speed WiFi-AVAConnect Technology Package-Stainless Steel Appliances-Parking-Fitness Center-Green CommunityCall:  show contact info
Visit https://avalon-communities.com/ebat5uge/ava-ballard to learn more.Prices and availability are subject to change."	https://seattle.craigslist.org/see/apa/d/seattle-15-months-free-750-classic/7702643738.html	True
7696170452	Eastlake 1 Bdrm Parking included	1625	eastlake		Seattle	(47.641249, -122.32697)	False	This 1 bedroom 1 Bath has fresh paint and professionally cleaned carpets. It’s in a small 6 unit building that’s very quiet. The apt has 2 storage areas included. 1 is in the apt under a a stairwell and a bigger locker in the basement. The apt has a small deck off the living area looking towards Lake Union. A 1 year lease is required and No Pets and Non Smokers only please. A parking stall is also included w your rent as is water sewer garbage costs. If 2 people rent add $85.00 for water costs. The apt is a 1/2 block from the bus to downtown and Amazon or to the UW and its campus. Nice apt in a great neighborhood close to work or school. Thanks for looking.	https://seattle.craigslist.org/see/apa/d/seattle-eastlake-bdrm-parking-included/7696170452.html	True
7697029634	Eastlake 1 Bdrm w parking & Storage	1625	eastlake		Seattle	(47.641205, -122.326992)	False	The apt is located between Downtown and the UW for an easy commute both ways. Fresh paint and professionally cleaned carpet. A deck off the living area for afternoon sun. The apt comes with off street parking and 2 storage areas.1 in the unit and 1 in the basement. A 1 year lease is required and No Pets and Non Smokers only. The apt is in a 6 unit building so very quiet and easy. I pay water sewer costs and tenant pays electricity & cable. Eastlake is a great area, close to Lake Union and the UW campus. The apt is clean and ready to rent.	https://seattle.craigslist.org/see/apa/d/seattle-eastlake-bdrm-parking-storage/7697029634.html	True
7712218832	Greenlake 1bd - Acton ~Walk to Whole Foods!	1695	ravenna		seattle	(47.673959, -122.318192)	False	"Acton (Greenlake)   ***AVAILABLE NOW!
1 bd $1695, Top Floor! dishwasher, covered balcony! laundry facility in the building, elevator, near Yuen Lui, Hawthorne Stereo, Olympic Pizza & Pasta, Salvatore Ristorante Italiano, El Camion, India Bistro, Roosevelt Barber shop, Derby salon, parking available, walk to Greenlake, Whole Foods is directly across the street! Close to UW! Near transit, I-5,  cat ok   920 NE 63rd  Seattle WA 98115 ***CALL  show contact info

https://www.cornellandassociates.com/legal-disclosure"	https://seattle.craigslist.org/see/apa/d/seattle-greenlake-1bd-acton-walk-to/7712218832.html	True
7712218689	Greenlake 2 bd - Acton - across the street from Whole Foods!	1995	greenlake		Greenlake	(47.673959, -122.318192)	False	"*Acton (Greenlake) ***AVAILABLE NOW
2 BD $1995, Corner unit! elevator, dishwasher, laundry facility on-site, near Salvatore Ristorante Italiano, Olympic Pizza & Pasta, El Camion, India Bistro, Roosevelt Barber shop, Derby Salon, parking available, walk to Greenlake, Whole Foods is directly across the street! Close to UW! Near transit, I-5, shops, restaurants, 920 NE 63rd  Seattle 98115 ***CALL  show contact info

https://www.cornellandassociates.com/legal-disclosure"	https://seattle.craigslist.org/see/apa/d/seattle-greenlake-bd-acton-across-the/7712218689.html	True
7712218050	University District 2bd! - 4222 Apts~ Near UW!	1795	university		University District	(47.657969, -122.320715)	False	"*4222 Apts (University District)***AVAILABLE NOW!
2 bd/1Ba's FROM $1795 (includes w/s/g) Juliet balcony! View of downtown Seattle! Near University of Washington and University Village! Blocks away from the Ave! Walking distance to restaurants, movie theater, access to I-5, laundry onsite, parking available, 4222 7th Ave NE Seattle 98105 – NO PETS / NO SMOKING -Please call  show contact info
 for a viewing today! 
https://www.cornellandassociates.com/legal-disclosure"	https://seattle.craigslist.org/see/apa/d/seattle-university-district-2bd-apts/7712218050.html	True
7710842504	Looking for a quiet place to unwind? Make your home with us today!	2212	green lake		Seattle	(47.681075, -122.324819)	False	"Welcome to The Loop at Green Lake Rental Information  Pricing: $2212/Month | 1 Bedroom 1 Bath | 560 - 648 sq ftLease Term: 6-Month, 7-Month, 8-Month, 9-Month, 10-Month, 11-Month, 12-Month show contact info
Apartment Amenities   ❖ Accent Walls❖ Bay Windows❖ Designer finishes❖ Dining Area❖ Double Pane Windows❖ Energy Efficient Appliances❖ Granite Countertop(s)❖ Handicap Access Units❖ High Ceilings❖ Stove❖ Luxury Vinyl Flooring❖ Office❖ Quartz Countertops❖ Stainless Steel Appliances❖ Tile backsplashes❖ Views of Green Lake in Select Units❖ Water-saving toiletsCommunity Features  ❖ 24 Hour Availability❖ Affordable Housing❖ Bicycle Storage❖ Composting❖ Corporate Housing❖ Elevator❖ Green built❖ Gym Discount❖ Online leases & rent payments❖ Roof Top Deck❖ On-Site Retail❖ Over-sized Windows❖ Package Service❖ Pet friendly❖ Planned Social Activities❖ Recycling❖ Resident mobile service app❖ Solar panels❖ Spacious rooftop deck with views of Green Lake (available to reserve)❖ Underground secured parkingAbout CommunityDescription: Start your morning with a view of the lake or a beautiful tree-lined street just outside your oversized windows. Brew coffee in your well-appointed open kitchen or step outside for a latte from Retreat. Wind down after a busy day with takeout from one of the nearby gourmet grocery stores or bring a picnic to the beautiful rooftop deck. Our studio and one-bedroom apartments offer layouts with open floor plans designed with your active urban lifestyle in mind.  Location: 407 NE 73rd St  Seattle, WA 98115  show contact info
Office Hours: Mon - Fri: 9:00 AM - 6:00 PMAdditional InformationPet Policy: 2 pets per apartment home

- $500 pet deposit 
- $50 pet rent per pet 
The following breed restrictions apply - Akita, Alaskan Malamute, Chow, Dalmatian, Doberman Pinscher, German Shepherd, Great Dane, Husky, Rottweiler, Saint Bernard, Wolf Dog Hybrids and all Pit Bull breeds. Website: https://theloopgreenlake.com/EQUAL HOUSING OPPORTUNITY45F54CC488D24F"	https://seattle.craigslist.org/see/apa/d/seattle-looking-for-quiet-place-to/7710842504.html	True
7712209635	University District 2bd! - Huang Apts~ Near UW!	1825	university		University District	(47.658418, -122.320692)	False	"*4244 (University District)***AVAILABLE NOW!
2 bd/1Ba's FROM $1825 (includes w/s/g) Juliet balcony! View of downtown Seattle! Near University of Washington and University Village! Blocks away from the Ave! Walking distance to restaurants, movie theater, access to I-5, laundry onsite, parking available, 4244 7th Ave NE Seattle 98105 – NO PETS / NO SMOKING -Please call  show contact info
 for a viewing today! 
https://www.cornellandassociates.com/legal-disclosure"	https://seattle.craigslist.org/see/apa/d/seattle-university-district-2bd-huang/7712209635.html	True
7712209566	University District 2 bd - Koru Court ~ Close to UW!	1725	university		University District	(47.666279, -122.31184)	False	"*Koru Court (Udist) ***AVAILABLE NOW!    
2 bd $1725 - Near the NEW Sound Transit Light rail University District station! covered private patio,  dishwasher, parking available, laundry facility in the building, near transit, University of Washington, Burke Gilman Trail, Greenlake, Cowen Park and Cowen Grocery Store, No Pets/No Smoking   5209 15th Ave NE Seattle 98105   ***CALL  show contact info

https://www.cornellandassociates.com/legal-disclosure"	https://seattle.craigslist.org/see/apa/d/seattle-university-district-bd-koru/7712209566.html	True
7712204154	Package Lockers, On-Site Bike Storage, Stainless Steel Appliances	1876	wallingford		Wallingford	(47.65437, -122.342296)	False	"6 Weeks Free Rent! Vacant Units Only! Prescott Wallingford 3920 Stone Way North, Seattle, WA, 98103Use the link below for more details:https://greystar.leasehomenow.com/139o01Call Now -  show contact info
 x 141OR Text 141 to  show contact info
 for more information.Welcome Home to Prescott Wallingford!1 Bedroom, 1 Bath | Approximately 545 Sq. Ft.Community Info:Prescott is conveniently located in Wallingford near Fremont, Ballard, Greenlake. Just off the Wallingford/Fremont Cut and a short walk to Gas Works and the famous Birk Gilman Trail. You'll find plenty of crafty hip spots to grab a bite, do some shopping or just enjoy the outdoors.Nestled within the greenery and quiet, tree-lined streets of Wallingford, Prescott is a residential solace near the city. Prescott is a place to relax on the rooftop, walk your dog around the neighborhood parks, and call home for many of years to come. Come visit now to find out for yourself. Unit Highlights ✧  Vinyl Floors* ✧  Walk-in Closets* ✧  Decks, patios, or private rooftop terraces* ✧  17-Foot Ceilings* ✧  Vaulted Ceilings* ✧  Full-Size In-Unit Washer and Dryer ✧  Versatile Track Lighting Systems ✧  Controlled Access Doors  ✧  Stainless Steel Appliances*Select units only.Community Highlights ✧  Night Patrol ✧  Conference Room w/ Wi-fi ✧  Community Lounge w/ Wi-fi ✧  On-Site Storage Units  ✧  Pea Patch Garden Bins  ✧  3 On-Site BBQ Grills ✧  Lease Terms from 3-13 months ✧  On-Site Bike Storage  ✧  Gated Access Parking Garage ✧  FOB Access Doors  ✧  Off-Leash Dog Run ✧  Easy Access to I-5, 99 & Bus Route 62/26 ✧  Package Lockers ✧  Fitness center ✧  Roof -Top w/ Spectacular ViewsOffice HoursMonday-Friday: 10:00AM-6:00PMSaturday: 10:00AM-5:00PMPet PolicyOur apartments accommodate up to two pets per home. Additional deposits and breed restrictions apply. Income RequirementsIncome must be 3 times the amount of rent to qualify. We do not accept Comprehensive Reusable Tenant Screening Reports as defined by and pursuant to RCW 59.18.* Floor plans are artist’s rendering. All dimensions are approximate. Actual product and specifications may vary in dimension or detail. Not all features are available in every rental home. Pricing and availability are subject to change. Rent is based on monthly frequency. Additional fees may apply, such as but not limited to package delivery, trash, water, amenities, etc. Deposits vary. Please see a representative for details.Equal Housing Opportunityd1US66wV0G0"	https://seattle.craigslist.org/see/apa/d/seattle-package-lockers-on-site-bike/7712204154.html	True
7712203688	Balconies, Beautiful, landscaped rooftop plaza	1802	ballard		Ballard	(47.669402, -122.376548)	False	"Ellinor Ballard1537 Northwest 56th Street, Seattle, WA, 98107Call Now -  show contact info
 x 81More unit details at:https://thrive.touraptnow.com/0bm7s3Live Aloft1 bedroom | 1 bath | 547 square feetFeatures: ✓  Matching quartz countertops ✓  Vinyl plank wood flooring throughout living spaces ✓  Pantry ✓  True one-bedroom apartments ✓  Superior sound proofing ✓  Courtyard anf patio ✓  Walk-in closets ✓  Concrete construction for floor-to-ceiling sound proofing ✓  Contemporary, custom two-toned cabinetry ✓  USB plug connections ✓  Ceiling fans ✓  Balconies ✓  TV wall mount ready ✓  Stainless steel appliances ✓  Olympic Mountains, cityscape & water views available ✓  Exterior sunshades ✓  Full designer backsplash ✓  Under-mount sinks in kitchen & bathroom(s) ✓  Programmable thermostatsCommunity Features: ✓  Beautiful, landscaped rooftop plaza  ✓  Rooftop lounge area ✓  Storage lockers ✓  Pet-friendly ✓  Rooftop pet park & wash station ✓  Bike storage, wash & tuning station ✓  Controlled FOB remote access ✓  Locally owned and managed ✓  Rooftop sink & barbecue ✓  Rooftop fire pit ✓  Electric car charging stations ✓  Smoke-free building ✓  Maintenance available Monday-Friday 7AM-3PM ✓  Underground parking ✓  24-hour access gym facility ✓  Controlled access bike room ✓  Free WiFi in lobby and rooftop ✓  100% residential building ✓  Garbage chuteCommunity Info:Clean, uncluttered lines, natural, abundant light, and quality materials complement a lifestyle of Scandinavian design. Combined with superior functionality, home is as comfy as it is contemporary. Ballard’s finest, designed to inspire—some even with their very own panoramic view of the water. Home doesn’t get much better than this.Office Hours:Monday-Saturday:10:00AM-6:00PM Photos and/or floor plans shown are representational and may not depict the exact layout or features of the available unit. If currently occupied, the individual unit you've selected may not be available to tour. Please contact our leasing team with any questions.Equal Housing OpportunityHJgLIj4ibH"	https://seattle.craigslist.org/see/apa/d/seattle-balconies-beautiful-landscaped/7712203688.html	True
7707897529	Flexible Monthly Payments with Flex Rent, Pet Friendly, 1/BD	1707	university district		400 Northeast 45th Street, Seattle, WA	(47.6633, -122.3022)	False	"400 Northeast 45th Street, Seattle, WA 98105CosmopolitanApartments is conveniently tucked next to the U District in Wallingford. Take aleisurely stroll down to Lake Union and enjoy lunch on the water at Ivar's orchoose from a variety of cuisine options on NE 45th St. Feel like rocking out? Pop over to the historicBlue Moon Tavern and catch a local band you're sure to love! If you like to bicycle, we are just blocks awayfrom the Burke-Gilman Trail. This trail will lead you to the vibrantneighborhoods of Fremont and Ballard or head in the other direction andadventure to the suburb of Woodinville to enjoy a brew at Red Hook Brewery.With our central Seattle location, whatever you're looking for, you will findit nearby at Cosmopolitan Apartments.Apartment Features:In Unit Washer & Dryer in One & Two Bedroom HomesOn-Site Laundry FacilityTile BathroomsHardwood Plank FlooringDishwasher in One & Two-Bedroom HomesStunning viewsCommunity Features:Parking GaragePet FriendlyTranslation Service AvailableFreeway AccessZero Deposit CommunityFitness CenterCall:  show contact info
For more information, visit us at: https://gre-apartments.com/z5y7laix/cosmopolitanPlease leave your name and contact number when replying to this posting.*Pricing and availability are subject to change daily. Photos may not be of the exact advertised unit. Please contact us today for the most up to date information!"	https://seattle.craigslist.org/see/apa/d/seattle-flexible-monthly-payments-with/7707897529.html	True
7712203345	Convenient access to downtown commutes!	2351	greenwood		Greenwood	(47.66075, -122.340538)	False	"1 bedroom | 1 bath | 520 square feetWant more information on this unit? See link (below):https://mack.touraptnow.com/105i2eWallingford's best apartment community! 45th & Interlake Ave N.Call Now -  show contact info
 x 71OR Text 71 to  show contact info
 to text our team directly. Community Info:Smith & Burns is a well-crafted community in the heart of Wallingford, WA. Located at 45th and Interlake Ave. N. you will experience true convenience and ease of living at Smith & Burns. A quality grocer, dozens of cafes, and unique boutique retail is all within a couple blocks. Feel wonderful about supporting local business and have a great time while doing it!Inside Smith & Burns, Bauhaus inspired interiors paired with local found objects, salvaged materials, and custom art create a warm environment that truly speaks to the eclectic and friendly nature of Wallingford. LEED certified, Smith & Burns is dedicated to sustainable, green living. As a resident you will enjoy privileged access to the fitness center, library, lounge, rooftop deck, coffee bar, and creative entertainment spaces! Many special touches make Smith & Burns unique like you!Live at Smith & Burns and Love Your Home!Residence Features: ✩  Quartz Counter-tops ✩  Plank Flooring ✩  Ceramic Tile ✩  GE Slate Finish Appliances ✩  Balconies on Select Units ✩  Walk In Closets in Select Units ✩  USB Outlets ✩  Modern Cabinetry ✩  Washer & Dryer in Every UnitCommunity Features: ✩  Coffee Bar ✩  Community Courtyard ✩  Library ✩  Fitness Center ✩  Orange Theory Fitness On-site ✩  Studio Art Lounge ✩  Rooftop Deck with Fire Pit & Gas GrillPet Policy:2 pet max No Breed Restrictions Income Requirements:2.5 times rent (gross)Driving Directions:Located on the corner of N 45th St and Interlake Ave NOffice Hours:Monday-Friday:9:00AM-6:00PMSaturday:10:00AM-5:00PM Equal Housing OpportunityTrendy Restaurants Seattle Public Transportation Pet Friendly Green Lake Gas Works Park Wallingford Urban Apartments Seattle University of Washington UW Medical Center University of Washington Medical Center 's Hospital University Village North Seattle College Woodland Park Zoo Seattle Apartments Ballard Freemont Queen Anne Eastlake Burke Gillmore Trail Freemont Sunday Street Market South Lake UnioniTqRkA9aWXWP"	https://seattle.craigslist.org/see/apa/d/seattle-convenient-access-to-downtown/7712203345.html	True
7712202930	Designer Lighting & Plumbing Fixtures, Quartz Countertops	2275	queen anne		seattle	(47.632569, -122.342338)	False	"UP TO 8 WEEKS FREE RENT & 3 MONTHS FREE PARKING*! This is a 1 Bedroom, 1 Bath, Approximately 493 Sq. Ft. Want more info? See the link below:https://thrive.touraptnow.com/0a1smtCall Now -  show contact info
 x 182DAZZLING NEW HOMES NOW PRE-LEASING IN SOUTH LAKE UNIONCommunity Info:Enter a world of cosmic beauty and luxurious living at Stellar, located in South Lake Union, Seattle's premier waterfront neighborhood. Inspired by the dazzling stars and galaxies of our universe, Stellar offers a chance to escape the ordinary and embrace the extraordinary. From our exquisite apartment homes to our shimmering rooftop lounge with awe-inspiring city views, every detail is designed to take your living experience to astronomical heights. Whether you're a stargazer, a dreamer, or simply someone who craves a touch of magic in your life, we invite you to claim your corner of the cosmos right here at Stellar.Features: ‣  In-Unit Washer & Dryer ‣  Stainless Steel Appliances ‣  Private, Landscaped Patios * ‣  Condo-Quality Built-In Mudroom & Shelving ‣  Choice of Light or Dark Color Schemes ‣  Two-Tone Cabinetry ‣  Designer Lighting & Plumbing Fixtures ‣  Floor-to-Ceiling Windows ‣  Pantry * ‣  Air Conditioning ‣  Quartz Countertops ‣  Luxury Vinyl Plank Flooring Throughout ‣  Walk-In Closets * ‣  Kitchen Island ** Only available in select unitsCommunity Amenities: ‣  Multi-Level Car Stacker System ‣  State-of-the-Art Fitness Center ‣  Skygazer Lounge w/Fireplace, Kitchen/Bar & Stunning Views ‣  Co-Working Space ‣  Standard Garage Parking ‣  Pet Grooming Station ‣  EV Charging Stations ‣  Grand Lobby Entrance ‣  Storage Units ‣  Yoga Center ‣  Rooftop Deck with Skyline & Lake ViewsPet Policy:We are a pet-friendly community! Please contact our leasing office for specific policies and related charges. Stellar Apartments 1405 Dexter Ave N, Seattle, WA, 98109Photos and/or floor plans shown are representational and may not depict the exact layout or features of the available unit. If currently occupied, the individual unit you've selected may not be available to tour. Please contact our leasing team with any questions.Equal Housing OpportunitynwEtFxJHs416"	https://seattle.craigslist.org/see/apa/d/seattle-designer-lighting-plumbing/7712202930.html	True
7712202430	Hot Spot next to Hot Pot! Food and Fun Near By!	2535	green lake		Green Lake	(47.680426, -122.32406)	False	"1 bedroom | 1 bath | 764 square feetUse this link for more information:https://thrive.touraptnow.com/9xeca1ONE NEIGHBORHOOD. TWO LUXURY APARTMENT COMMUNITIES.Call Now -  show contact info
 x 84 Community Info:Where you live is a reward that stimulates the senses and excites the mind. Meet Green Lake Village and The Eddy, a community that offers just that – stylish apartment homes with sleek, modern interiors and thoughtfully designed amenity spaces.Green Lake is a connected community built for and around the outdoor enthusiasts. Everything you need to make the most of life in Seattle is within reach.Residence Features: ✩  Oversized Closets* ✩  Distinctive Wood-Style Flooring ✩  Gourmet Kitchens ✩  Designer Finishes with Accent Walls* ✩  Open-Concept Living Areas ✩  Contemporary Lighting ✩  High-Efficiency Full-Size Front-Loading Washers & Dryers ✩  Personal Balconies or Patios* ✩  Plush Carpeting in Bedrooms ✩  Energy-Efficient Lighting ✩  Quartz Countertops Throughout ✩  Energy-Efficient, Dual-Pane Windows ✩  LEED-Silver Certification ✩  Modern Track Lighting in Kitchens & Dining Spaces ✩  Expansive Ceilings* ✩  Modern Custom-Wood Cabinetry ✩  Complete Stainless-Steel Appliance PackageCommunity Features: ✩  24-Hour Fitness Center with Top-of-the-Line Equipment ✩  Additional Storage Available* ✩  Community Kayak and Paddle Board ✩  Indoor Bike Storage ✩  Surrounded by Restaurants, Entertainment & Shopping ✩  Wi-Fi Access in Common Areas ✩  Retail Experiences within Walking Distance ✩  Concierge Conveniences (Dry Cleaning, etc.) ✩  92 Walkscore ✩  Resident Lounge with Flat-Screen TVs & Pool Table ✩  Smoke-Free Community ✩  Excellent Freeway Access ✩  Breathtaking City & Mountain Views ✩  Reservable Club Room with Pool Table, Full Kitchen & two TV's ✩  Community Barbecue Grilling Stations ✩  Outdoor Courtyard ✩  Short Walk to Parks & Recreational Activities ✩  Expansive Roof Deck/Club Room with Panoramic Views ✩  Spectacular Skyline Vistas ✩  Easy Access to Public Transportation ✩  Controlled-Access Community ✩  We Love Pets!*Pet Policy:Restricted animals and/or breeds include, but are not limited to, the following: 1. Animals: Reptiles (snakes, iguanas) Ferrets, Skunks, Raccoons, Squirrels, Rabbits, Birds (parrots, cockatiels, macaws) 2. Breeds: Cane Carsos, Pit Bulls, Rottweilers, Doberman Pinschers, Any hybrid or mixed breed of one of the Income Requirements:2.5 times the rentOffice Hours:Monday-Friday: 10:00AM-6:00PMSaturday: 9:00AM-6:00PMSunday: 10:00AM-5:00PMPhotos and/or floor plans shown are representational and may not depict the exact layout or features of the available unit. If currently occupied, the individual unit you've selected may not be available to tour. Please contact our leasing team with any questions.Equal Housing OpportunityRFwdf7HzQg"	https://seattle.craigslist.org/see/apa/d/seattle-hot-spot-next-to-hot-pot-food/7712202430.html	True
7705459623	Tranquility can be yours! Serene 1 bed / 1 bath in Seattle	2212	green lake		Seattle	(47.681075, -122.324819)	False	"The Loop at Green Lake show contact info
  Unit Details: 1-BR 1-BA | Square Footage: 560 - 648 sq ft | Rental Rates: $2212/Month! Lease Length: 6-Month, 7-Month, 8-Month, 9-Month, 10-Month, 11-Month, 12-MonthApartment Features:− Attached Garage− Blinds− Double Pane Windows− Energy Efficient Appliances− Energy efficient lighting− Garbage Disposal− Granite Countertop(s)− High Ceilings− Juliet balconies in Select Units− Microwave− Luxury Vinyl Flooring− Office− Quartz Countertops− Stainless Steel Appliances− Tile backsplashes− Views of Green Lake in Select Units− Water-saving toiletsAbout Our Community:Located in the center of the city, The Loop is just a 10-minute drive to Northgate, Ballard, Fremont or the University of Washington. For residents who work for one of the city's major employers in South Lake Union or downtown Seattle, Green Lake is home to many transit options and easily accessible bike lanes, and it's just minutes from both I-5 and Highway 99.Wonderful Amenities:− Accepts Electronic Payments− Affordable Housing− Corporate Housing− Drip-system irrigation− Elevator− Green built− Gym Discount− Off Street Parking− Online Leasing− On-Site Maintenance− On-Site Retail− Over-sized Windows− Package Service− Pet friendly− Planned Social Activities− Recycling− Resident mobile service app− Solar panels− Spacious rooftop deck with views of Green Lake (available to reserve)− Underground secured parking Contact Information:Address: 407 NE 73rd St Seattle, WA 98115  show contact info
 Website: https://theloopgreenlake.com/Pet Policy: 2 pets per apartment home

- $500 pet deposit 
- $50 pet rent per pet 
The following breed restrictions apply - Akita, Alaskan Malamute, Chow, Dalmatian, Doberman Pinscher, German Shepherd, Great Dane, Husky, Rottweiler, Saint Bernard, Wolf Dog Hybrids and all Pit Bull breeds.EQUAL HOUSING OPPORTUNITY45F54CC488D24F"	https://seattle.craigslist.org/see/apa/d/seattle-tranquility-can-be-yours-serene/7705459623.html	True
7712202048	Spacious Two Bedroom, Two Bathroom in Ballard	2865	ballard		Ballard	(47.66862, -122.370896)	False	"Koi1139 NW Market Street, Seattle, WA, 98107Call Now -  show contact info
 x 111OR Text 111 to  show contact info
 to text our team.Want more information? Follow this link:https://greystar.leasehomenow.com/4u9607Inspired Lifestyle2 bedroom | 2 bath | 924 square feetFeatures: ✓  Hardwood flooring ✓  Washer & Dryer in unit ✓  Spacious closets ✓  Large windows ✓  Luxurious Bathroom ✓  Abundant Natural Light ✓  Private patios on every unit  ✓  Stainless Steel Whirlpool Appliances  ✓  Granite CountertopsCommunity Features: ✓  Extra Storage closets starting at $95 per month ✓  Fantastic Coffee Machine w/ espresso, hot cocoa and more!  ✓  Easy access to public transportation ✓  Walk to Ballard Farmers Market ✓  Resident Website w/ Online Bill Pay, Work Orders and more ✓  24 hour fitness center with State of the art cardio studio and Strength training equipment ✓  Rooftop deck w/ views, TV & Wi-Fi access ✓  Controlled access property ✓  Smoke-free building ✓  Electric car charging stations ✓  WalkScore = 92 ✓  Courtyard with massive gas fire pit ✓  2 Gas BBQ Grilling areas  ✓  Package Concierge Lockers for 24 hour access ✓  Spacious Clubhouse with Fireplace ✓  Reserved, garage parking space for $175 monthly ✓  Bicycle Garage for $20 monthlyCommunity Info:Right off Market Street in the scenic and popular Ballard neighborhood, Koi offers it's residents a slice of modern living at it's fullest. Koi has spacious apartment homes to fit every lifestyle. Come see today! Pet Policy:KOI treats your pets are a part of the family, with complimentary treats at the office every day! -2 pet maximum per apartment home -Pet deposit of $300 -Pet Rent of $50 per pet Restricted Breeds: Pit Bull Terriers/Staffordshire Terriers, Rottweiler's, Doberman Pinschers, Chows, Presa Canarios, Akitas, Alaskan Malamutes, Wolf-Hybrids Please contact our leasing professionals for more information. Income Requirements:Applicant's gross income must be 2.5 times the monthly rent. Guarantors accepted! Must have 5x the monthly rent as income and good credit.Office Hours:Monday-Friday: 10:00AM-6:00PMSaturday: 10:00AM-5:00PM We do not accept Comprehensive Reusable Tenant Screening Reports as defined by and pursuant to RCW 59.18.* Floor plans are artist’s rendering. All dimensions are approximate. Actual product and specifications may vary in dimension or detail. Not all features are available in every rental home. Pricing and availability are subject to change. Rent is based on monthly frequency. Additional fees may apply, such as but not limited to package delivery, trash, water, amenities, etc. Deposits vary. Please see a representative for details.Equal Housing Opportunityd9At7ZYJbh"	https://seattle.craigslist.org/see/apa/d/seattle-spacious-two-bedroom-two/7712202048.html	True
7712198673	1 Bed 1 Bath W/ 24 Hour Concierge, A/C, Parking! 4-6 Weeks Free!	3095	seattle		Denny Triangle	(47.637195, -122.340702)	False	"4-6 Weeks Free! Met Tower 1942 Westlake Avenue, Seattle, WA, 98101More unit details at:https://avenue5.aptfeatures.com/012o5dCall Now -  show contact info
 x 55OR Text 55 to  show contact info
 to contact our leasing team.WELCOME TO MET TOWER1 Bedroom, 1 Bath | Approximately 751 Sq. Ft.Community Info:Met Tower delivers the best of both worlds – the comforts of your own home while providing all the luxury and convenience of a 5-star hotel. Not enough? You will also enjoy a host of newly renovated amenities exclusive for residents; private balcony/patio, 24-hour personalized Concierge Service, Indoor Swimming Pool, Spa, Fitness Center - all opening early 2024! Residents receive a complimentary 24-Hour Fitness membership while the amenities are closed for renovation. Our community is located in the heart of Seattle (98101), we are directly across the street from Amazon so there is no better commute for all you Amazonians! Did we mention that we are in walking distance to some of the most amazing restaurants and retail in all of Seattle, well we are! We also have some of the most convenient transportation within blocks of our community! If that isn’t your style, then our convenient parking garage will be perfect to keep your car at your fingertips to hit the open road.You can’t beat the 360 degrees of breathtaking views; from Elliot Bay and the Olympics to the Cascades, each one of our homes offer views that rival any Instagram account and makes you want to have your iPhone on the ready for the next time the sun sets. Unit Highlights ✧  Welcome to this stunning 751 square foot one bedroom, one bath apartment, perfectly situated facing west. The apartment boasts an airy and bright atmosphere thanks to its large windows, allowing an abundance of natural light to flood in. The gourmet kitchen, complete with a convenient breakfast bar, offers a stylish and functional space for culinary adventures. Moreover, lucky residents on the 19th floor and above may enjoy breathtaking views of the picturesque Puget Sound.Community Highlights ✧  Access to South Lake Union Trolley right outside ✧  Barolo Restaurant, Pho Bac Restaurant, Petra Bistro, La Caviste Wine Bar & Bridget Singh DDS all On Site ✧  Cats and large dogs welcome, private pet area on rooftop ✧  Stunning New Lobby ✧  Controlled access to building and garage ✧  On-site management and maintenance ✧  Underground parking and private garages available ✧  24 hour concierge service ✧  Elevator ✧  Zipcars in Parking Garage ✧  Directly across the street from Amazon Doppler ✧  WI-FI in all common areasOffice HoursMonday-Sunday: 9:00AM-6:00PMPet PolicyBFF's Welcomed! Monthly Pet Rent of $50. We have no weight limit restriction. Certain breed restrictions apply. Call today for more details! Equal Housing Opportunity6uy2U6GGqK"	https://seattle.craigslist.org/see/apa/d/seattle-bed-bath-24-hour-concierge-c/7712198673.html	True
7712179745	Brand New 1 Bed w/balcony in Queen Anne *Space Needle Views*	2195	queen anne		seattle	(47.6339, -122.3476)	False	"Discover a new standard of urban living at The Verra, our brand-new apartment complex nestled in the vibrant Queen Anne neighborhood. Perfectly positioned with amazing views of Elliot Bay, the Space Needle, and the beautiful city below. Boasting a perfect blend of contemporary design and thoughtful amenities, The Verra is where luxury meets convenience.

You’re just a walk away from charming restaurants, coffee shops, shopping centers, and entertainment! Experience the ultimate convenience with our in-unit washer and dryer, making laundry day a breeze. Immerse yourself in natural light and breathtaking views through our expansive floor-to-ceiling windows, creating a bright and airy living space. Embrace an active lifestyle with our secure bike storage facilities, encouraging green and healthy commuting. Elevate your living experience with our stunning rooftop, complete with a grill and a cozy fire pit. Whether you're entertaining friends or enjoying a quiet evening, The Verra rooftop is the perfect place to unwind. Stay comfortable year-round with air conditioning ports available in select units, providing a cool escape during warmer months. Some units offer the added luxury of private balconies, allowing you to soak in the city views!

Apartment Amenities:
Laundry In-unit
Private balconies in select units
Floor to ceiling windows
Refrigerator, microwave, and dishwasher
Quartz countertops with stainless steel appliances
Cooktop in studio units
Full range stove in 1-bedrooms
Full bathrooms in some units
Walk-in closet in some units
Murphy Bed frame with additional storage and fold-out table in studio units
AC ports in select units
Pet friendly upon approval

Community Features:
Secured building with package hub
Bike storage
Garage Parking Available
Rooftop deck with cozy fire pit and grills
24-hour maintenance
Views of Elliot Bay, Space Needle, and the city below
Commuters paradise
Close to restaurants, shopping, and entertainment

6, 9, and 12 Month Lease Available!
Water/Sewer individually metered by unit.
Trash prorated by building occupancy.
Application $45 per person / adult. Available Now, First & Deposit.
Refundable Security Deposit: $1000
1 pet and 35lbs max, no aggressive breeds - $30 pet application - $300 refundable pet deposit and $35 monthly pet rent

**TO SCHEDULE A SHOWING***: https://showmojo.com/l/6d1c054082

Renter's legal liability insurance is required and part of the Benefit Package ($30 monthly). If qualifying legal liability insurance is purchased by the tenant separately and proved, the Benefit package is reduced to $15 monthly. https://cdn2.hubspot.net/hubfs/6555172/Resident-Benefits-Package-flyer.pdf

Professionally managed by: Real Property Associates, Inc.

Video Tour Available
*Applicant Criteria - https://cdn2.hubspot.net/hubfs/6555172/RPA-Application-Criteria.pdf
**Please visit our company site at rentseattle.com for accurate information regarding unit pricing and availability

Bike Storage
Brand New Build
City Views
Close To Entertainment/Restaurants/Shopping
Commuter Friendly
Courtyard
Covered Balcony
Full Kitchen
Garage Parking Available
Private Balcony
Quartz Counter Tops
Rooftop Fire Pit
Rooftop Grills
Secured Building
Small Pet Friendly
Space Needle View
Water Views"	https://seattle.craigslist.org/see/apa/d/seattle-brand-new-bed-balcony-in-queen/7712179745.html	True
7712191588	24-hour on-line concierge and management services	2571	fremont		Fremont	(47.650809, -122.342425)	False	"The Hayes3627 Stone Way N, Seattle, WA, 98103Call Now -  show contact info
 x 30OR Text 30 to  show contact info
 to chat!Interested in more information? Visit link below:thehayesapartments.com/Welcome to The Hayes on Stone Way1 bedroom | 1 bath | 765 square feetFeatures: ✓  Several homes with west and south (Lake Union) facing views ✓  Some units utilize sliding glass dividers for maximizing interior space ✓  Louver blinds ✓  Stainless steel kitchen sinks with pull-out designer selected plumbing fixtures ✓  Energy Star rated Whirlpool appliances, including microwave, dishwasher and range/oven, and full-size washer and dryer in each home ✓  Quartz slab countertops in kitchens and baths ✓  Tall ceilings and large, operable windows ✓  Noise-absorbing, soft commercial vinyl plank floors paired with carpet in bedrooms ✓  2 distinct and sophisticated color palette choices in appealing, modern tones ✓  Energy efficient lighting including versatile track lighting systems custom configured to each floor plan ✓  High-speed data wiring ✓  Many homes with private terraces ✓  European style cabinets with brushed nickel hardware accents ✓  Efficiently designed and inviting floor plans with ample kitchen storageCommunity Features: ✓  Luxer One package locker system with 24/7 secured access ✓  Locally commissioned artwork ✓  Business Center with workspaces and whiteboards ✓  Bike storage, maintenance station, and bike wash area ✓  Acoustical sound engineered throughout the building ✓  Pet washroom ✓  Media Room: movie screen, terraced seating, and entertainment bar ✓  Fitness room loaded with professional-grade equipment ✓  Game Room with bar, lounge area, community refrigerator, and shuffleboard ✓  24-hour on-line concierge and management services ✓  Controlled access entry system ✓  Street-level retail space ✓  Resident rooftop deck with spectacular views, bar seating areas, lounge chairs, heaters, BBQs, Outdoor TV, community garden, and fire pitsCommunity Info:Are you looking for apartments in Fremont, Seattle? The Hayes on Stone Way offers a mix of modern studio, one-, and two-bedroom floor plans that fit your lifestyle and needs. Each apartment is designed to fit your unique individuality. The picturesque, modern exterior of our apartment building is combined with luxurious amenities inside each apartment. Residents will also love our modern community amenities.All of our apartment and community features are coupled with being in a fantastic location, within close proximity to local restaurants, parks, and shopping. Contact us today to schedule a tour of our apartments in Fremont Seattle.Office Hours:Monday-Friday: 9:00AM-6:00PMSaturday-Sunday: 10:00AM-5:00PMEqual Housing Opportunity3EqMhGhSqkK"	https://seattle.craigslist.org/see/apa/d/seattle-24-hour-on-line-concierge-and/7712191588.html	True
7712189420	1 month free!! Steps From The Lightrail And Greenlake.	3085	ravenna		Roosevelt	(47.67712, -122.320038)	False	"2 bedroom | 2 bath | 964 square feetInterested In This Unit? Use this link for more details:https://mack.touraptnow.com/3qo047Live comfortably. Live genuinely.Call Now -  show contact info
 x 49OR Text 49 to  show contact info
 to chat! Community Info:Live at Eleanor and live genuinely Northwest. Inspired by the “First Lady of the World”, Eleanor on Roosevelt values sustainability, authenticity, and individuality. Stylish Seattle Living right in the heart of the Roosevelt neighborhood. With modern finishes, stainless steel appliances and rich quartz counter tops, Eleanor offers a place you can call home both in comfort and style.App-Based Accessibility:Luxer Package Lockers for ease of package deliveries as well as ButterflyMX System for callbox and app-based accessibility. 24/7 Gym:With all hours access, Eleanor's fitness center is set to accommodate your busy schedule so you can work out when works best for you. Fully stocked with free weights, exercise bikes, treadmills, punching bags, and a multi-station strength machine, we've got what you need to meet an array of fitness goals.Rooftop Amenities:Enjoy Eleanor's sky lounge, just steps from your new home. With 2 floors of lounge space, featuring a full kitchen, television and upper deck pool table, our sky lounge is the perfect place to take in the incredible views of the neighborhood.Our Neighborhood:Located just minutes from Greenlake and Cowen Park, Eleanor Apartments boasts a wide array of outdoor activities at your fingertips. With the Roosevelt Lightrail Station just a block away and multiple bus lines within a few minutes' walk, you can enjoy ease of access to wherever your day might take you. Having some of the area's favorite grocers nearby, including PCC, Whole Foods, and Safeway, as well as an array of local dining options, fine eats are never hard to find.Eleanor is where integrity meets connectivity. Come see us and we'll be happy to show you your new home!Residence Features: ✩  Walk-In Closets *select homes ✩  Quartz Countertops - Stain and chip resistant ✩  Sleek, Modern Cabinetry - Simply stylish ✩  Custom Glass Tile Backsplash - For a pop of style that's easy to coordinate with. ✩  Balcony/Patio *select home ✩  Plank Flooring - Easy to clean and excellent for pet owners. ✩  A/C *select homesCommunity Features: ✩  Bike Storage and Gear Room ✩  Courtyard With Fountain ✩  Secure lockers with package tracking ✩  Storage Units ✩  Laundry Room ✩  Rooftop Deck with Grills and Fire pit ✩  Fitness Center ✩  Dog Salon ✩  Underground Parking, EV ports available  ✩  2-Story Community LoungePet Policy:2 Pet Max 70 lb. combined weight limit Income Requirements:2.5 times the monthly rentDriving Directions:Heading North-1. Merge onto I-5 North 2. Take exit 170 for Ravenna Blvd toward NE 65th St3. Follow 8th Ave NE to NE 67th St4. Continue onto 8th Ave NE5. Turn right to stay on 8th Ave NE6. Turn right onto NE 67th St7. Destination will be on your leftHeading South-1. Merge onto I-52. Take exit 171 towards NE 71st St/NE 65th St3. Take NE 70th St and 8th Ave NE to NE 67th St4. Merge onto 6th Ave NE5. Turn left on NE 70th St6. Turn right onto 8th Ave NE7. Turn left onto NE 67th St8. Destination will b e on the leftOffice Hours:Monday-Friday:9:00AM-6:00PMSaturday:10:00AM-5:00PM Equal Housing OpportunityGreenlake Lightrail Burke Gilman Trail Whole Foods University District University of Washington Walkable Close Community Public Transportation University Village Tons of Coffee Shops PetFriendly Close Veterinarian Student Friendly North Seattle College North Seattle FamilyFriendly Wonderful Restaurants Revenna Park Roosevelt High School Roosevelt Neighborhood Seattle Apartment Woodland Park ZooHC5NCP4rT"	https://seattle.craigslist.org/see/apa/d/seattle-month-free-steps-from-the/7712189420.html	True
7712190061	Currently offering six weeks free!	1795	belltown		Belltown	(47.644541, -122.349439)	False	"6 Weeks FREE on select apartment homes!  Welcome to Verve1 Bedroom, 1 Bath | Approximately 605 Sq. Ft.Want more information? Follow this link:https://thrive.touraptnow.com/4o6408ONE MONTH FREE ON ALL APARTMENTS!Call Now -  show contact info
 x 159 Community Info:Experience our Seattle apartments! Wake up to the energy of the city and form a connection with Seattle’s rich musical culture. Modern and spacious apartments in the heart of Seattle await you at the Verve. Live with passion, and embrace the spirit of Seattle just steps away from the best concerts and festivals in the city. Wake up to the energy of the city and enjoy easy access to downtown. Hugging the cusp of Queen Anne and Belltown, you'll be a stone's throw away from historical restaurants, retail, museums, and parks. Find your passion, find your verve. Stunning views of the Space Needle, Puget Sound, the Cascades, and the Olympic Mountains surround our modern apartments. Unique and Seattle-centric amenity spaces will give you options to play all year long. There’s even space for your furry best friend to chill out and enjoy the view in our community dog park. Find yourself at the center and call Verve home. Stop by our location today to schedule a tour and see our available pet-friendly Seattle apartments. Call with your questions and learn more about our urban apartment community.Residence Features: ✩  Additional Storage ✩  Stainless Steel Appliances ✩  Pantry ✩  Energy Star Appliances ✩  Washer & Dryer ✩  Glass Top Range  ✩  Space Needle, Mountain, Water and City Views  ✩  Dishwasher ✩  Granite Countertops ✩  Garbage Disposal ✩  Open Layouts ✩  Microwave ✩  Linen Closets Community Features: ✩  Reserved Resident Garage Parking ✩  Sky Lounge and Rooftop Terrace ✩  BBQ grill station ✩  Complimentary Wi-Fi ✩  Online Payments Available ✩  Resident Gatherings ✩  24-Hour Maintenance ✩  Rooftop Dog Lounge ✩  24-Hour Fitness Center ✩  Solarium ✩  Bike Storage and Storage Lockers ✩  Space Needle, Mountain, Water and City Views ✩  Board RoomPet Policy:Verve welcomes your pets. Our homes accommodate up to two pets per home. Breed restrictions. Please call for more details. Office Hours:Monday-Saturday: 10:00AM-5:00PMPhotos and/or floor plans shown are representational and may not depict the exact layout or features of the available unit. If currently occupied, the individual unit you've selected may not be available to tour. Please contact our leasing team with any questions.Equal Housing OpportunitynhmcW4mr"	https://seattle.craigslist.org/see/apa/d/seattle-currently-offering-six-weeks/7712190061.html	True
7712188700	One Month Free on Select Homes Available NOW!!!	2493	wallingford		Wallingford / Fremont	(47.65272, -122.342338)	False	"Make it Easy - Call Today for more info. This is a 1 Bedroom, 1 Bath, Approximately 696 Sq. Ft. Interested in more information? See link below:https://legacypartners.aptfeatures.com/g18i87Call Now -  show contact info
 x 66A breath of fresh air, right where you want to beCommunity Info:Bowman evokes inspired Stone Way living. Kick off your shoes and take in the views. Located right in the Wallingford neighborhood - where the city's most creative-minded restaurants and shops have made home.Easy on the eyes, and on the lifestyle. Bowman homes are relaxed modern, with splashes of serene color that add an infusion of warmth. Always sophisticated but never serious, forever comfortable but forward-looking, Bowman is stylish design.Features: ‣  Floor-to-Ceiling, Operable Windows ‣  Wood Plank Flooring ‣  Lux Finishes ‣  Expansive Ceilings Up to 11'9"" ‣  First-Floor Private Patios Opening to the Street or Courtyard ‣  Stainless Steel Appliances ‣  A Must See ‣  Washer/Dryer in Unit ‣  Islands & Quartz Peninsula Counters ‣  Juliette Balconies or Full Deck ‣  Upgrades Everywhere*Spacious Closets*Glossy Kitchen Cabinets in White or Navy Blue*Custom Pendant Lighting*Wheelchair Access*Plenty of Extra Storage with Pantry Cabinets in Kitchens and Linen Closets in Select BathroomsCommunity Amenities: ‣  Rooftop Deck with Sweeping Seattle Views ‣  Bike Racks ‣  Greenhouse Lounge & Resident Garden ‣  Rooftop Pet Park & Wash ‣  CrossFit/TRX & Cardio Fitness ‣  Great Location ‣  Tour Today*Resident Lounge with Full Kitchen*,*Shuffleboard & Foosball*OnSite Retail / Restaurants*On-Site Maintenance*Package Receiving*Night Patrol*Parking Garage*Media Room*On-Site Management*Courtyard with BBQs, Seating & Ping Pong*BBQ/Dining Deck*Extra Storage*ElevatorPet Policy:Pet Friendly - Large Dogs Up to 80lbs Office Hours:Monday-Friday 9:00-6:00Saturday-Sunday 10:00-5:00Bowman 3801 Stone Way, North, Seattle, WA, 98103Equal Housing Opportunity831OrWZi0"	https://seattle.craigslist.org/see/apa/d/seattle-one-month-free-on-select-homes/7712188700.html	True
7712172840	"""Tiny Home!"" in Wallingford - Private w/ Fire Place"	1945	green lake		seattle	(47.6733, -122.3426)	False	"Discover this quaint abode in the heart of Wallingford. Nestled in a walkable, commuter-friendly enclave, this location boasts proximity to bus lines and Highway 99, making it ideal for any type of commuter. Enjoy the convenience of having 45th Street's vibrant array of restaurants and shops, alongside nearby grocery stores and parks, including Woodland Park and Green Lake, all less than 1.5 miles away!

Step into serenity with this charming, standalone one-bedroom unit. Embrace the space of a fully equipped kitchen, an open living space with a cozy fireplace, a generously sized bedroom, and additional storage to keep your belongings in a private storage connected to the home. The space boasts comfort and privacy as it sits on the back of a quiet lot with a shared yard. Additionally, this unit is pet friendly and welcomes you and your furry friends into your new home!

12-Month Lease Available
W/S/G prorated by occupancy. Electricity tenant responsibility.
Off-street garage parking available for $175/mo
Application: $45 per person/adult. Available Now, First & Deposit.
Refundable Security Deposit: $1845
Pet possible with prior approval - $30 pet application - 1 pets max, no aggressive breeds
$300 refundable pet deposit and $35 monthly pet rent

**TO SCHEDULE A SHOWING***: https://showmojo.com/l/6df68ab007

Renter's legal liability insurance is required and part of Benefit Package ($30 monthly). If qualifying legal liability insurance is purchased by tenant separately and proved, Benefit package is reduced to $15 monthly.
https://cdn2.hubspot.net/hubfs/6555172/Resident-Benefits-Package-flyer.pdf

Professionally managed by: Real Property Associates, Inc.

In-person Tour Only
*Applicant Criteria - https://cdn2.hubspot.net/hubfs/6555172/RPA-Application-Criteria.pdf
**Please visit our company site at rentseattle.com for accurate information regarding unit pricing and availability

Close To 99
Cozy But Spacious!
Easy Street Parking
Extra Storage Available
Large Bedroon
Pantry/Storage Space
Pet Friendly
Private Home
Quiet Nieghborhod
Shared Yard
Very Walkable And Very Bikeable On Walkscore.Com
Walking Distance To Parks
Walking Distance To Stores
Wallingford/Fremont
Wood Fireplace"	https://seattle.craigslist.org/see/apa/d/seattle-tiny-home-in-wallingford/7712172840.html	True
7708927008	3 Bed/1 Bath in Fremont	2295	ballard		seattle	(47.6701, -122.3763)	False	"---- SCHEDULE A SHOWING ONLINE AT: http://showmojo.com/lt/1cd4faa00b ----

Welcome to this charming 3-bedroom, 1-bathroom apartment located a few blocks away from the heart of Fremont! The apartment features a laundry facility on-site, ensuring convenience and ease for all residents. Enjoy the fresh air and relax on the patio, providing a tranquil space to unwind after a long day. With off-street parking available on a first-come, first-serve basis, you can easily find a spot for your vehicle with ample street parking options as well. The apartment is also conveniently located close to shopping centers, making errands a breeze. Need extra storage? No problem! This apartment offers additional storage space to accommodate all your belongings.

12 Month Lease Available!
Water/sewer/garbage: $65/monthly, $35/month additional tenants
Application $45 per person / adult. Available Now!
Refundable Security Deposit: $2,195
Pet possible with prior approval, 2 pet max, no aggressive breeds - Pet app fee $30 per pet, additional $300 refundable deposit per pet, and $35 monthly pet rent per pet

***TO SCHEDULE A SHOWING***: https://showmojo.com/l/1cd4faa00b

Renter's legal liability insurance is required and part of Benefit Package ($30 monthly). If qualifying legal liability insurance is purchased by tenant separately and proved, Benefit package is reduced to $15 monthly.
https://cdn2.hubspot.net/hubfs/6555172/Resident-Benefits-Package-flyer.pdf

Professionally managed by: Real Property Associates, Inc.

*In-person Tour Only
**Applicant Criteria - https://cdn2.hubspot.net/hubfs/6555172/RPA-Application-Criteria.pdf
***Please visit our company site at rentseattle.com for accurate information regarding unit pricing and availability

Close To Shopping
Extra Storage
Fenced Backyard
First Come First Serve Parking
Pet Friendly
Very Walkable And Very Bikeable On Walkscore.Com"	https://seattle.craigslist.org/see/apa/d/seattle-bed-bath-in-fremont/7708927008.html	True
7712163330	Stunning Views, Large Windows, WD and Hardwood! A Must See!	2384	wallingford		Wallingford / Fremont	(47.65272, -122.342338)	False	"Call for more info or to schedule a self-guided or virtual tour. Bowman 3801 Stone Way, North, Seattle, WA, 98103Call Now -  show contact info
 x 106Interested In This Unit? Use this link for more details:https://legacypartners.aptfeatures.com/8u4280A breath of fresh air, right where you want to be1 bedroom | 1 bath | 712 square feetFeatures: ✓  Wood Plank Flooring ✓  Lux Finishes ✓  Juliette Balconies or Full Deck ✓  Upgrades Everywhere ✓  Stainless Steel Appliances ✓  Expansive Ceilings Up to 11'9"" ✓  Washer/Dryer in Unit ✓  Islands & Quartz Peninsula Counters ✓  First-Floor Private Patios Opening to the Street or Courtyard ✓  A Must See ✓  Floor-to-Ceiling, Operable Windows*Plenty of Extra Storage with Pantry Cabinets in Kitchens and Linen Closets in Select Bathrooms*Wheelchair Access*Spacious Closets*Custom Pendant Lighting*Glossy Kitchen Cabinets in White or Navy BlueCommunity Features: ✓  Tour Today ✓  Rooftop Deck with Sweeping Seattle Views ✓  Bike Racks ✓  Rooftop Pet Park & Wash ✓  CrossFit/TRX & Cardio Fitness ✓  Great Location ✓  Greenhouse Lounge & Resident Garden*Resident Lounge with Full Kitchen*,*Shuffleboard & Foosball*Night Patrol*Elevator*Package Receiving*OnSite Retail / Restaurants*On-Site Maintenance*Extra Storage*Courtyard with BBQs, Seating & Ping Pong*On-Site Management*BBQ/Dining Deck*Media Room*Parking GarageCommunity Info:Live the Stone Way. Bowman is North Seattle's newest apartment community. Bowman evokes inspired Stone Way living. Kick off your shoes and take in the views! Located right in Wallingford, where many of the city's most creative-minded restaurants and shops have made a home. Easy on the eyes, and on the lifestyle. Bowman homes are relaxed modern, with splashes of serene color that add an infusion of warmth. Situated in Seattle's next destination district, Bowman is a sophisticated invitation to a chill lakeside vibe. Cool, collected and completely captivating. Call us to learn more information and select your favorite floorplan. Pet Policy:Pet Friendly - Large Dogs Up to 80lbs Office Hours:Monday-Friday 9:00-6:00Saturday-Sunday 10:00-5:00 Equal Housing OpportunityruOZJ8hVB9W"	https://seattle.craigslist.org/see/apa/d/seattle-stunning-views-large-windows-wd/7712163330.html	True
7712162844	Rooftop sink & barbecue, Under-mount sinks in kitchen & bathroom(s)	2150	ballard		Ballard	(47.669402, -122.376548)	False	"Ellinor Ballard1537 Northwest 56th Street, Seattle, WA, 98107Use the link below for more details:https://thrive.touraptnow.com/n60s20Call Now -  show contact info
 x 80Live Aloft1 Bedroom, 1 Bath | Approximately 647 Sq. Ft.Community Info:Clean, uncluttered lines, natural, abundant light, and quality materials complement a lifestyle of Scandinavian design. Combined with superior functionality, home is as comfy as it is contemporary. Ballard’s finest, designed to inspire—some even with their very own panoramic view of the water. Home doesn’t get much better than this. Unit Highlights ✧  Walk-in closets ✧  True one-bedroom apartments ✧  USB plug connections ✧  Stainless steel appliances ✧  TV wall mount ready ✧  Under-mount sinks in kitchen & bathroom(s) ✧  Balconies ✧  Olympic Mountains, cityscape & water views available ✧  Exterior sunshades ✧  Programmable thermostats ✧  Contemporary, custom two-toned cabinetry ✧  Pantry ✧  Matching quartz countertops ✧  Full designer backsplash ✧  Ceiling fans ✧  Courtyard anf patio ✧  Vinyl plank wood flooring throughout living spaces ✧  Superior sound proofing ✧  Concrete construction for floor-to-ceiling sound proofingCommunity Highlights ✧  24-hour access gym facility ✧  Controlled access bike room ✧  100% residential building ✧  Rooftop fire pit ✧  Electric car charging stations ✧  Smoke-free building ✧  Locally owned and managed ✧  Pet-friendly ✧  Garbage chute ✧  Free WiFi in lobby and rooftop ✧  Underground parking ✧  Rooftop sink & barbecue ✧  Controlled FOB remote access ✧  Beautiful, landscaped rooftop plaza  ✧  Rooftop pet park & wash station ✧  Maintenance available Monday-Friday 7AM-3PM ✧  Rooftop lounge area ✧  Bike storage, wash & tuning station ✧  Storage lockersOffice HoursMonday-Saturday:10:00AM-6:00PM Photos and/or floor plans shown are representational and may not depict the exact layout or features of the available unit. If currently occupied, the individual unit you've selected may not be available to tour. Please contact our leasing team with any questions.Equal Housing OpportunityC1WLgkJtXhmq"	https://seattle.craigslist.org/see/apa/d/seattle-rooftop-sink-barbecue-under/7712162844.html	True
7712162499	Up to six Weeks free!	2021	belltown		Belltown	(47.644383, -122.362039)	False	"One Month Free on select Apartments! Verve 2720 4th Ave, Seattle, WA, 98121Use this link for more info:https://thrive.touraptnow.com/25d485Call Now -  show contact info
 x 46ONE MONTH FREE ON ALL APARTMENTS!1 Bedroom, 1 Bath | Approximately 575 Sq. Ft.Community Info:Experience our Seattle apartments! Wake up to the energy of the city and form a connection with Seattle’s rich musical culture. Modern and spacious apartments in the heart of Seattle await you at the Verve. Live with passion, and embrace the spirit of Seattle just steps away from the best concerts and festivals in the city. Wake up to the energy of the city and enjoy easy access to downtown. Hugging the cusp of Queen Anne and Belltown, you'll be a stone's throw away from historical restaurants, retail, museums, and parks. Find your passion, find your verve. Stunning views of the Space Needle, Puget Sound, the Cascades, and the Olympic Mountains surround our modern apartments. Unique and Seattle-centric amenity spaces will give you options to play all year long. There’s even space for your furry best friend to chill out and enjoy the view in our community dog park. Find yourself at the center and call Verve home. Stop by our location today to schedule a tour and see our available pet-friendly Seattle apartments. Call with your questions and learn more about our urban apartment community. Unit Highlights ✧  Garbage Disposal ✧  Linen Closets  ✧  Space Needle, Mountain, Water and City Views  ✧  Pantry ✧  Stainless Steel Appliances ✧  Open Layouts ✧  Glass Top Range  ✧  Dishwasher ✧  Energy Star Appliances ✧  Washer & Dryer ✧  Microwave ✧  Granite Countertops ✧  Additional StorageCommunity Highlights ✧  Rooftop Dog Lounge ✧  Complimentary Wi-Fi ✧  Solarium ✧  Reserved Resident Garage Parking ✧  Bike Storage and Storage Lockers ✧  24-Hour Maintenance ✧  Sky Lounge and Rooftop Terrace ✧  Board Room ✧  Space Needle, Mountain, Water and City Views ✧  BBQ grill station ✧  Resident Gatherings ✧  Online Payments Available ✧  24-Hour Fitness CenterOffice HoursMonday-Saturday: 10:00AM-5:00PMPet PolicyVerve welcomes your pets. Our homes accommodate up to two pets per home. Breed restrictions. Please call for more details. Photos and/or floor plans shown are representational and may not depict the exact layout or features of the available unit. If currently occupied, the individual unit you've selected may not be available to tour. Please contact our leasing team with any questions.Equal Housing Opportunity2cSgNVy0e1e"	https://seattle.craigslist.org/see/apa/d/seattle-up-to-six-weeks-free/7712162499.html	True
7712161936	Two-Tone Cabinetry, EV Charging Stations, Pet Grooming Station	2180	queen anne		seattle	(47.632569, -122.342338)	False	"UP TO 8 WEEKS FREE RENT & 3 MONTHS FREE PARKING*! Stellar Apartments 1405 Dexter Ave N, Seattle, WA, 98109Use this link for more information:https://thrive.touraptnow.com/wc124LCall Now -  show contact info
 x 181DAZZLING NEW HOMES NOW PRE-LEASING IN SOUTH LAKE UNION1 Bedroom, 1 Bath | Approximately 564 Sq. Ft.Community Info:Enter a world of cosmic beauty and luxurious living at Stellar, located in South Lake Union, Seattle's premier waterfront neighborhood. Inspired by the dazzling stars and galaxies of our universe, Stellar offers a chance to escape the ordinary and embrace the extraordinary. From our exquisite apartment homes to our shimmering rooftop lounge with awe-inspiring city views, every detail is designed to take your living experience to astronomical heights. Whether you're a stargazer, a dreamer, or simply someone who craves a touch of magic in your life, we invite you to claim your corner of the cosmos right here at Stellar. Unit Highlights ✧  Kitchen Island * ✧  Designer Lighting & Plumbing Fixtures ✧  Walk-In Closets * ✧  Luxury Vinyl Plank Flooring Throughout ✧  Pantry * ✧  Stainless Steel Appliances ✧  Two-Tone Cabinetry ✧  Private, Landscaped Patios * ✧  Choice of Light or Dark Color Schemes ✧  Quartz Countertops ✧  Condo-Quality Built-In Mudroom & Shelving ✧  Floor-to-Ceiling Windows ✧  Air Conditioning ✧  In-Unit Washer & Dryer* Only available in select unitsCommunity Highlights ✧  Yoga Center ✧  Storage Units ✧  Standard Garage Parking ✧  State-of-the-Art Fitness Center ✧  Skygazer Lounge w/Fireplace, Kitchen/Bar & Stunning Views ✧  Co-Working Space ✧  Grand Lobby Entrance ✧  Pet Grooming Station ✧  EV Charging Stations ✧  Rooftop Deck with Skyline & Lake Views ✧  Multi-Level Car Stacker SystemPet PolicyWe are a pet-friendly community! Please contact our leasing office for specific policies and related charges. Photos and/or floor plans shown are representational and may not depict the exact layout or features of the available unit. If currently occupied, the individual unit you've selected may not be available to tour. Please contact our leasing team with any questions.Equal Housing Opportunity6OexIs1E0WP"	https://seattle.craigslist.org/see/apa/d/seattle-two-tone-cabinetry-ev-charging/7712161936.html	True
7707229418	Open Concept, Controlled Access/Gated, Lake Views	2452	green lake		6900 East Green Lake Way N, Seattle, WA	(47.678804, -122.325617)	False	"6900 East Green Lake Way N, Seattle, WA 98115Discover the epitome of luxury living at Circa Greenlake Apartments. Wake up to stunning lake views and indulge in the contemporary design of our spacious apartments. With high-end finishes and top-notch amenities, this is where lifestyle meets convenience. Join us in experiencing the allure of lakefront living in the heart of Seattle.Unit Amenities:Huge Walk-In ClosetsWasher & Dryer in Every UnitCable ReadyHardwood FloorsHigh CeilingsNookPartial Lake ViewLive-Work HomesNatural LightWindow Coverings*In Select HomesCommunity Amenities:Short Term LeasesViews of Green LakeWiFi Access in Common AreasOnsite Office TeamGreen BuildingSteps from Green LakeCall:  show contact info
For more information, visit us at: https://livecushwake.com/scig5tix/circa-greenlake*Equal housing opportunity*"	https://seattle.craigslist.org/see/apa/d/seattle-open-concept-controlled-access/7707229418.html	True
7710757472	Refrigerator, On-Site Management, Courtyard	2312	green lake		620 North 34th Street, Seattle, WA	(47.6733, -122.3426)	False	"620 North 34th Street, Seattle, WA 98103Seattle's Fremont District is known as The Center of the Known Universe, and Epicenter apartments are an iconic extension of this very artistic community!  Fremont is an eclectic, lively colorful community where something is always happening!  Whether you visit the Fremont Troll under the bridge or take in the Sunday Farmers Market, you will love the funky character of this neighborhood that celebrates both the creative spirit and the business mind.With lively architecture and design that contribute to the local atmosphere, Epicenter is the hippest place to call home!  We offer you the best in Fremont living.  There are restaurants, shopping, entertainment, lively nightlife, and the year-round Fremont Farmers Market just outside your front door.  All this while retaining its quirky, small community charm. Just minutes from Downtown Seattle, Wallingford and South Lake Union, University District, and Ballard.Make Epicenter your new haven. Schedule a tour of our apartments for rent in Fremont, WA.Unit Amenities:Washer and Dryer in Each HomeDishwasherIndividual Climate ControlPrivate BalconyLarge ClosetsMicrowaveRangeDisposalRefrigeratorInternet and Cable Ready*In Select HomesCommunity Amenities:Elevators24-Hour AvailabilityOn-Site MaintenanceCourtyardHigh Speed InternetRooftop DeckCall:  show contact info
For more information, visit us at: https://livecushwake.com/fch4ohd2/epiPricing and availability are subject to change."	https://seattle.craigslist.org/see/apa/d/seattle-refrigerator-on-site-management/7710757472.html	True
7712144617	Live at Russell Hall - 1-Minute Walk to Campus and The Ave	2120	university		University District	(47.65832, -122.311974)	False	"1 Bedroom, 1 Bath | Approximately 635 Sq. Ft.See our property details here:https://blantonturner.touraptnow.com/30tt4kWelcome to Russell Hall!Call Now -  show contact info
 x 18OR Text 18 to  show contact info
 to contact our leasing team. Community Info:Your home should be a good fit for your lifestyle. That's why Russell Hall is carefully designed to achieve LEED certification. Whether you choose a studio or a one-bedroom apartment, wake up to inspiring, unobstructed views of downtown, Lake Union, Portage Bay, and the University District. You can park in the convenient 24-hour controlled-access garage parking. No need to hunt for a coveted parking spot, rain or shine. Or if you bike to work or around the city, Russell Hall offers convenient storage in the building that will hold your bike and still have additional space for other belongings. This means more opportunities to ride and less carbon emissions!Residence Features: ✩  Fully-equipped kitchens with stainless steel appliances ✩  All residential apartments are located on the top two floors, featuring large windows with views of the UW campus ✩  Designer porcelain countertops and tile backsplash ✩  Stacked washer and dryer in every apartment ✩  Select units feature walk-in closets, kitchen pantry storage, and stunning Seattle skyline views ✩  Open, unfurnished floorplans with maple or concrete flooring options and carpeted bedroomsCommunity Features: ✩  Paid garage parking ✩  Controlled-access entry and elevators ✩  Tour Today ✩  Free bike storage ✩  Rooftop deck garden with BBQs, dining, and relaxation ✩  Located across the street from UW and The Ave ✩  LEED Gold certifiedPet Policy:No pets are allowed at Russell Hall. Office Hours:Monday-Saturday: 9:00AM-5:00PMEqual Housing OpportunityZpRDt2Bdb"	https://seattle.craigslist.org/see/apa/d/seattle-live-at-russell-hall-minute/7712144617.html	True
7712143061	European style cabinets with brushed nickel hardware accents	2399	fremont		Fremont	(47.650809, -122.342425)	False	"This is a 1 Bedroom, 1 Bath, Approximately 628 Sq. Ft. Need more information? Copy this link:thehayesapartments.com/Call Now -  show contact info
 x 29OR Text 29 to  show contact info
 to chat!Welcome to The Hayes on Stone WayCommunity Info:Are you looking for apartments in Fremont, Seattle? The Hayes on Stone Way offers a mix of modern studio, one-, and two-bedroom floor plans that fit your lifestyle and needs. Each apartment is designed to fit your unique individuality. The picturesque, modern exterior of our apartment building is combined with luxurious amenities inside each apartment. Residents will also love our modern community amenities.All of our apartment and community features are coupled with being in a fantastic location, within close proximity to local restaurants, parks, and shopping. Contact us today to schedule a tour of our apartments in Fremont Seattle.Features: ‣  Quartz slab countertops in kitchens and baths ‣  2 distinct and sophisticated color palette choices in appealing, modern tones ‣  Stainless steel kitchen sinks with pull-out designer selected plumbing fixtures ‣  European style cabinets with brushed nickel hardware accents ‣  Efficiently designed and inviting floor plans with ample kitchen storage ‣  Some units utilize sliding glass dividers for maximizing interior space ‣  Noise-absorbing, soft commercial vinyl plank floors paired with carpet in bedrooms ‣  High-speed data wiring ‣  Energy efficient lighting including versatile track lighting systems custom configured to each floor plan ‣  Louver blinds ‣  Energy Star rated Whirlpool appliances, including microwave, dishwasher and range/oven, and full-size washer and dryer in each home ‣  Several homes with west and south (Lake Union) facing views ‣  Tall ceilings and large, operable windows ‣  Many homes with private terracesCommunity Amenities: ‣  Resident rooftop deck with spectacular views, bar seating areas, lounge chairs, heaters, BBQs, Outdoor TV, community garden, and fire pits ‣  Business Center with workspaces and whiteboards ‣  Locally commissioned artwork ‣  Bike storage, maintenance station, and bike wash area ‣  Luxer One package locker system with 24/7 secured access ‣  Pet washroom ‣  24-hour on-line concierge and management services ‣  Game Room with bar, lounge area, community refrigerator, and shuffleboard ‣  Controlled access entry system ‣  Street-level retail space ‣  Fitness room loaded with professional-grade equipment ‣  Acoustical sound engineered throughout the building ‣  Media Room: movie screen, terraced seating, and entertainment barOffice Hours:Monday-Friday: 9:00AM-6:00PMSaturday-Sunday: 10:00AM-5:00PMThe Hayes3627 Stone Way N, Seattle, WA, 98103Equal Housing Opportunityfb1OdgsNFoL"	https://seattle.craigslist.org/see/apa/d/seattle-european-style-cabinets-with/7712143061.html	True
7712141417	Everything you need in one neighborhood! Secure Today!	2200	green lake		Green Lake	(47.680426, -122.32406)	False	"This is a 1 Bedroom, 1 Bath, Approximately 587 Sq. Ft. See our property details here:https://thrive.touraptnow.com/d197d8Call Now -  show contact info
 x 83ONE NEIGHBORHOOD. TWO LUXURY APARTMENT COMMUNITIES.Community Info:Where you live is a reward that stimulates the senses and excites the mind. Meet Green Lake Village and The Eddy, a community that offers just that – stylish apartment homes with sleek, modern interiors and thoughtfully designed amenity spaces.Green Lake is a connected community built for and around the outdoor enthusiasts. Everything you need to make the most of life in Seattle is within reach.Features: ‣  Distinctive Wood-Style Flooring ‣  Personal Balconies or Patios* ‣  Modern Track Lighting in Kitchens & Dining Spaces ‣  Quartz Countertops Throughout ‣  Oversized Closets* ‣  Energy-Efficient Lighting ‣  High-Efficiency Full-Size Front-Loading Washers & Dryers ‣  Open-Concept Living Areas ‣  LEED-Silver Certification ‣  Designer Finishes with Accent Walls* ‣  Expansive Ceilings* ‣  Gourmet Kitchens ‣  Contemporary Lighting ‣  Energy-Efficient, Dual-Pane Windows ‣  Complete Stainless-Steel Appliance Package ‣  Plush Carpeting in Bedrooms ‣  Modern Custom-Wood CabinetryCommunity Amenities: ‣  Community Kayak and Paddle Board ‣  Retail Experiences within Walking Distance ‣  Easy Access to Public Transportation ‣  Surrounded by Restaurants, Entertainment & Shopping ‣  Outdoor Courtyard ‣  Additional Storage Available* ‣  Concierge Conveniences (Dry Cleaning, etc.) ‣  Excellent Freeway Access ‣  Expansive Roof Deck/Club Room with Panoramic Views ‣  Indoor Bike Storage ‣  Spectacular Skyline Vistas ‣  Smoke-Free Community ‣  We Love Pets!* ‣  Resident Lounge with Flat-Screen TVs & Pool Table ‣  Community Barbecue Grilling Stations ‣  92 Walkscore ‣  Short Walk to Parks & Recreational Activities ‣  Controlled-Access Community ‣  Wi-Fi Access in Common Areas ‣  24-Hour Fitness Center with Top-of-the-Line Equipment ‣  Breathtaking City & Mountain Views ‣  Reservable Club Room with Pool Table, Full Kitchen & two TV'sPet Policy:Restricted animals and/or breeds include, but are not limited to, the following: 1. Animals: Reptiles (snakes, iguanas) Ferrets, Skunks, Raccoons, Squirrels, Rabbits, Birds (parrots, cockatiels, macaws) 2. Breeds: Cane Carsos, Pit Bulls, Rottweilers, Doberman Pinschers, Any hybrid or mixed breed of one of the Income Requirements:2.5 times the rentOffice Hours:Monday-Friday: 10:00AM-6:00PMSaturday: 9:00AM-6:00PMSunday: 10:00AM-5:00PMGreen Lake Village and The Eddy427 NE 72nd St, Seattle, WA, 98115Photos and/or floor plans shown are representational and may not depict the exact layout or features of the available unit. If currently occupied, the individual unit you've selected may not be available to tour. Please contact our leasing team with any questions.Equal Housing Opportunityox9W9cxReiX5"	https://seattle.craigslist.org/see/apa/d/seattle-everything-you-need-in-one/7712141417.html	True
7712140804	Don't miss out! Hurry and call Campus View home for fall 2024~	1650	university district		U-District	(47.660528, -122.320637)	False	"This is a 1 Bedroom, 1 Bath, Approximately 600 Sq. Ft. Use this link for more information:https://mhe.aptfeatures.com/9obw25Call Now -  show contact info
 x 63Our beautiful homes have quality options to make you feel at home.Community Info:As Seattle’s premier UW off-campus housing, Campus View & Avalon on 7th offer a range of spacious, recently remodeled residences with different floor plan options. Choose from Studio, 1, 2 & 3 bedroom Seattle U District apartments featuring a prime location and desirable amenities – including a controlled access garage, rooftop deck, and more. Our professional, on-site management and maintenance staff keeps everything running smoothly!Our Seattle U District apartments are just blocks away from the University of Washington, making it easy to commute to class and meet up with friends! We’re walking distance to many popular eateries, coffee shops, bars and stores in the University District. It’s also just a quick bus or car ride to the heart of downtown Seattle.Contact us today to see how you can call Campus View or Avalon, the top student housing in Seattle, your home away from home! Our office can answer any questions you may have and get you scheduled for a tour.Campus View has two unique UW off-campus housing options located right next door to one another.Campus View I: Offering 2 and 3 bedroom homes, complete with granite counter tops, vinyl flooring, large bedrooms and spacious closets. Some of our University District apartments even feature spectacular views of The Space Needle, Lake Union, Mt. Rainier and Downtown.Campus View II: Offering1, 2 and 3 bedroom homes, complete with stone counter tops, stainless steel appliances, vinyl flooring, spacious closets, and private balconies. Some of the options also feature vaulted ceilings and a skylight in the living room.Just steps from Campus View you will find Avalon on 7th.Avalon on 7th: Offering Studio, 1 Bedroom, 2 Bedroom and 3 Bedroom homes, complete with new appliances, new flooring, new lighting, and some even offer balconies and lofts. These spacious open layouts will make you feel right at home! You won’t find better UW off-campus student housing in Seattle!Features: ‣  Stainless Steel Appliances (select units) ‣  Granite Countertops ‣  Oven Range ‣  Refrigerator ‣  Vaulted Ceilings ‣  Private Balcony ‣  City & Mountain Views ‣  Dishwasher ‣  Gourmet KitchenCommunity Amenities: ‣  Roof Top terrace ‣  Garbage & Compost Disposal ‣  Public Parking ‣  Recycling ‣  On-site Management ‣  Elevator ‣  Package Locker ‣  24-Hour Emergency Maintenance ‣  Laundry Facility ‣  Reserved Parking ‣  Access to Public Transportation ‣  Controlled Access EntriesPet Policy:No pets Income Requirements:Proof of income from employment Office Hours: M - F: BY APPOINTMENT S - SU: CLOSEDCampus View & Avalon on 7th4322 7th Ave NE, Seattle, WA, 98105Equal Housing OpportunityfT31LlxIE6f"	https://seattle.craigslist.org/see/apa/d/seattle-dont-miss-out-hurry-and-call/7712140804.html	True
7704653244	Spectacular luxury living! We set the standard at The Loop at Green Lake	2212	green lake		Seattle	(47.681075, -122.324819)	False	"1 Bedroom  1 Bathroom | 560 - 648 sq ft | $2212/Month The Loop at Green Lake407 NE 73rd St Seattle, WA 98115 show contact info
Description: The Loop at Green Lake is located in the heart of Green Lake, one of Seattle's most active and vibrant neighborhoods. Whether you spend your days walking your dog around the neighborhood and paddle boarding on the lake or enjoying water views from your well-designed studio or one-bedroom apartment, The Loop fits your lifestyle. When it's time to head to the office, bike lanes and bus lanes are right outside your front door. Apartment Amenities:❖ Attached Garage❖ Bathtub/Shower❖ Bay Windows❖ Cable or Satellite Ready❖ Designer finishes❖ Dishwasher❖ Handicap Access Units❖ In-unit washer & dryer❖ Juliet balconies in Select Units❖ Refrigerator❖ Luxury Vinyl Flooring❖ Office❖ Quartz Countertops❖ Stainless Steel Appliances❖ Tile backsplashes❖ Views of Green Lake in Select Units❖ Water-saving toiletsOur Residents Enjoy:❖ Accepts Electronic Payments❖ Access to Lake❖ Affordable Housing❖ BBQ with Lounge Area on the Rooftop❖ Bicycle Storage❖ Controlled Access❖ Off Street Parking❖ Online Leasing❖ On-Site Maintenance❖ On-Site Property Manager❖ On-Site Retail❖ Over-sized Windows❖ Package Service❖ Pet friendly❖ Planned Social Activities❖ Recycling❖ Resident mobile service app❖ Solar panels❖ Spacious rooftop deck with views of Green Lake (available to reserve)❖ Underground secured parkingAdditional Details:Deposit: $500Terms: 6-Month, 7-Month, 8-Month, 9-Month, 10-Month, 11-Month, 12-MonthPets: 2 pets per apartment home

- $500 pet deposit 
- $50 pet rent per pet 
The following breed restrictions apply - Akita, Alaskan Malamute, Chow, Dalmatian, Doberman Pinscher, German Shepherd, Great Dane, Husky, Rottweiler, Saint Bernard, Wolf Dog Hybrids and all Pit Bull breeds. show contact info
Website: https://theloopgreenlake.com/EQUAL HOUSING OPPORTUNITY45F54CC488D24F"	https://seattle.craigslist.org/see/apa/d/seattle-spectacular-luxury-living-we/7704653244.html	True
7714220313	Dishwasher, Large Windows, Pet Friendly, Rooftop Grills	3199	seattle		24 Etruria Street, Seattle Wa 98109	(47.647731, -122.357797)	False	"Henry24 Etruria St , Seattle, WA, 98109Call Now -  show contact info
 x 41OR Text 41 to  show contact info
 to chat!Interested In This Unit? Use this link for more details:www.henryseattle.com/A haven to call home in North Queen Anne1 bedroom | 1 bath | 1011 square feetFeatures: ✓  Garbage Disposal ✓  Stainless Steel Appliances ✓  Wood-Style Flooring ✓  Subway Tiles* ✓  Large Windows ✓  Vaulted Ceilings* ✓  Balcony/Patio ✓  Washer/Dryer ✓  Quartz Countertops ✓  Walk-in Closets* ✓  Refrigerator ✓  DishwasherCommunity Features: ✓  Parking Garage ✓  Pet Friendly ✓  Onsite Management ✓  Courtyard ✓  Resident Lounge ✓  Rooftop Grills ✓  Recycling ✓  Secure Package Service ✓  Rooftop Lounge ✓  Controlled Access ✓  Online Rental PaymentsCommunity Info:Henry in Seattle offers 22 different unit layouts, ranging from studios to a variety of one-bedroom options that include open, traditional, lofted, and even live/work floor plans. Henry is nestled within the greenery and tree-lined streets of North Queen Anne, where you can enjoy a quiet, tranquil setting while still being near great schools and universities, major local employers, shopping, and outdoor fun.Office Hours:Monday-Friday: 9:00AM-6:00PMEqual Housing OpportunityTMpR6dAboqD"	https://seattle.craigslist.org/see/apa/d/seattle-dishwasher-large-windows-pet/7714220313.html	True
7714220239	Bike Repair Station - Fully Equipped, Outdoor hot tub, Tile Floors	1932	ballard		Ballard-Seattle	(47.670811, -122.385102)	False	"Ballard On the Park2233 NW 58th Street , Seattle, WA, 98107Call Now -  show contact info
 x 15OR Text 15 to  show contact info
 to text with us.Interested In This Unit? Use this link for more details:https://greystar.leasehomenow.com/14xv59Experience hygge at Home on the Park1 bedroom | 1 bath | 669 - 1061 square feetFeatures: ✓  Disposal ✓  Linen Closet ✓  Window Coverings ✓  Freezer ✓  Vaulted Ceiling ✓  Instant Hot Water ✓  Tile Floors ✓  Stainless Steel Appliances ✓  Kitchen ✓  Dining Room ✓  Views ✓  Island Kitchen ✓  Ice Maker ✓  Microwave ✓  Eat-in Kitchen ✓  Den ✓  Oven ✓  Carpet ✓  Pantry ✓  Range ✓  Dishwasher ✓  Walk-In Closets ✓  Granite Countertops ✓  RefrigeratorCommunity Features: ✓  Property Manager on Site ✓  Courtyard ✓  Package Lockers ✓  Media room/theater ✓  24hr. Business center ✓  Controlled Access ✓  High-speed internet access ✓  Green and flowered areas ✓  24hr. Emergency maintenance ✓  Covered parking for some cars ✓  Cable Ready ✓  On-call Courtesy Patrol ✓  BBQ/Picnic Area ✓  Outdoor hot tub ✓  Well maintained grounds ✓  Short-term lease ✓  Security System ✓  Conference/Meeting room ✓  Walk to bus line ✓  Community web site ✓  Intercom entry system ✓  Pet Washing Station ✓  Wired for high-speed internetPackage Service ✓  Bike Repair Station - Fully Equipped ✓  Controlled building access ✓  Professional Demonstration KitchenCommunity Info:In a neighborhood historically called Little Scandinavia, Ballard on the Park embodies the Danish concept of deep contentment and cozy well-being—known as hygge—by blending an inviting, convivial atmosphere with the warm wood tones and clean lines of contemporary Scandinavian design. Come home to a comfortable studio, one or two bedroom home that pairs an intuitive layout and modern features with access to resident amenities that enhance your relaxation and satisfaction. Your journey begins here.Pet Policy:We welcome 2 pets per apartment home. There is a $300 pet deposit per pet, and a $50 monthly pet rent. Cats and dogs are allowed. Other animals must remain in a cage. Please call for complete pet policy information. Other animals must remain in a cage. Office Hours:Monday-Saturday: 9:00AM-6:00PM We do not accept Comprehensive Reusable Tenant Screening Reports as defined by and pursuant to RCW 59.18.* Floor plans are artist’s rendering. All dimensions are approximate. Actual product and specifications may vary in dimension or detail. Not all features are available in every rental home. Pricing and availability are subject to change. Rent is based on monthly frequency. Additional fees may apply, such as but not limited to package delivery, trash, water, amenities, etc. Deposits vary. Please see a representative for details.Equal Housing Opportunity59SESoFqnE6"	https://seattle.craigslist.org/see/apa/d/seattle-bike-repair-station-fully/7714220239.html	True
7708272430	Close to Public Transportation, Window Coverings, Nook	3225	green lake		6900 East Green Lake Way N, Seattle, WA	(47.678804, -122.325617)	False	"6900 East Green Lake Way N, Seattle, WA 98115Circa Greenlake is your urban oasis in the heart of Seattle. Enjoy the perfect blend of modern convenience and natural beauty. Our apartments feature sleek designs, top-notch amenities, and easy access to the vibrant Green Lake scene. Discover the joy of living at Circa Greenlake – where city living meets lakeside tranquility.Unit Amenities:Huge Walk-In ClosetsWasher & Dryer in Every UnitCable ReadyHardwood FloorsHigh CeilingsNookPartial Lake ViewLive-Work HomesNatural LightWindow Coverings*In Select HomesCommunity Amenities:Short Term LeasesViews of Green LakeWiFi Access in Common AreasOnsite Office TeamGreen BuildingSteps from Green LakeCall:  show contact info
For more information, visit us at: https://livecushwake.com/fpvciyb2/circa-greenlake*Equal housing opportunity*"	https://seattle.craigslist.org/see/apa/d/seattle-close-to-public-transportation/7708272430.html	True
7714219492	"Discover what it feels like to love where you live at ""Viktoria Apts!"""	2374	belltown		Pike Place, Belltown, Downtown Seattle	(47.635946, -122.353138)	False	"Viktoria1915 Second Avenue, Seattle, WA, 98101More unit details at:https://greystar.leasehomenow.com/901nh1Call Now -  show contact info
 x 123OR Text 123 to  show contact info
 to contact our leasing team.Luxury Living Above Seattle1 Bedroom, 1 Bath | Approximately 500 Sq. Ft.Community Info:Above the city, Viktoria brings a new luxury high-rise living experience to downtown Seattle. A home filled with expansive horizons and natural beauty, adorned with Northwest-modern design and exclusive amenities. A location where downtown and Pike Place Market converge, offering a unique mix of the city's vibrant neighborhoods. Unit Highlights ✧  Large Walk-In Closets* ✧  Oversized Balconies* ✧  Expansive Floor-to-ceiling Windows* ✧  Quartz Countertops in Kitchens and Bathrooms ✧  Luxury Water and City Views* ✧  Sliding Glass Bedroom Doors* ✧  Air-conditioned Climate Control* ✧  Hardwood Floors throughout Living Areas ✧  Custom Carpeting in Bedrooms ✧  Modern Color Palette for Finishes ✧  Contemporary Cabinetry ✧  Stainless Steel Energy Efficient Appliance Collections*in select homesCommunity Highlights ✧  Fitness Center, On-Site Yoga Instruction ✧  Entertainment Lounge with Pool Table and Gaming ✧  Private Resident Theatre ✧  Resident Lobby and Reception Area ✧  Rooftop Deck with Lounge Seating ✧  Outdoor Grill ✧  Outdoor Television ✧  Gourmet Kitchen and Dining Area ✧  Full-Floor Resident Lounge and Retreat ✧  Pursuing LEED Certification ✧  Panoramic Views of the Puget Sound ✧  25th Floor Sky Lounge ✧  24 Hour Concierge Services ✧  Frequent Resident Community Social Mixers ✧  Wine Bar ✧  Curated Artwork ✧  Signature Redwood Tree ✧  Business Center with Conference RoomOffice HoursMonday-Friday:9:00AM-6:00PMSaturday-Sunday:10:00AM-5:00PMPet PolicyWe are Pet Friendly! Income Requirements3 times monthly rent, counting gross income We do not accept Comprehensive Reusable Tenant Screening Reports as defined by and pursuant to RCW 59.18.* Floor plans are artist’s rendering. All dimensions are approximate. Actual product and specifications may vary in dimension or detail. Not all features are available in every rental home. Pricing and availability are subject to change. Rent is based on monthly frequency. Additional fees may apply, such as but not limited to package delivery, trash, water, amenities, etc. Deposits vary. Please see a representative for details.Equal Housing OpportunityuOzT1CZ6"	https://seattle.craigslist.org/see/apa/d/seattle-discover-what-it-feels-like-to/7714219492.html	True
7714218896	ON-SITE LAUNDRY FACILITIES, NEWLY REMODELED WITH MODERN/VINTAGE CHARM	3159	ballard		Ballard	(47.6701, -122.3763)	False	"Want more info? See the link below:https://greystar.leasehomenow.com/762w5pCall Now -  show contact info
 x 58OR Text 58 to  show contact info
 to text with us.Welcome Home!2 Bedroom, 1 Bath | Approximately 713 Sq. Ft.Community Info:LIFE INSIDE + OUTAbundance flows easily when where you live blends effortlessly with the way you live. Lock Vista connects vintage details with modern touches and thoughtful amenities– all within reach of a lively community, the best of restaurants and retail, and Pacific Northwest parks.Wake up to a fresh Puget Sound breeze right outside your window in the heart of Ballard at Lock Vista. Our newly renovated, spacious studio, one, two, and three-bedroom apartments boast original oak hardwood floors, granite countertops, picture windows, and updated appliances to make living simple.Socialize, unwind, and move freely through the resident clubhouse and lush green spaces, or stay cool in the outdoor swimming pool. Lock Vista is a gateway to a comfortable life inside and outside–and beyond. Unit Highlights ✧  WALK-IN CLOSETS* ✧  SPACIOUS STUDIO, ONE-, AND TWO-BEDROOM HOMES ✧  ORIGINAL OAK HARDWOOD FLOORS ✧  GRANITE COUNTERTOPS* ✧  NEWLY REMODELED WITH MODERN/VINTAGE CHARM ✧  EXTRA STORAGE AVAILABLE ✧  TILE BACKSPLASH* ✧  PICTURE WINDOWS*in select homesCommunity Highlights ✧  PACKAGE RECEIVING ✧  SHIMMERING SEASONAL POOL ✧  CONTROLLED ACCESS ENTRY ✧  RESERVED PARKING AVAILABLE ✧  ACCESS TO MAJOR METRO LINES AND BURKE GILMAN TRAIL ✧  PET-FRIENDLY ✧  LUSH GREEN SPACES ✧  RESIDENT CLUBHOUSE WITH KITCHEN ✧  FITNESS CENTER ✧  ON-SITE LAUNDRY FACILITIESDriving DirectionsDirections: From I-5: exit NE 45th St , head west toward Ballard, slight right at N Midvale Place. N Midvale Place turns into N 46th Street. Continue on North 46th Street. North 46th Street turns into Market Street. Continue on NW Market Street. Lock Vista will be on your left. During our community upgrade we offer parking for all future residents, this is located near the Leasing Office and Pool and marked as Future Resident Parking. For all active residents we offer reserved parking at an additional cost.Office HoursMonday-Friday: 10:00AM-6:00PMSaturday: 10:00AM-5:00PMPet PolicyLock Vista apartments for rent in Seattle, Washington welcomes your pet! We are a pet-friendly community offering plenty of space for your pet to run and play. We are in close proximity to Canine Happy Hour, DJOG - Seattle Dog Runners, Fantastic Dog and Cat Sitting, and Woodland Park off-leash area. Breed restrictions apply. For further details, please contact our leasing office. Your pets will love it here! * Floor plans are artist’s rendering. All dimensions are approximate. Actual product and specifications may vary in dimension or detail. Not all features are available in every rental home. Pricing and availability are subject to change. Rent is based on monthly frequency. Additional fees may apply, such as but not limited to package delivery, trash, water, amenities, etc. Deposits vary. Please see a representative for details.Equal Housing OpportunityLnlOh135"	https://seattle.craigslist.org/see/apa/d/seattle-on-site-laundry-facilities/7714218896.html	True
7714218768	Stainless Steel Appliances, Spacious Floor Plans, BBQ Areas	3145	ballard		Ballard	(47.67012, -122.381967)	False	"The Wilcox2003 NW 57th Street , Seattle, WA, 98107Use this link for more information:https://avenue5.aptfeatures.com/8533i7Call Now -  show contact info
 x 163OR Text 163 to  show contact info
 to contact our leasing team.Hooked On Ballard!2 Bedroom, 2 Bath | Approximately 925 Sq. Ft.Community Info:Welcome Home - This Is Your PlaceThe Wilcox redefines apartment living with modern homes that offer you the ultimate in flexibility, convenience and service. Here, were on a mission to make your life easier by helping you find the apartment home - and making sure you're happy long after you move in. Living spaces are designed to give you the space you need to do your thing. Notable are our open and bright work/live spaces and a collection of three-bedroom homes a super-rare find in Seattle. Finishes are what you would expect in brand-new apartments: quartz counters, high-end appliances, tile backsplashes. Things only get better here as you go up, with the cherry-on-top rooftop deck. We cant think of a more perfect place to take in this magnificent city, with panoramic views of Elliott Bay, the Olympic Mountains, and the Seattle skyline. Plenty of hang-out areas ensure you a front-row seat for the Seattle show, with a new performance every day, brought to you by Mother Nature. Schedule your tour today, and get hooked on Ballard! Unit Highlights ✧  Upgraded Fixtures ✧  Stainless Steel Appliances  ✧  Washer & Dryer ✧  Quartz Countertops  ✧  Spacious Floor Plans  ✧  Plank Flooring Community Highlights ✧  Package Lockers  ✧  Rooftop Deck  ✧  Bark Park ✧  BBQ Areas  ✧  State-of-the Art Fitness Center  ✧  Billiards Table  ✧  Resident Lounge Office HoursMonday-Saturday: 9:00AM-6:00PMPet PolicyWe are a pet friendly community. Pet deposit is $300 and the monthly pet fee is $50/month per pet, up to 3 pets in the home. Equal Housing OpportunityGpkgVWpZKC7m"	https://seattle.craigslist.org/see/apa/d/seattle-stainless-steel-appliances/7714218768.html	True
7714218390	Updated Light Package, Walk-in closets, Live / work loft homes	2997	ballard		seattle	(47.66862, -122.376639)	False	"This is a 1 Bedroom, 1 Bath, Approximately 685 Sq. Ft. Visit This Website to See More:https://greystar.leasehomenow.com/as2y1rCall Now -  show contact info
 x 127OR Text 127 to  show contact info
 to text our team directly.Urban Chic Living in the Heart of Ballard Community Info:Discover the latest in luxury living at Leva on Market in Ballard, one of the most sought-after neighborhoods in Seattle. Offering an exquisite collection of studio, one- and two-bedroom apartment residences defined by modern amenities, Leva on Market is designed to impress and appeal to your sense of style and sophistication. Our community keeps you close to the action while also delivering a relaxing retreat for times when you just want to unwind. How well you choose to live is your decision. Choose to live well at Leva on Market.Features: ‣  USB Outlet Installation ‣  Two uniquely-designed interior finish palettes ‣  wood-style flooring ‣  Updated Light Package ‣  Modern track lighting in kitchen & dining ‣  Glass Backsplash Tile in Kitchen ‣  Refrigerators with ice maker ‣  Expansive operable windows ‣  Washer/Dryer ‣  White Quartz Counter Installation in Kitchen and Bathroom ‣  Personal Balconies or Patios* ‣  Upgraded units* ‣  Live / work loft homes ‣  Space-saving microwaves ‣  Stainless Steel Appliance Package with glass top Stove ‣  Studio, one, and two bedroom homes with open-concept living areas ‣  Walk-in closets ‣  Renovated Bathroom FlooringCommunity Amenities: ‣  iCafe with coffee bar & complimentary Wi-Fi ‣  24-hour package concierge ‣  Newly refurbished corridors and landings ‣  Underground parking available ‣  Renovated neighborhood lounge with flat screen TVs ‣  Guest suites available ‣  Landscaped courtyard with casual seating and Tivoli lighting ‣  24-hour fully-equipped fitness center ‣  Controlled-access community ‣  Flexible lease terms with online application & leasing ‣  Expansive rooftop deck with fireside lounge and grilling stations ‣  Bike and individual storage units ‣  Online rent payment & service request ‣  Dog walk on rooftop deck ‣  On-site managementPet Policy:Pets - Max 2 allowed, Rent $35.00, Deposit $200.00 Income Requirements:Gross income of 2.5x monthly RentOffice Hours:Monday-Saturday: 9:00AM-6:00PMLEVA on Market1545 NW Market Street, Seattle, WA, 98107 We do not accept Comprehensive Reusable Tenant Screening Reports as defined by and pursuant to RCW 59.18.* Floor plans are artist’s rendering. All dimensions are approximate. Actual product and specifications may vary in dimension or detail. Not all features are available in every rental home. Pricing and availability are subject to change. Rent is based on monthly frequency. Additional fees may apply, such as but not limited to package delivery, trash, water, amenities, etc. Deposits vary. Please see a representative for details.Equal Housing Opportunityla2AYsH5hI"	https://seattle.craigslist.org/see/apa/d/seattle-updated-light-package-walk-in/7714218390.html	True
7714218285	Controlled Access Doors, Stainless Steel Appliances	2420	wallingford		Wallingford	(47.65437, -122.342296)	False	"Pricing is all dependent on move-in date and lease length; we offer 3-13-month term options. Our website will show all rates and terms updated each day.  Welcome to Prescott Wallingford1 Bedroom, 1 Bath | Approximately 712 Sq. Ft.More unit details at:https://greystar.leasehomenow.com/0ih33pWelcome Home to Prescott Wallingford!Call Now -  show contact info
 x 66OR Text 66 to  show contact info
 to text with us. Community Info:Our on-site leasing team is here to help you with all of life's little details including dry cleaning, transportation, dog walking and grocery delivery. Wallingford is a neighborhood close to downtown where you can enjoy all the conveniences city living has to offer. An easy walk to Fremont, Gas Works Park, Fremont Troll and The Sunday Fremont Market; Wallingford is a true cultural destination that all must come an explore. Residence Features: ✩  Full-Size In-Unit Washer and Dryer ✩  Vaulted Ceilings* ✩  Stainless Steel Appliances ✩  Controlled Access Doors  ✩  Walk-in Closets* ✩  Decks, patios, or private rooftop terraces* ✩  Vinyl Floors* ✩  Versatile Track Lighting Systems ✩  17-Foot Ceilings**Select units only.Community Features: ✩  Pea Patch Garden Bins  ✩  Conference Room w/ Wi-fi ✩  Roof -Top w/ Spectacular Views ✩  On-Site Storage Units  ✩  On-Site Bike Storage  ✩  Night Patrol ✩  FOB Access Doors  ✩  3 On-Site BBQ Grills ✩  Lease Terms from 3-13 months ✩  Fitness center ✩  Gated Access Parking Garage ✩  Easy Access to I-5, 99 & Bus Route 62/26 ✩  Community Lounge w/ Wi-fi ✩  Package Lockers ✩  Off-Leash Dog RunPet Policy:Our apartments accommodate up to two pets per home. Additional deposits and breed restrictions apply. Income Requirements:Income must be 3 times the amount of rent to qualify.Office Hours:Monday-Friday: 10:00AM-6:00PMSaturday: 10:00AM-5:00PM We do not accept Comprehensive Reusable Tenant Screening Reports as defined by and pursuant to RCW 59.18.* Floor plans are artist’s rendering. All dimensions are approximate. Actual product and specifications may vary in dimension or detail. Not all features are available in every rental home. Pricing and availability are subject to change. Rent is based on monthly frequency. Additional fees may apply, such as but not limited to package delivery, trash, water, amenities, etc. Deposits vary. Please see a representative for details.Equal Housing OpportunityQieCpc7Y"	https://seattle.craigslist.org/see/apa/d/seattle-controlled-access-doors/7714218285.html	True
7714217426	Plank hardwood-style and concrete flooring	2499	ballard		Ballard	(47.675525, -122.387489)	False	"This is a 1 Bedroom, 1 Bath, Approximately 747 Sq. Ft. Want more info on this unit? See the link (below):https://greystar.leasehomenow.com/e345tsCall Now -  show contact info
 x 4OR Text 4 to  show contact info
 to text with us.A New Destination in BallardCommunity Info:A beautiful community-focused public plaza with peaceful waterfall, relaxing seating, and convenient retail complement the perfect Ballard living experience. True lofts by definition with soaring heights, lofted bedrooms, wood and steel finishes, and expansive views. Refined flats featuring gorgeous skylines in an entertainment atmosphere.Surrounded by vintage buildings and local charm, you’ll love living in north Ballard. With plenty of walkable destinations, plus in-building conveniences like a restaurant offering contemporary American/French cuisine and a Bottle Shop featuring local craft beer and wine, you’ll feel a true sense of home.Features: ‣  Caesarstone Classico countertops ‣  Plank hardwood-style and concrete flooring ‣  Patios or decks* ‣  Lofts and flats from studios to two-bedrooms ‣  High-efficiency LED lighting ‣  Stainless Energy Star efficient appliances ‣  Beautiful, impressively sized wood-framed windowsCommunity Amenities: ‣  Deep green building using only non-toxic, all natural cleaning supplies throughout, and design optimized for energy efficiency to keep utility costs low ‣  Multi-sized dog showers ‣  Pet-friendly community ‣  Pet care station ‣  Bike lockers available ‣  Vibrant community with restaurant & bottle shop, nearby parks and transit at your door ‣  Dog relief area ‣  Community room ‣  EV Charging Stations Available ‣  Controlled entry with direct-to-mobile dialing ‣  Rooftop deck ‣  Rooftop dog walk area ‣  Two Community BBQs ‣  Online portal for maintenance requests, community networking, and rent payment ‣  Underground, covered parking availablePet Policy:Pet friendly, contact for details. Office Hours:Monday-Saturday:10:00AM-6:00PMBallard Public Lofts6450 24th Ave. NW , Seattle, WA, 98107 We do not accept Comprehensive Reusable Tenant Screening Reports as defined by and pursuant to RCW 59.18.* Floor plans are artist’s rendering. All dimensions are approximate. Actual product and specifications may vary in dimension or detail. Not all features are available in every rental home. Pricing and availability are subject to change. Rent is based on monthly frequency. Additional fees may apply, such as but not limited to package delivery, trash, water, amenities, etc. Deposits vary. Please see a representative for details.Equal Housing OpportunitycHcK9G9c"	https://seattle.craigslist.org/see/apa/d/seattle-plank-hardwood-style-and/7714217426.html	True
7713523648	1 Bed / 1 Bath. We welcome your pets! Ask about our pet policy!	1990	university district		Seattle	(47.655738, -122.317819)	False	"Augusta Apartments, located at 4041 Roosevelt Way NE Seattle, WA 98105. Description........ Part of the Your Tour, Your Way program. It's your apartment and you are welcome to tour in a way that makes you feel most at home. Whether you prefer to take a self-guided tour on your own, be accompanied by one of our leasing professionals or take a live video tour from the comfort of your home, we have options that will work for you!
Augusta Apartments in Seattle? It's where you want to live.Move-In Special: 4 weeks free on all available homes! Lease terms and restrictions may apply. Please contact the leasing office for more information and book your tour with us today! Bedrooms........... 1  Bathrooms......... 1  Sq Footage......... 509 sq ftUnit Price........... $1990 - $2460/Month Lease Term........ VariableAmenity List...... − Bike Storage− Business Center− Controlled Access− Courtyard− Lounge− Maintenance on site− Multi Use Room− Package Service− Pet Washing Station− Sprinkler System− Basketball Court− Composting and Recycle− Controlled Access− Courtyard Area− Online Services− On-site Management− Package Concierge System− Resident Lounge and Theater Room− Rooftop Deck with BBQ− Walking/Biking TrailsUnit Features.....− Deck− Dishwasher− Disposal Chutes/Trash Compactor− Double Pane Windows− Microwave− Pantry− Refigerator/Freezer− Stainless Steel Appliances− Walk-In Closets− Window Coverings− ADA− Composting and Recycle− Courtyard View− Guest Apartment− Instant Hot Water− Island Kitchen− LEED Platinum Certified− Storage Space− Walk-In Closets− Wood Inspired Flooring Our Pet Policy... For complete Breed Restrictions, please see the Important Links section on our website.Augusta Apartments is a pet friendly community. We allow two (2) pets max per household. $50/pet monthly pet rent and a $500 pet deposit. For complete Breed Restrictions, please see the Important Links section on our website. Leasing Hours...  Mon - Fri: 10:00 AM - 6:00 PMSat: 10:00 AM - 5:00 PM Call our Office... at  show contact info
 to schedule a private tour today. Our Location.....4041 Roosevelt Way NE Seattle, WA 98105 Website: https://home.securityproperties.com/augusta/?utm_source=craigslist EQUAL HOUSING OPPORTUNITYSPRCL11354E1D9B4478494"	https://seattle.craigslist.org/see/apa/d/seattle-bed-bath-we-welcome-your-pets/7713523648.html	True
7714215850	Air-Conditioning Port (Select Homes), Secured Access, Bicycle Storage	2142	ballard		seattle	(47.677572, -122.377088)	False	"6559 15th Ave NW, Seattle, WA 98117Welcome to Arrive Belay & Arrive Noba, nestled in Seattle’s dynamic neighborhood, offering elegant studio, one- and two-bedroom apartments. Experience the luxury of stainless steel appliances and the convenience of in-home washers and dryers. Our properties boast high-performance fitness centers for active lifestyles and rooftop decks with lounges for serene city views. Elevator access in each building adds to the seamless living experience. Warm evenings at the resident fire pit bring the community together. Discover your new haven at Arrive Belay & Arrive Noba.,,Signature to living at an Arrive Luxury Community is our commitment to white-glove service. Read what residents have to say about living at Arrive Belay and Noba.,Apartment Features:Stainless Steel Appliance PackageAir-Conditioning Port* (Select Homes)European Styled CabinetryWood-Grain Finish FlooringIn-Home Washer & DryerElevator AccessCommunity Features:Resident Grilling StationResident Fire PitHigh-Performance Fitness CenterSecured AccessSmoke Free CommunityOn-Site Property ManagementBicycle StorageOnline Payments AvailableCall:  show contact info
For more information, visit us at: https://trinity-apt.com/4y26ubzg/arrive-belay"	https://seattle.craigslist.org/see/apa/d/seattle-air-conditioning-port-select/7714215850.html	True
7712873618	Prelease for February: Beautiful 1bd/1b with Balcony... 5 Weeks Free!	2630	ballard		5621 22nd Avenue NW Seattle, WA	(47.669563, -122.38464)	False	"To schedule a tour
Book online at http://commonsatballard.com/tour
Description
*** Lease within 48 hours after touring for $500 rent credit!!! *** From spacious townhomes facing Ballard Commons Park to minimalist studio spaces with views of the city, The Commons at Ballard has smart, modern floorplans to fit a variety of lifestyles. Each residence has been optimized for high-end comfort, health, and efficiency.The Commons at Ballard was designed to be a flexible community for individuals and teams to flourish. It’s a place to live, a place to work, and a place to interact. Both the private and shared amenities contribute to an optimal balance of interactivity and sustainable living, alongside relaxation and privacy.Built with sustainability in mind, The Commons allows residential, office, and essential retail to work together within the same resource conscious footprint. The community was designed to meet LEED Platinum level certification – the highest level of design and construction performance under the U.S. Green Building Council. Life here is all about efficiency, in more ways than one.* Photos may represent similar units.
Details
Availability date: 02/06/2024
Pets: Cats, Small Dogs (< 25lb), Large Dogs (> 25lb)
Pet notes: We allow up to 2 pets per apartment, dogs and cats only.

Restricted Breeds Include: Pit Bull, Doberman Pinscher, Rottweiler, and German Shepherd.
Security Deposit: $300
Leasing options: 7 months,9 months,9+ months,12+ months
Leasing notes: Free gym membership included!
Application fee: $60 per person
Amenities
Included in Utilities Cost: (none)
Utilities Cost: Depends on usage
Laundry: In Unit, Full Size
Parking type: Garage, Electric Vehicle Charging 
Parking notes: $185/month controlled access garage
Appliances: Dishwasher, Refrigerator, Garbage disposal, Microwave, Range/Oven
Exterior: Rooftop Lounge
Heating/cooling: Central AC, Air conditioning, Double pane / Storm windows, Central Heat
Wiring: Cable-ready, High-speed internet, Intercom system
Facilities and Recreation: Clubhouse, Barbecue, Indoor/Outdoor Rooftop Lounge, Movie/Entertainment Room, Custom Bar, Free Membership to Fitness Center
Security and Access: Elevator, Controlled access, Gated entry, Disability access
Views: City, Mountain, Water, Park
Additional features: Hardwood floor, Granite countertop, Fireplace, Non-Smoking Property, Built-in Storage
Offered by:
Blanton Turner
Equal Housing Opportunity"	https://seattle.craigslist.org/see/apa/d/seattle-prelease-for-february-beautiful/7712873618.html	True
7712841988	4 Weeks Free - Corner 2bd/2b with Kitchen Island	3365	ballard		BALLARD!	(47.669563, -122.38464)	False	"Book online at http://commonsatballard.com/tour
Description
*** Limited Time Look & Lease Special: Receive $500 rent credit if you lease within 48 hours after touring! *** 

From spacious townhomes facing Ballard Commons Park to minimalist studio spaces with views of the city, The Commons at Ballard has smart, modern floorplans to fit a variety of lifestyles. Each residence has been optimized for high-end comfort, health, and efficiency.The Commons at Ballard was designed to be a flexible community for individuals and teams to flourish. It’s a place to live, a place to work, and a place to interact. Both the private and shared amenities contribute to an optimal balance of interactivity and sustainable living, alongside relaxation and privacy.Built with sustainability in mind, The Commons allows residential, office, and essential retail to work together within the same resource conscious footprint. The community was designed to meet LEED Platinum level certification – the highest level of design and construction performance under the U.S. Green Building Council. Life here is all about efficiency, in more ways than one.* Photos may represent similar units.
Details
Availability date: Now!
Pets: Cats, Small Dogs (< 25lb), Large Dogs (> 25lb)
Pet notes: We allow up to 2 pets per apartment, dogs and cats only.

Restricted Breeds Include: Pit Bull, Doberman Pinscher, Rottweiler, and German Shepherd.
Security Deposit: $300
Leasing options: 7 months,9 months,9+ months,12+ months
Leasing notes: Free gym membership included!
Application fee: $60 per person
Amenities
Included in Utilities Cost: (none)
Utilities Cost: Depends on usage
Laundry: In Unit, Full Size
Parking type: Garage, Electric Vehicle Charging 
Parking notes: $185/month controlled access garage
Appliances: Dishwasher, Refrigerator, Garbage disposal, Microwave, Range/Oven
Exterior: Rooftop Lounge
Heating/cooling: Central AC, Air conditioning, Double pane / Storm windows, Central Heat
Wiring: Cable-ready, High-speed internet, Intercom system
Facilities and Recreation: Clubhouse, Barbecue, Indoor/Outdoor Rooftop Lounge, Movie/Entertainment Room, Custom Bar, Free Membership to Fitness Center
Security and Access: Elevator, Controlled access, Gated entry, Disability access
Views: City, Mountain, Water, Park
Additional features: Hardwood floor, Granite countertop, Fireplace, Non-Smoking Property, Built-in Storage
Offered by:
Blanton Turner
Equal Housing Opportunity"	https://seattle.craigslist.org/see/apa/d/seattle-weeks-free-corner-2bd-2b-with/7712841988.html	True
7712848807	5 Weeks Free - Amazing 1bd/1b in Ballard	2630	ballard		5621 22nd Avenue NW Seattle, WA	(47.669563, -122.38464)	False	"To schedule a tour
Book online at http://commonsatballard.com/tour
Description
*** Lease within 48 hours after touring for $500 rent credit!!! *** From spacious townhomes facing Ballard Commons Park to minimalist studio spaces with views of the city, The Commons at Ballard has smart, modern floorplans to fit a variety of lifestyles. Each residence has been optimized for high-end comfort, health, and efficiency.The Commons at Ballard was designed to be a flexible community for individuals and teams to flourish. It’s a place to live, a place to work, and a place to interact. Both the private and shared amenities contribute to an optimal balance of interactivity and sustainable living, alongside relaxation and privacy.Built with sustainability in mind, The Commons allows residential, office, and essential retail to work together within the same resource conscious footprint. The community was designed to meet LEED Platinum level certification – the highest level of design and construction performance under the U.S. Green Building Council. Life here is all about efficiency, in more ways than one.* Photos may represent similar units.
Details
Availability date: 02/06/2024
Pets: Cats, Small Dogs (< 25lb), Large Dogs (> 25lb)
Pet notes: We allow up to 2 pets per apartment, dogs and cats only.

Restricted Breeds Include: Pit Bull, Doberman Pinscher, Rottweiler, and German Shepherd.
Security Deposit: $300
Leasing options: 7 months,9 months,9+ months,12+ months
Leasing notes: Free gym membership included!
Application fee: $60per person
Amenities
Included in Utilities Cost: (none)
Utilities Cost: Depends on usage
Laundry: In Unit, Full Size
Parking type: Garage, Electric Vehicle Charging 
Parking notes: $185/month controlled access garage
Appliances: Dishwasher, Refrigerator, Garbage disposal, Microwave, Range/Oven
Exterior: Rooftop Lounge
Heating/cooling: Central AC, Air conditioning, Double pane / Storm windows, Central Heat
Wiring: Cable-ready, High-speed internet, Intercom system
Facilities and Recreation: Clubhouse, Barbecue, Indoor/Outdoor Rooftop Lounge, Movie/Entertainment Room, Custom Bar, Free Membership to Fitness Center
Security and Access: Elevator, Controlled access, Gated entry, Disability access
Views: City, Mountain, Water, Park
Additional features: Hardwood floor, Granite countertop, Fireplace, Non-Smoking Property, Built-in Storage
Offered by:
Blanton Turner
Equal Housing Opportunity"	https://seattle.craigslist.org/see/apa/d/seattle-weeks-free-amazing-1bd-1b-in/7712848807.html	True
7714206124	Completely New Interior - Space Needle View	1895	eastlake		Eastlake	(47.639543, -122.32461)	False	"The Nordic Apartments at Eastlake 

Welcome to our stunning 1bed apartment located in the heart of Seattle's vibrant Eastlake neighborhood with VIEWS OF the Space Needle. The WALK SCORE is 88 and considered a walkers paradise being under .25 miles from Lake union, and having 7 coffee shops, 15 restaurants, 4 grocery stores and more also within a .25 mile radius. The asset is PET FRIENDLY and within a .25 mile distance to 5 public parks.

The unit itself is currently undergoing a COMPLETE RENOVATION. The renovation will greet you with its modern design with a touch of rich classic feel with beautiful heightened and curved ceilings including original wooden accents. The kitchen boasts new stainless steel appliances and beautiful new stone countertops, perfect for preparing delicious meals. With the convenience of free laundry facilities, you can say goodbye to trips to the laundromat.

Whether you're exploring the local art scene or enjoying a leisurely stroll along the nearby parks, there is always something exciting to do. Don't miss out on this incredible opportunity to live in a beautifully modernized classic in one of Seattle's most sought-after neighborhoods.

Also, get to know our VERY FRIENDLY management team where our tenants are considered FAMILY. We're here to take care of them every step of the way, understanding that life happens and everyone has unique needs to make this beautifully renovated space their home. We genuinely appreciate your interest in calling this asset your home and look forward to meeting you.

Features Include:

 Lake Union & Down Town Seattle Views 
 1 bedroom 1 bathroom 
 Approximately 750 sq ft 
 Luxury Vinyl plank Flooring 
 Granite countertops 
 Stainless steel appliances 
 Dishwasher 
 New light fixtures throughout 
 FREE Laundry onsite 
 1 bedroom 1 bathroom 
 Off-Street parking 
 Pets negotiable with pet rent
$125 per person for wsg 
 Electric heat 
 No smoking 
 12 month lease 
 Rent $1895 
 Deposit $1895"	https://seattle.craigslist.org/see/apa/d/seattle-completely-new-interior-space/7714206124.html	True
7713517868	Spacious, comfortable 560 Sq Ft 1 bed, 1 bath! Now showing!	2212	green lake		Seattle	(47.681075, -122.324819)	False	"The Loop at Green Lake Featured Floorplan: 1-bed / 1-bath / 560 sq ftMonthly Rent: $2212Deposit: $500  show contact info
Description: Walk out your front door and one block down a tree-lined street to find yourself at Green Lake, home to a namesake lake and several parks, along with a 2.8-mile walking, running & biking trail. The neighborhood is a true community where residents come together to play intramural sports, enjoy one of the many restaurants or coffee shops dotted around the lake, sing karaoke at the Little Red Hen or grab a drink at Shelter or Latona Pub.Lease Terms: 6-Month, 7-Month, 8-Month, 9-Month, 10-Month, 11-Month, 12-MonthPet Policy: 2 pets per apartment home

- $500 pet deposit 
- $50 pet rent per pet 
The following breed restrictions apply - Akita, Alaskan Malamute, Chow, Dalmatian, Doberman Pinscher, German Shepherd, Great Dane, Husky, Rottweiler, Saint Bernard, Wolf Dog Hybrids and all Pit Bull breeds.Apartment Amenities:➢ Attached Garage➢ Bay Windows➢ Cable or Satellite Ready➢ Dining Area➢ Dishwasher➢ Handicap Access Units➢ High Ceilings➢ Microwave➢ Refrigerator➢ Stove➢ Luxury Vinyl Flooring➢ Office➢ Quartz Countertops➢ Stainless Steel Appliances➢ Tile backsplashes➢ Views of Green Lake in Select Units➢ Water-saving toilets Community Features:➢ Accepts Electronic Payments➢ Affordable Housing➢ BBQ with Lounge Area on the Rooftop➢ Composting➢ Controlled Access➢ Gym Discount➢ Off Street Parking➢ On-Site Maintenance➢ On-Site Property Manager➢ Roof Top Deck➢ On-Site Retail➢ Over-sized Windows➢ Package Service➢ Pet friendly➢ Planned Social Activities➢ Recycling➢ Resident mobile service app➢ Solar panels➢ Spacious rooftop deck with views of Green Lake (available to reserve)➢ Underground secured parking Call us:  show contact info
  407 NE 73rd St Seattle, WA 98115Mon - Fri: 9:00 AM - 6:00 PMWebsite: https://theloopgreenlake.com/ EQUAL HOUSING OPPORTUNITY6D6BBB60406C43"	https://seattle.craigslist.org/see/apa/d/seattle-spacious-comfortable-560-sq-ft/7713517868.html	True
7714214182	High-Performance Fitness Center, Resident Fire Pit, Bicycle Storage	2142	ballard		seattle	(47.677572, -122.377088)	False	"6559 15th Ave NW, Seattle, WA 98117Welcome to Arrive Belay & Arrive Noba, nestled in Seattle’s dynamic neighborhood, offering elegant studio, one- and two-bedroom apartments. Experience the luxury of stainless steel appliances and the convenience of in-home washers and dryers. Our properties boast high-performance fitness centers for active lifestyles and rooftop decks with lounges for serene city views. Elevator access in each building adds to the seamless living experience. Warm evenings at the resident fire pit bring the community together. Discover your new haven at Arrive Belay & Arrive Noba.,,Signature to living at an Arrive Luxury Community is our commitment to white-glove service. Read what residents have to say about living at Arrive Belay and Noba.,Apartment Features:European Styled CabinetryStainless Steel Appliance PackageWood-Grain Finish FlooringIn-Home Washer & DryerAir-Conditioning Port* (Select Homes)Elevator AccessCommunity Features:High-Performance Fitness CenterSecured AccessSmoke Free CommunityOnline Payments AvailableBicycle StorageResident Grilling StationOn-Site Property ManagementResident Fire PitCall:  show contact info
For more information, visit us at: https://trinity-apt.com/3ljdiw5q/arrive-belay"	https://seattle.craigslist.org/see/apa/d/seattle-high-performance-fitness-center/7714214182.html	True
7714212611	Convenient Seattle Living and One Month Free!! Come Check Us Out!!!	1975	greenlake		Greenlake	(47.682231, -122.322789)	False	"We now book our tour appointments online!
www.greenlaketerrace.com

Property Description:
Greenlake Terrace Apartments located in North Seattle, WA. At Greenlake Terrace, you’ll experience living close to everywhere you need to be. Close access to I-5, Malls, University of Washington and Downtown Seattle. Enjoy the neighborhood walking to the lake and catching the sunset from a local Bistro. We welcome pets. We look forward to introducing you to our community. Book a Tour Today.

Details:
Availability date: 12/23/2023
Pets: Cats, Small Dogs (<25lb), Large Dogs (>25lb).
Pet Deposit $300. (Per pet)
Pet Rent $45. (Per pet, 2 pet max)
Leasing Options: Call and inquire within.
Leasing notes:
Application fee: $50
Holding fee: $150 (Goes towards $300 security deposit)
Renters Insurance Required.

Amenities:
Amazon Lockers on Sight
Garden Style Courtyard w/ BBQ area

Additional features:
Parking type: Parking Garage
Parking notes: $100
Appliances: Full size oven, Refrigerator, Dishwasher.
Heating: Electric
Security and Access: Fob Access
Easy Access to I-5
Maintenance

Offered by:
Greenlake Terrace
7415 5th Ave NE, Seattle, WA 98115

Equal Housing Opportunity"	https://seattle.craigslist.org/see/apa/d/seattle-convenient-seattle-living-and/7714212611.html	True
7714210781	Beautiful Open One Bedroom Near Green Lake 8 weeks free!!	2244	ravenna		Seattle, Roosevelt, Green Lake, Ravenna	(47.67792, -122.319413)	False	"Fireside Flats841 NE 68th St, Seattle, WA, 98115Call Now -  show contact info
 x 150Want more info? See the link below:https://thrive.touraptnow.com/54mhb4 Modern Design. Deco Elegance. Vintage Inspired Apartment Living, 1 bedroom | 1 bath | 580 square feetFeatures: ✓  Stainless steel appliances ✓  Under-cabinet LED lighting ✓  Quartz countertops ✓  Dishwasher ✓  Luxury wood-style vinyl plank flooring throughout ✓  Pantry cabinets and hanging storage cabinets/closets* ✓  Microwave ✓  Separate den or office space* ✓  Kitchen island with breakfast bar seating area * ✓  Air conditioning (built-in or port available)* ✓  Roller shades pre-installed on all windows ✓  Covered, private terrace, patio or Juliet balcony* ✓  Washer/dryer ✓  USB device charging station** Only available in select unitsCommunity Features: ✓  Dual controlled access elevators ✓  Views of Seattle skyline, Green Lake, Olympic Mountains ✓  High-end fitness center with 24/7 access ✓  Dog wash station and community-wide pet-friendly policies ✓  Controlled building entry access ✓  Lobby hospitality counter with coffee maker ✓  On-site management and maintenance teams ✓  6th-floor speakeasy lounge with bar, TV, co-working island ✓  Package locker room by ButterflyMX ✓  Rooftop deck with telescope, cozy seating and dining area ✓  Additional storage space available on garage level ✓  Three-sided fireplace with gathering space in lobby ✓  Underground, controlled access garage parking available ✓  Free Wi-Fi available in common areasCommunity Info:Located in the heart of Seattle’s vibrant Roosevelt neighborhood, you’ll be in good company. Favorite local restaurants, eclectic shops and everyday conveniences line the surrounding streets, with the shores of Green Lake just a short walk away. When you need to venture further out, access to I-5 is just a few blocks up, with the Roosevelt Light Rail station a few blocks down.Pet Policy:Pet friendly, contact for details. Office Hours:Monday: 9:00AM-6:00PMTuesday: 10:00AM-6:00PMWednesday: 9:00AM-6:00PMThursday: 10:00AM-6:00PMFriday: 9:00AM-6:00PMSaturday: 10:00AM-5:00PMPhotos and/or floor plans shown are representational and may not depict the exact layout or features of the available unit. If currently occupied, the individual unit you've selected may not be available to tour. Please contact our leasing team with any questions.Equal Housing OpportunityMH9Gr4eOvR"	https://seattle.craigslist.org/see/apa/d/seattle-beautiful-open-one-bedroom-near/7714210781.html	True
7713532366	Seattle WA, On-Site Management, 2 Bed	3193	green lake		620 North 34th Street, Seattle, WA	(47.6733, -122.3426)	False	"620 North 34th Street, Seattle, WA 98103Seattle's Fremont District is known as The Center of the Known Universe, and Epicenter apartments are an iconic extension of this very artistic community!  Fremont is an eclectic, lively colorful community where something is always happening!  Whether you visit the Fremont Troll under the bridge or take in the Sunday Farmers Market, you will love the funky character of this neighborhood that celebrates both the creative spirit and the business mind.With lively architecture and design that contribute to the local atmosphere, Epicenter is the hippest place to call home!  We offer you the best in Fremont living.  There are restaurants, shopping, entertainment, lively nightlife, and the year-round Fremont Farmers Market just outside your front door.  All this while retaining its quirky, small community charm. Just minutes from Downtown Seattle, Wallingford and South Lake Union, University District, and Ballard.Make Epicenter your new haven. Schedule a tour of our apartments for rent in Fremont, WA.Unit Amenities:DisposalPrivate BalconyInternet and Cable ReadyIndividual Climate ControlWasher and Dryer in Each HomeRefrigeratorRangeLarge ClosetsMicrowaveDishwasher*In Select HomesCommunity Amenities:CourtyardOn-Site ManagementElevatorsHigh Speed InternetControlled AccessGarage ParkingCall:  show contact info
For more information, visit us at: https://livecushwake.com/o4yruabh/epiPricing and availability are subject to change."	https://seattle.craigslist.org/see/apa/d/seattle-seattle-wa-on-site-management/7713532366.html	True
7714205646	Linen Closets, BBQ grill station, Stainless Steel Appliances	2640	belltown		Belltown	(47.644383, -122.362039)	False	"6 Weeks FREE on select apartment homes! Verve 2720 4th Ave, Seattle, WA, 98121Call Now -  show contact info
 x 64Visit This Website to See More:https://thrive.touraptnow.com/8g882dONE MONTH FREE ON ALL APARTMENTS!2 bedroom | 1 bath | 852 square feetFeatures: ✓  Linen Closets  ✓  Microwave ✓  Garbage Disposal ✓  Pantry ✓  Additional Storage ✓  Granite Countertops ✓  Energy Star Appliances ✓  Space Needle, Mountain, Water and City Views  ✓  Washer & Dryer ✓  Dishwasher ✓  Open Layouts ✓  Glass Top Range  ✓  Stainless Steel AppliancesCommunity Features: ✓  24-Hour Maintenance ✓  Rooftop Dog Lounge ✓  24-Hour Fitness Center ✓  Online Payments Available ✓  Bike Storage and Storage Lockers ✓  Complimentary Wi-Fi ✓  Reserved Resident Garage Parking ✓  Solarium ✓  Space Needle, Mountain, Water and City Views ✓  Sky Lounge and Rooftop Terrace ✓  BBQ grill station ✓  Resident Gatherings ✓  Board RoomCommunity Info:Experience our Seattle apartments! Wake up to the energy of the city and form a connection with Seattle’s rich musical culture. Modern and spacious apartments in the heart of Seattle await you at the Verve. Live with passion, and embrace the spirit of Seattle just steps away from the best concerts and festivals in the city. Wake up to the energy of the city and enjoy easy access to downtown. Hugging the cusp of Queen Anne and Belltown, you'll be a stone's throw away from historical restaurants, retail, museums, and parks. Find your passion, find your verve. Stunning views of the Space Needle, Puget Sound, the Cascades, and the Olympic Mountains surround our modern apartments. Unique and Seattle-centric amenity spaces will give you options to play all year long. There’s even space for your furry best friend to chill out and enjoy the view in our community dog park. Find yourself at the center and call Verve home. Stop by our location today to schedule a tour and see our available pet-friendly Seattle apartments. Call with your questions and learn more about our urban apartment community.Pet Policy:Verve welcomes your pets. Our homes accommodate up to two pets per home. Breed restrictions. Please call for more details. Office Hours:Monday-Saturday: 10:00AM-5:00PMPhotos and/or floor plans shown are representational and may not depict the exact layout or features of the available unit. If currently occupied, the individual unit you've selected may not be available to tour. Please contact our leasing team with any questions.Equal Housing Opportunity9kICBtzxp"	https://seattle.craigslist.org/see/apa/d/seattle-linen-closets-bbq-grill-station/7714205646.html	True
7714204986	Locally commissioned artwork	2498	fremont		Fremont	(47.650809, -122.342425)	False	"The Hayes3627 Stone Way N, Seattle, WA, 98103Use this link for more info:thehayesapartments.com/Call Now -  show contact info
 x 34OR Text 34 to  show contact info
 to chat!Welcome to The Hayes on Stone Way1 Bedroom, 1 Bath | Approximately 819 Sq. Ft.Community Info:Are you looking for apartments in Fremont, Seattle? The Hayes on Stone Way offers a mix of modern studio, one-, and two-bedroom floor plans that fit your lifestyle and needs. Each apartment is designed to fit your unique individuality. The picturesque, modern exterior of our apartment building is combined with luxurious amenities inside each apartment. Residents will also love our modern community amenities.All of our apartment and community features are coupled with being in a fantastic location, within close proximity to local restaurants, parks, and shopping. Contact us today to schedule a tour of our apartments in Fremont Seattle. Unit Highlights ✧  Louver blinds ✧  Efficiently designed and inviting floor plans with ample kitchen storage ✧  Quartz slab countertops in kitchens and baths ✧  Some units utilize sliding glass dividers for maximizing interior space ✧  European style cabinets with brushed nickel hardware accents ✧  Tall ceilings and large, operable windows ✧  2 distinct and sophisticated color palette choices in appealing, modern tones ✧  Many homes with private terraces ✧  Energy efficient lighting including versatile track lighting systems custom configured to each floor plan ✧  Energy Star rated Whirlpool appliances, including microwave, dishwasher and range/oven, and full-size washer and dryer in each home ✧  Stainless steel kitchen sinks with pull-out designer selected plumbing fixtures ✧  High-speed data wiring ✧  Noise-absorbing, soft commercial vinyl plank floors paired with carpet in bedrooms ✧  Several homes with west and south (Lake Union) facing viewsCommunity Highlights ✧  Business Center with workspaces and whiteboards ✧  Pet washroom ✧  24-hour on-line concierge and management services ✧  Fitness room loaded with professional-grade equipment ✧  Street-level retail space ✧  Media Room: movie screen, terraced seating, and entertainment bar ✧  Controlled access entry system ✧  Luxer One package locker system with 24/7 secured access ✧  Bike storage, maintenance station, and bike wash area ✧  Game Room with bar, lounge area, community refrigerator, and shuffleboard ✧  Locally commissioned artwork ✧  Resident rooftop deck with spectacular views, bar seating areas, lounge chairs, heaters, BBQs, Outdoor TV, community garden, and fire pits ✧  Acoustical sound engineered throughout the buildingOffice HoursMonday-Friday: 9:00AM-6:00PMSaturday-Sunday: 10:00AM-5:00PMEqual Housing Opportunity07zpD9kO"	https://seattle.craigslist.org/see/apa/d/seattle-locally-commissioned-artwork/7714204986.html	True
7714203580	Sky lounge, Stainless steel appliances, Quartz countertops	2727	queen anne		South Lake Union	(47.630726, -122.342338)	False	"Leeward1305 Dexter Street, Seattle, WA, 98109Call Now -  show contact info
 x 103OR Text 103 to  show contact info
 for more information.Need more information? Copy this link:https://greystar.leasehomenow.com/w27qb8Up to One Month Free on Select Homes! 1 bedroom | 1 bath | 820 square feetFeatures: ✓  Oversized windows with roller shades ✓  Quartz countertops ✓  Stainless steel appliances ✓  Two palettes of interior finishes ✓  Wood style plank flooring ✓  Open concept with one, one plus den and two bedroom floor plans ✓  Air conditioning available ✓  Full size washer/dryerCommunity Features: ✓  Roof decks with expansive views of Lake Union ✓  Roof-top bark park ✓  High-tech gaming room ✓  Pet spa ✓  Resident lounge ✓  Fitness center ✓  100% smoke-free ✓  e-business center, conference room ✓  Spin studio ✓  Easy transit access ✓  Sky loungeCommunity Info:Urban living as vibrant and alive as its surroundings. Leeward offers open concept one, one plus den and two bedroom floor plans with modern interiors and designer finishes. Conveniently located in the revitalized neighborhood of South Lake Union, distinctive for its live-work-play culture, Leeward offers all the conveniences of a connected community. Leeward is just minutes from major employers, transit options, Lake Union waterfront, shopping, dining and nightlife. Pet Policy:Pet friendly, fees and restrictions apply. Income Requirements:Income needs to be 3x the monthly rental rate.We also require a rental history verification.Office Hours:Mon - Fri 9 AM - 6 PMSat & Sun 10 AM - 5 PM  Follow this link to review our screening criteria:https://thegreystar.com/files/Leeward_Greystar.pdf  We do not accept Comprehensive Reusable Tenant Screening Reports as defined by and pursuant to RCW 59.18.* Floor plans are artist’s rendering. All dimensions are approximate. Actual product and specifications may vary in dimension or detail. Not all features are available in every rental home. Pricing and availability are subject to change. Rent is based on monthly frequency. Additional fees may apply, such as but not limited to package delivery, trash, water, amenities, etc. Deposits vary. Please see a representative for details.Equal Housing OpportunityXuBl1jXTr4"	https://seattle.craigslist.org/see/apa/d/seattle-sky-lounge-stainless-steel/7714203580.html	True
7713110611	2 Bed / 2 Bath. We welcome your pets! Ask about our pet policy!	2560	belltown		Seattle - Belltown	(47.63832, -122.349538)	False	"The Shelby Leasing Office:  2201 4th Ave Seattle, WA 98121 show contact info
Take a look at what The Shelby has to offer! Have you been looking for immaculate apartment home living in Seattle, WA? Congratulations, you've found it! The Shelby offers all the comforts of home in a pristine setting that is second to none. Our apartment community is nestled in the heart of Seattle, Washington, where everything you love is just a short drive away. We are ideally located right around the corner from local shopping, dining, and entertainment. It's time to pamper yourself with the lifestyle you deserve!

Schedule a Tour: https://www.theshelby.com/?utm_knock=cl&doorway=scheduleRental Information: 2 Bedroom / 2 Bathroom / 969 sq ft / $2560/Month  Lease Terms: Variable, MonthlyApartment Amenities:❖ Cable Ready❖ Ceiling Fans❖ Den in Select Units❖ Dining Room❖ Dishwasher❖ Disposal❖ Heating❖ Microwave❖ Range❖ Wi-Fi❖ Carpeted Floors❖ Eat-in Kitchen❖ French Doors in Select Units❖ Granite Countertops❖ Hardwood Floors❖ High Speed Internet Access❖ Refrigerator❖ Walk-In Closets❖ Washer and Dryer in Home❖ Window CoveringsAdditional Information:❖ Bike Racks❖ Clubhouse❖ Courtyard❖ Elevator❖ Extra Storage❖ Lounge❖ Package Service❖ Sundeck❖ Butterfly MX Video Callbox❖ Conference Center with Wi-Fi❖ Controlled Access❖ Controlled Access Gates❖ Health Club Discount❖ Laundry Facilities❖ Luxer One Package Lockers❖ Maintenance on site❖ Picnic Area With Barbecue❖ State-of-the-art Fitness Center Leasing Hours: Mon - Fri: 9:00 AM - 6:00 PMSat: 10:00 AM - 6:00 PM show contact info
Pet Policy: Life is PAWSOME here. Relax in comfort with your furry friend at your side! Pets Welcome Upon Approval. Breed restrictions apply. Limit of 2 pets per home. Pet deposit is $250 per pet. Monthly pet rent of $50 will be charged per pet. Website: https://www.theshelby.com/?utm_knock=cl Availability and pricing are subject to change daily EQUAL HOUSING OPPORTUNITY1CE92AC61BB644B"	https://seattle.craigslist.org/see/apa/d/seattle-bed-bath-we-welcome-your-pets/7713110611.html	True
7714195717	4 Weeks Free - Your New Corner 2bd/2b with NE Views	3365	ballard		BALLARD!	(47.669563, -122.38464)	False	"Book online at http://commonsatballard.com/tour
Description
*** Limited Time Look & Lease Special: Receive $500 rent credit if you lease within 48 hours after touring! ***

From spacious townhomes facing Ballard Commons Park to minimalist studio spaces with views of the city, The Commons at Ballard has smart, modern floorplans to fit a variety of lifestyles. Each residence has been optimized for high-end comfort, health, and efficiency.The Commons at Ballard was designed to be a flexible community for individuals and teams to flourish. It’s a place to live, a place to work, and a place to interact. Both the private and shared amenities contribute to an optimal balance of interactivity and sustainable living, alongside relaxation and privacy.Built with sustainability in mind, The Commons allows residential, office, and essential retail to work together within the same resource conscious footprint. The community was designed to meet LEED Platinum level certification – the highest level of design and construction performance under the U.S. Green Building Council. Life here is all about efficiency, in more ways than one.* Photos may represent similar units.
Details
Availability date: Now!
Pets: Cats, Small Dogs (< 25lb), Large Dogs (> 25lb)
Pet notes: We allow up to 2 pets per apartment, dogs and cats only.

Restricted Breeds Include: Pit Bull, Doberman Pinscher, Rottweiler, and German Shepherd.
Security Deposit: $300
Leasing options: 7 months,9 months,9+ months,12+ months
Leasing notes: Free gym membership included!
Application fee: $60 per person
Amenities
Included in Utilities Cost: (none)
Utilities Cost: Depends on usage
Laundry: In Unit, Full Size
Parking type: Garage, Electric Vehicle Charging 
Parking notes: $185/month controlled access garage
Appliances: Dishwasher, Refrigerator, Garbage disposal, Microwave, Range/Oven
Exterior: Rooftop Lounge
Heating/cooling: Central AC, Air conditioning, Double pane / Storm windows, Central Heat
Wiring: Cable-ready, High-speed internet, Intercom system
Facilities and Recreation: Clubhouse, Barbecue, Indoor/Outdoor Rooftop Lounge, Movie/Entertainment Room, Custom Bar, Free Membership to Fitness Center
Security and Access: Elevator, Controlled access, Gated entry, Disability access
Views: City, Mountain, Water, Park
Additional features: Hardwood floor, Granite countertop, Fireplace, Non-Smoking Property, Built-in Storage
Offered by:
Blanton Turner
Equal Housing Opportunity"	https://seattle.craigslist.org/see/apa/d/seattle-weeks-free-your-new-corner-2bd/7714195717.html	True
7714195001	Don't Miss Out On This 2x1 Loft Style Home.	3392	queen anne		Seattle	(47.6339, -122.3476)	False	"This is a 2 Bedroom, 2 Bath, Approximately 1090 Sq. Ft. Interested in more information? Visit link below:https://thrive.touraptnow.com/92iw88Call Now -  show contact info
 x 61Smart. Small. Stylish.Community Info:Orion is a boutique hideaway at the intersection of all things South Lake Union. Across from Denny Park, two blocks from Whole Foods, in the middle of everything that’s anything.Features: ‣  Patios* ‣  A/C*  ‣  Quartz Countertops ‣  Custom Built In Closets ‣  14 Ft Ceiling ‣  Tile Kitchen Backsplash ‣  Stainless Steel Appliances ‣  Walk In Closets*In Select HomesCommunity Amenities: ‣  Roof Top Deck with BBQ ‣  Pet Friendly w/Dog Relief Area ‣  Corner Unit ‣  Parking Garage ‣  Retail ‣  Fitness Center ‣  7th Floor Community Lounge ‣  Lobby Lounge ‣  Club Room ‣  Package Locker System ‣  South ViewPet Policy:Dog and Cats Allowed. Office Hours:Wednesday & Friday:9:00AM-6:00PMTuesday & Thursday 10:00AM-6:00PMSaturday & Sunday:10:00AM-5:00PMOrion910 John St, Seattle, WA, 98109Photos and/or floor plans shown are representational and may not depict the exact layout or features of the available unit. If currently occupied, the individual unit you've selected may not be available to tour. Please contact our leasing team with any questions.Equal Housing Opportunity1kh8eI43YD"	https://seattle.craigslist.org/see/apa/d/seattle-dont-miss-out-on-this-2x1-loft/7714195001.html	True
7714192775	4 WEEKS FREE ON A 1X1 HOME W/ AC!	2840	queen anne		Seattle	(47.6339, -122.3476)	False	"Orion910 John St, Seattle, WA, 98109Need more information? Copy this link:https://thrive.touraptnow.com/09u01oCall Now -  show contact info
 x 60Smart. Small. Stylish.1 Bedroom, 1 Bath | Approximately 672 Sq. Ft.Community Info:Orion is a boutique hideaway at the intersection of all things South Lake Union. Across from Denny Park, two blocks from Whole Foods, in the middle of everything that’s anything. Unit Highlights ✧  Patios* ✧  A/C*  ✧  Stainless Steel Appliances ✧  Tile Kitchen Backsplash ✧  14 Ft Ceiling ✧  Walk In Closets ✧  Quartz Countertops ✧  Custom Built In Closets*In Select HomesCommunity Highlights ✧  7th Floor Community Lounge ✧  Pet Friendly w/Dog Relief Area ✧  Package Locker System ✧  Retail ✧  Corner Unit ✧  South View ✧  Club Room ✧  Roof Top Deck with BBQ ✧  Parking Garage ✧  Fitness Center ✧  Lobby LoungeOffice HoursWednesday & Friday:9:00AM-6:00PMTuesday & Thursday 10:00AM-6:00PMSaturday & Sunday:10:00AM-5:00PMPet PolicyDog and Cats Allowed. Photos and/or floor plans shown are representational and may not depict the exact layout or features of the available unit. If currently occupied, the individual unit you've selected may not be available to tour. Please contact our leasing team with any questions.Equal Housing OpportunityDltp79SdTHD8"	https://seattle.craigslist.org/see/apa/d/seattle-weeks-free-on-1x1-home-ac/7714192775.html	True
7714190577	5 Weeks Free - Popular Modern 1bd/1b	2630	ballard		5621 22nd Avenue NW Seattle, WA	(47.669563, -122.38464)	False	"To schedule a tour
Book online at http://commonsatballard.com/tour
Description
*** Lease within 48 hours after touring for $500 rent credit!!! *** From spacious townhomes facing Ballard Commons Park to minimalist studio spaces with views of the city, The Commons at Ballard has smart, modern floorplans to fit a variety of lifestyles. Each residence has been optimized for high-end comfort, health, and efficiency.The Commons at Ballard was designed to be a flexible community for individuals and teams to flourish. It’s a place to live, a place to work, and a place to interact. Both the private and shared amenities contribute to an optimal balance of interactivity and sustainable living, alongside relaxation and privacy.Built with sustainability in mind, The Commons allows residential, office, and essential retail to work together within the same resource conscious footprint. The community was designed to meet LEED Platinum level certification – the highest level of design and construction performance under the U.S. Green Building Council. Life here is all about efficiency, in more ways than one.* Photos may represent similar units.
Details
Availability date: 02.06.2024
Pets: Cats, Small Dogs (< 25lb), Large Dogs (> 25lb)
Pet notes: We allow up to 2 pets per apartment, dogs and cats only.

Restricted Breeds Include: Pit Bull, Doberman Pinscher, Rottweiler, and German Shepherd.
Security Deposit: $300
Leasing options: 7 months,9 months,9+ months,12+ months
Leasing notes: Free gym membership included!
Application fee: $60per person
Amenities
Included in Utilities Cost: (none)
Utilities Cost: Depends on usage
Laundry: In Unit, Full Size
Parking type: Garage, Electric Vehicle Charging 
Parking notes: $185/month controlled access garage
Appliances: Dishwasher, Refrigerator, Garbage disposal, Microwave, Range/Oven
Exterior: Rooftop Lounge
Heating/cooling: Central AC, Air conditioning, Double pane / Storm windows, Central Heat
Wiring: Cable-ready, High-speed internet, Intercom system
Facilities and Recreation: Clubhouse, Barbecue, Indoor/Outdoor Rooftop Lounge, Movie/Entertainment Room, Custom Bar, Free Membership to Fitness Center
Security and Access: Elevator, Controlled access, Gated entry, Disability access
Views: City, Mountain, Water, Park
Additional features: Hardwood floor, Granite countertop, Fireplace, Non-Smoking Property, Built-in Storage
Offered by:
Blanton Turner
Equal Housing Opportunity"	https://seattle.craigslist.org/see/apa/d/seattle-weeks-free-popular-modern-1bd-1b/7714190577.html	True
7714179373	Newly Renovated - Space Needle View	2495	eastlake		Eastlake	(47.63775, -122.325554)	False	"Welcome to our stunning 2bed apartment located in the heart of Seattle's vibrant Eastlake neighborhood with VIEWS OF the Spaceneedle. The WALK SCORE is 88 and considered a walkers paradise being under .25 miles from Lake union, and having 7 coffee shops, 15 restaurants, 4 grocery stores and more also within a .25 mile radius. The asset is PET FRIENDLY and within a .25 mile distance to 5 public parks. 

The unit itself is currently undergoing a COMPLETE RENOVATION. The renovation will greet you with its modern design with a touch of rich classic feel with beautiful heightened and curved ceilings including original wooden accents. The kitchen boasts new stainless steel appliances and beautiful new stone countertops, perfect for preparing delicious meals. With the convenience of free laundry facilities, you can say goodbye to trips to the laundromat.  

Whether you're exploring the local art scene or enjoying a leisurely stroll along the nearby parks, there is always something exciting to do. Don't miss out on this incredible opportunity to live in a beautifully modernized classic in one of Seattle's most sought-after neighborhoods. 

Also, get to know our VERY FRIENDLY management team where our tenants are considered FAMILY. We're here to take care of them every step of the way, understanding that life happens and everyone has unique needs to make this beautifully renovated space their home. We genuinely appreciate your interest in calling this asset your home and look forward to meeting you.

Features Include:
Lake Union & Down Town Seattle Views
2 Bedroom
1 bathroom
Approximately 750 sq ft
Vinyl plank flooring
Granite countertops
Stainless steel appliances
Dishwasher
New light fixtures throughout
FREE Laundry onsite
Off-Street parking
Pets negotiable with pet rent
$125 per person for wsg
Tenant pays electricity
Electric heat
No smoking
12 month lease
Rent $2495
Deposit $2495"	https://seattle.craigslist.org/see/apa/d/seattle-newly-renovated-space-needle/7714179373.html	True
7712761079	Private Entry, BBQ/Picnic Area, Close to Public Transportation	2207	green lake		Green Lake	(47.678804, -122.325617)	False	"6900 East Green Lake Way N, Seattle, WA 98115Unit Amenities:Huge Walk-In ClosetsWasher & Dryer in Every UnitCable ReadyHardwood FloorsHigh CeilingsNookPartial Lake ViewLive-Work HomesNatural LightWindow Coverings*In Select HomesCommunity Amenities:Short Term LeasesViews of Green LakeWiFi Access in Common AreasOnsite Office Team 7 Days a WeekGreen BuildingSteps from Green LakeCall:  show contact info
For more information, visit us at: https://livecushwake.com/ncsktptt/circa-greenlake*Equal housing opportunity*"	https://seattle.craigslist.org/see/apa/d/seattle-private-entry-bbq-picnic-area/7712761079.html	True
7711276541	Just what you're looking for! 1 Bed / 1 Bath. Come and see!	2320	university district		Seattle	(47.655738, -122.317819)	False	"Welcome to Augusta Apartments Rental Information  Pricing: $2320 - $3130/Month | 1 Bedroom 1 Bath | 632 sq ftLease Term: VariableMove-In Special: 4 weeks free on all available homes! Lease terms and restrictions may apply. Please contact the leasing office for more information and book your tour with us today!Apartment Amenities   ● Deck● Dishwasher● Disposal Chutes/Trash Compactor● Double Pane Windows● Island Kitchen● Microwave● Pantry● Smoke Free● Stainless Steel Appliances● Walk-In Closets● ADA● Composting and Recycle● Courtyard View● Guest Apartment● Hardwood Floors● In Unit Washer & Dryer● Instant Hot Water● Storage Space● Walk-In Closets● Washer And DryerCommunity Features  ● 24 Hour Availability● Bike Storage● Business Center● Controlled Access● Fitness Center● Game Room● Lounge● Pet Washing Station● Self-Guided Tours● Sport Court● 24-Hour Emergency Maintenance● Basketball Court● Composting and Recycle● Conference and Study Rooms● Fitness Center with Free Weights● Lake Union Views● Online Services● Resident Lounge and Theater Room● Self-Guided Tours● Volleyball CourtAbout CommunityDescription: Our prime location, just steps away from UW, at 41st and Roosevelt in Seattle's U-District is known for its selection of trendy restaurants, shops, pubs, and coffee houses? Augusta's vibe is an appealing mix of vibrant technology and Zen-like tranquility. Browse through our website to learn more about Augusta Apartments then contact us today to set up a tour.  Location: 4041 Roosevelt Way NE  Seattle, WA 98105  show contact info
Office Hours: Mon - Fri: 10:00 AM - 6:00 PMSat: 10:00 AM - 5:00 PMAdditional InformationPet Policy: For complete Breed Restrictions, please see the Important Links section on our website.Augusta Apartments is a pet friendly community. We allow two (2) pets max per household. $50/pet monthly pet rent and a $500 pet deposit. For complete Breed Restrictions, please see the Important Links section on our website. Website: https://home.securityproperties.com/augusta/?utm_source=craigslistEQUAL HOUSING OPPORTUNITYSPRCL11E947B93E014B4EF"	https://seattle.craigslist.org/see/apa/d/seattle-just-what-youre-looking-for-bed/7711276541.html	True
7711811428	1 Bed / 1 Bath. We welcome your pets! Ask about our pet policy!	2158	belltown		Seattle - Belltown	(47.63832, -122.349538)	False	"The Shelby Leasing Office:  2201 4th Ave Seattle, WA 98121 show contact info
Take a look at what The Shelby has to offer! Have you been looking for immaculate apartment home living in Seattle, WA? Congratulations, you've found it! The Shelby offers all the comforts of home in a pristine setting that is second to none. Our apartment community is nestled in the heart of Seattle, Washington, where everything you love is just a short drive away. We are ideally located right around the corner from local shopping, dining, and entertainment. It's time to pamper yourself with the lifestyle you deserve!

Schedule a Tour: https://www.theshelby.com/?utm_knock=cl&doorway=scheduleRental Information: 1 Bedroom / 1 Bathroom / 610 sq ft / $2158/Month  Lease Terms: Variable, MonthlyApartment Amenities:➢ Cable Ready➢ Ceiling Fans➢ Den in Select Units➢ Dining Room➢ Dishwasher➢ Disposal➢ Heating➢ Microwave➢ Range➢ Wi-Fi➢ Carpeted Floors➢ Eat-in Kitchen➢ French Doors in Select Units➢ Granite Countertops➢ Hardwood Floors➢ High Speed Internet Access➢ Refrigerator➢ Walk-In Closets➢ Washer and Dryer in Home➢ Window CoveringsAdditional Information:➢ Bike Racks➢ Clubhouse➢ Courtyard➢ Elevator➢ Extra Storage➢ Lounge➢ Package Service➢ Sundeck➢ Butterfly MX Video Callbox➢ Conference Center with Wi-Fi➢ Controlled Access➢ Controlled Access Gates➢ Health Club Discount➢ Laundry Facilities➢ Luxer One Package Lockers➢ Maintenance on site➢ Picnic Area With Barbecue➢ State-of-the-art Fitness Center Leasing Hours: Mon - Fri: 9:00 AM - 6:00 PMSat: 10:00 AM - 6:00 PM show contact info
Pet Policy: Life is PAWSOME here. Relax in comfort with your furry friend at your side! Pets Welcome Upon Approval. Breed restrictions apply. Limit of 2 pets per home. Pet deposit is $250 per pet. Monthly pet rent of $50 will be charged per pet. Website: https://www.theshelby.com/?utm_knock=cl Availability and pricing are subject to change daily EQUAL HOUSING OPPORTUNITYD654E2FAF918448"	https://seattle.craigslist.org/see/apa/d/seattle-bed-bath-we-welcome-your-pets/7711811428.html	True
7714176808	Two-Tone Cabinetry, Pet Grooming Station, Private, Landscaped Patios *	2175	queen anne		seattle	(47.632569, -122.342338)	False	"UP TO 8 WEEKS FREE RENT & 3 MONTHS FREE PARKING*! Stellar Apartments 1405 Dexter Ave N, Seattle, WA, 98109Use this link for more information:https://thrive.touraptnow.com/n7q07bCall Now -  show contact info
 x 35DAZZLING NEW HOMES NOW PRE-LEASING IN SOUTH LAKE UNION1 Bedroom, 1 Bath | Approximately 526 Sq. Ft.Community Info:Enter a world of cosmic beauty and luxurious living at Stellar, located in South Lake Union, Seattle's premier waterfront neighborhood. Inspired by the dazzling stars and galaxies of our universe, Stellar offers a chance to escape the ordinary and embrace the extraordinary. From our exquisite apartment homes to our shimmering rooftop lounge with awe-inspiring city views, every detail is designed to take your living experience to astronomical heights. Whether you're a stargazer, a dreamer, or simply someone who craves a touch of magic in your life, we invite you to claim your corner of the cosmos right here at Stellar. Unit Highlights ✧  Kitchen Island * ✧  Air Conditioning ✧  Floor-to-Ceiling Windows ✧  Pantry * ✧  Walk-In Closets * ✧  In-Unit Washer & Dryer ✧  Two-Tone Cabinetry ✧  Condo-Quality Built-In Mudroom & Shelving ✧  Stainless Steel Appliances ✧  Luxury Vinyl Plank Flooring Throughout ✧  Choice of Light or Dark Color Schemes ✧  Quartz Countertops ✧  Designer Lighting & Plumbing Fixtures ✧  Private, Landscaped Patios ** Only available in select unitsCommunity Highlights ✧  State-of-the-Art Fitness Center ✧  Pet Grooming Station ✧  Rooftop Deck with Skyline & Lake Views ✧  Multi-Level Car Stacker System ✧  Grand Lobby Entrance ✧  Yoga Center ✧  Skygazer Lounge w/Fireplace, Kitchen/Bar & Stunning Views ✧  Storage Units ✧  EV Charging Stations ✧  Standard Garage Parking ✧  Co-Working SpacePet PolicyWe are a pet-friendly community! Please contact our leasing office for specific policies and related charges. Photos and/or floor plans shown are representational and may not depict the exact layout or features of the available unit. If currently occupied, the individual unit you've selected may not be available to tour. Please contact our leasing team with any questions.Equal Housing OpportunityQB7YeYEib"	https://seattle.craigslist.org/see/apa/d/seattle-two-tone-cabinetry-pet-grooming/7714176808.html	True
7714176225	The Faulkner Library Lifestyle team, Covered, onsite parking available	3195	university		University Village	(47.663298, -122.300751)	False	"Arista 4715 25th Ave NE, Seattle, WA, 98105Interested In This Unit? Use this link for more details:https://greystar.leasehomenow.com/z7t2m9Call Now -  show contact info
 x 155OR Text 155 to  show contact info
 to text with us.Timeless design. Distinctive style. Splendid location. APARTMENT HOMES NOW PRE-LEASING1 Bedroom, 1 Bath | Approximately 848 Sq. Ft.Community Info:For those who know that where we live, where we dine, and where we shop matter deeply. And who believe in the importance of our homes and surroundings, the people we spend our time with, and how we spend it. Arista is for that certain type of person who believes we must cultivate and tend to our most personal fascinations — timeless design, thoughtful curation, and distinctive style. Unit Highlights ✧  Large private outdoor terraces* ✧  Samsung stainless steel appliance package ✧  Samsung gas range ✧  Two unique interior color palettes ✧  Covered, onsite parking available ✧  Air Conditioning in all homes ✧  Modern finishes ✧  Studio, 1-bedroom, 2-bedroom, and 3-bedroom homes available*Only available in select homesCommunity Highlights ✧  Featuring a seventh-floor wine lounge ✧  Rooftop terrace with fire pits and BBQs ✧  State-of-the-art bike lounge and bike storage ✧  Proximity to UVillage shopping district ✧  Pet park and spa ✧  World-class fitness studio, yoga and circuit room ✧  Located along the historic Burke Gilman 27-mile paved trail ✧  Massage room and infrared sauna ✧  The Faulkner Library Lifestyle teamOffice HoursMonday-Friday: 10:00AM-6:00PMSaturday: 11:00AM-5:00PMPet PolicyPet friendly We do not accept Comprehensive Reusable Tenant Screening Reports as defined by and pursuant to RCW 59.18.* Floor plans are artist’s rendering. All dimensions are approximate. Actual product and specifications may vary in dimension or detail. Not all features are available in every rental home. Pricing and availability are subject to change. Rent is based on monthly frequency. Additional fees may apply, such as but not limited to package delivery, trash, water, amenities, etc. Deposits vary. Please see a representative for details.Equal Housing Opportunityj83l4DzavS"	https://seattle.craigslist.org/see/apa/d/seattle-the-faulkner-library-lifestyle/7714176225.html	True
7711306564	Secure covered parking spot	2066	seattle		Seattle, WA	(47.63982, -122.329337)	False	Stunning Eastlake 2 bdrm 2.25 bath top floor condo w/ unobstructed view across Lake Union to Gas Works Park & the Olympics. Great open floor plan lets you enjoy the sunset from the living/dining room & spacious kitchen. Beautiful custom cherry cabinets, granite counters, striking fireplace, large primary suite & 2nd bdrm w/ Murphy bed. Secure covered parking spot, 2 storage units, space for bikes & kayak. Enjoy the one of-a-kind pool that's actually out on Lake Union! Kayak or paddleboard right from the marina! Close to restaurants, Pete's Market & coffee shops. Easy access to South Lake Union, UW, Downtown & I-5. Recent building renovation with new siding, windows, decks, railings, interior common areas & dock/pool decking.	https://seattle.craigslist.org/see/apa/d/seattle-secure-covered-parking-spot/7711306564.html	True
7714175325	Modern Kitchens, Generous Closets, Parking Garage	2529	ravenna		Seattle, Ravenna, Roosvelt	(47.67534, -122.312792)	False	"This is an Urban 1 Bedroom, 1 Bath, Approximately 629 Sq. Ft. Follow This Link for More Information:https://greystar.leasehomenow.com/8wz51tCall Now -  show contact info
 x 122OR Text 122 to  show contact info
 to text us.Welcome Home to CenterlineCommunity Info:Our touring schedules and operating hours may vary as we continue to follow local phased opening guidelines and direction from local health officials. Please visit our community website for up to date information. Experience Seattle living at Centerline. With substantial first floor retail, a private/public interior courtyard, roof-top decks with dog areas, BBQ and green roofs bring a real community feeling to the building. At Centerline you're right at home.Features: ‣  Wood-Style Flooring ‣  Generous Closets ‣  Floor-to-Ceiling Windows ‣  Modern Kitchens ‣  Brand New ApartmentsCommunity Amenities: ‣  Ground Floor Retail ‣  Interior Courtyard ‣  Green Roofs ‣  Rooftop Decks & BBQ Areas ‣  Parking GaragePet Policy:Pet friendly, contact for details. Office Hours:Monday-Saturday: 9:00AM-6:00PMCenterline1420 NE 65th St, Seattle, WA, 98115 We do not accept Comprehensive Reusable Tenant Screening Reports as defined by and pursuant to RCW 59.18.* Floor plans are artist’s rendering. All dimensions are approximate. Actual product and specifications may vary in dimension or detail. Not all features are available in every rental home. Pricing and availability are subject to change. Rent is based on monthly frequency. Additional fees may apply, such as but not limited to package delivery, trash, water, amenities, etc. Deposits vary. Please see a representative for details.Equal Housing OpportunityU46EO58cDFC"	https://seattle.craigslist.org/see/apa/d/seattle-modern-kitchens-generous/7714175325.html	True
7714173526	24-Hour Maintenance, Online Payments Available, Complimentary Wi-Fi	1896	belltown		Belltown	(47.644541, -122.349439)	False	"6 Weeks FREE on select apartment homes! This is a 1 Bedroom, 1 Bath, Approximately 581 Sq. Ft. Want more info? See the link below:https://thrive.touraptnow.com/r42027Call Now -  show contact info
 x 171ONE MONTH FREE ON ALL APARTMENTS!Community Info:Experience our Seattle apartments! Wake up to the energy of the city and form a connection with Seattle’s rich musical culture. Modern and spacious apartments in the heart of Seattle await you at the Verve. Live with passion, and embrace the spirit of Seattle just steps away from the best concerts and festivals in the city. Wake up to the energy of the city and enjoy easy access to downtown. Hugging the cusp of Queen Anne and Belltown, you'll be a stone's throw away from historical restaurants, retail, museums, and parks. Find your passion, find your verve. Stunning views of the Space Needle, Puget Sound, the Cascades, and the Olympic Mountains surround our modern apartments. Unique and Seattle-centric amenity spaces will give you options to play all year long. There’s even space for your furry best friend to chill out and enjoy the view in our community dog park. Find yourself at the center and call Verve home. Stop by our location today to schedule a tour and see our available pet-friendly Seattle apartments. Call with your questions and learn more about our urban apartment community.Features: ‣  Pantry ‣  Linen Closets  ‣  Space Needle, Mountain, Water and City Views  ‣  Stainless Steel Appliances ‣  Garbage Disposal ‣  Granite Countertops ‣  Microwave ‣  Open Layouts ‣  Washer & Dryer ‣  Energy Star Appliances ‣  Glass Top Range  ‣  Additional Storage ‣  DishwasherCommunity Amenities: ‣  Board Room ‣  Reserved Resident Garage Parking ‣  Solarium ‣  BBQ grill station ‣  Resident Gatherings ‣  Rooftop Dog Lounge ‣  24-Hour Fitness Center ‣  Online Payments Available ‣  Bike Storage and Storage Lockers ‣  Space Needle, Mountain, Water and City Views ‣  Sky Lounge and Rooftop Terrace ‣  Complimentary Wi-Fi ‣  24-Hour MaintenancePet Policy:Verve welcomes your pets. Our homes accommodate up to two pets per home. Breed restrictions. Please call for more details. Office Hours:Monday-Saturday: 10:00AM-5:00PMVerve 2720 4th Ave, Seattle, WA, 98121Photos and/or floor plans shown are representational and may not depict the exact layout or features of the available unit. If currently occupied, the individual unit you've selected may not be available to tour. Please contact our leasing team with any questions.Equal Housing OpportunityGHkhqeDvzz3T"	https://seattle.craigslist.org/see/apa/d/seattle-24-hour-maintenance-online/7714173526.html	True
7714171535	Pet-Friendly Two bedroom with One Month Free!! Don't Miss Out!	1975	greenlake		Greenlake	(47.682231, -122.322789)	False	"We now book our tour appointments online!
www.greenlaketerrace.com

Property Description:
Greenlake Terrace Apartments located in North Seattle, WA. At Greenlake Terrace, you’ll experience living close to everywhere you need to be. Close access to I-5, Malls, University of Washington and Downtown Seattle. Enjoy the neighborhood walking to the lake and catching the sunset from a local Bistro. We welcome pets. We look forward to introducing you to our community. Book a Tour Today.

Details:
Availability date: 12/20/2023
Pets: Cats, Small Dogs (<25lb), Large Dogs (>25lb).
Pet Deposit $300. (Per pet)
Pet Rent $45. (Per pet, 2 pet max)
Leasing Options: Call and inquire within.
Leasing notes:
Application fee: $50
Holding fee: $150 (Goes towards $300 security deposit)
Renters Insurance Required.

Amenities:
Amazon Lockers on Sight
Garden Style Courtyard w/ BBQ area

Additional features:
Parking type: Parking Garage
Parking notes: $100
Appliances: Full size oven, Refrigerator, Dishwasher.
Heating: Electric
Security and Access: Fob Access
Easy Access to I-5
Maintenance

Offered by:
Greenlake Terrace
7415 5th Ave NE, Seattle, WA 98115

Equal Housing Opportunity"	https://seattle.craigslist.org/see/apa/d/seattle-pet-friendly-two-bedroom-with/7714171535.html	True
7714171467	Refined Living in UDistrict's New Luxury Residences	2570	university		University Village	(47.664504, -122.300891)	False	"Up to 6 Weeks Free on Select Homes!*Contact us for Additional Look & Lease Specials!*Terms and conditions apply Broadstone Strata 4906 25TH AVE NE, SEATTLE, WA, 98105Want more information on this unit? See link (below):https://greystar.leasehomenow.com/e52328Call Now -  show contact info
 x 122OR Text 122 to  show contact info
 for more information.Modern Elegance in Urban Seattle1 Bedroom, 1 Bath | Approximately 611 Sq. Ft.Community Info:Broadstone Strata is your urban retreat within the heart of Seattle. With high-end finishes, modern amenities, and spacious floor plans designed to meet your every need, living is made easy. Located across from acclaimed University Village, Broadstone Strata is within steps of the best retailers and eateries in the City. Unit Highlights ✧  Air Conditioning in Every Home ✧  Quartz Countertops ✧  Spa-Inspired Baths ✧  Stainless Steel Appliances ✧  Patios and Balconies* ✧  Wifi Enabled Front Load GE Washers & Dryers ✧  Wood-Style Flooring*In Select UnitsCommunity Highlights ✧  Speakeasy Bar - Luxurious Seating, Fireplace, and Wet Bar ✧  HIIT and On-Demand Fitness Studios ✧  Firepits, BBQ Grills, and Open-Air Dining Areas ✧  Resident Clubroom Featuring a Gourmet Chef's Kitchen ✧  Multiple Private Resident Courtyards ✧  Top-of-Line Fitness Equipment and On-Demand Classes ✧  Modern Concierge Lobby with Seating Areas ✧  Pelotons, Tonals, and other cardio and strength equipment ✧  Coworking Spaces: Pods, Library, Meeting & Focus Rooms ✧  Multi-Level Fitness Center ✧  Complimentary Coffee and Local PastriesOffice HoursMonday-Friday: 9:00AM-6:00PMSaturday-Sunday: 10:00AM-5:00PMPet PolicyBroadstone Strata is a pet-friendly apartment community! Income Requirements3x Rent We do not accept Comprehensive Reusable Tenant Screening Reports as defined by and pursuant to RCW 59.18.* Floor plans are artist’s rendering. All dimensions are approximate. Actual product and specifications may vary in dimension or detail. Not all features are available in every rental home. Pricing and availability are subject to change. Rent is based on monthly frequency. Additional fees may apply, such as but not limited to package delivery, trash, water, amenities, etc. Deposits vary. Please see a representative for details.Equal Housing OpportunityKFST74PoR"	https://seattle.craigslist.org/see/apa/d/seattle-refined-living-in-udistricts/7714171467.html	True
7714170339	MFTE One Bedroom w/ 1 Month FREE in Ballard!	1619	ballard		Seattle	(47.669225, -122.379119)	False	"VIEW OUR WEBSITE:

https://valdokapartments.com/

The perfect mixture of modern and warmth can be a tough combo to find, but we've artfully mastered it at Valdok.

Luxury open one bed one bath apartment home. This apartment requires a $300.00 deposit.

Valdok, managed by Quarterra
1701 NW 56th Street
Seattle, WA 98107
show contact info



**Income restriction apply. Contact our leasing office to learn more!"	https://seattle.craigslist.org/see/apa/d/seattle-mfte-one-bedroom-1-month-free/7714170339.html	True
7714166548	Two bedroom with ONE MONTH FREE!!!	1975	greenlake		Greenlake	(47.682231, -122.322789)	False	"We now book our tour appointments online!
www.greenlaketerrace.com

Property Description:
Greenlake Terrace Apartments located in North Seattle, WA. At Greenlake Terrace, you’ll experience living close to everywhere you need to be. Close access to I-5, Malls, University of Washington and Downtown Seattle. Enjoy the neighborhood walking to the lake and catching the sunset from a local Bistro. We welcome pets. We look forward to introducing you to our community. Book a Tour Today.

Details:
Availability date: 12/23/2023
Pets: Cats, Small Dogs (<25lb), Large Dogs (>25lb).
Pet Deposit $300. (Per pet)
Pet Rent $45. (Per pet, 2 pet max)
Leasing Options: Call and inquire within.
Leasing notes:
Application fee: $50
Holding fee: $150 (Goes towards $300 security deposit)
Renters Insurance Required.

Amenities:
Amazon Lockers on Sight
Garden Style Courtyard w/ BBQ area

Additional features:
Parking type: Parking Garage
Parking notes: $100
Appliances: Full size oven, Refrigerator, Dishwasher.
Heating: Electric
Security and Access: Fob Access
Easy Access to I-5
Maintenance

Offered by:
Greenlake Terrace
7415 5th Ave NE, Seattle, WA 98115

Equal Housing Opportunity"	https://seattle.craigslist.org/see/apa/d/seattle-two-bedroom-with-one-month-free/7714166548.html	True
7714163782	Spacious 1 Bedroom Home in SLU! 4 weeks Free If You Apply Today!	2739	queen anne		Seattle	(47.6339, -122.3476)	False	"Orion910 John St, Seattle, WA, 98109Call Now -  show contact info
 x 58Want more info? See the link below:https://thrive.touraptnow.com/ubk446Smart. Small. Stylish.1 bedroom | 1 bath | 672 square feetFeatures: ✓  Custom Built In Closets ✓  14 Ft Ceiling ✓  Tile Kitchen Backsplash ✓  Stainless Steel Appliances ✓  Quartz Countertops ✓  Walk In Closets ✓  A/C*  ✓  Patios**In Select HomesCommunity Features: ✓  Club Room ✓  Lobby Lounge ✓  Fitness Center ✓  7th Floor Community Lounge ✓  Roof Top Deck with BBQ ✓  South View ✓  Parking Garage ✓  Package Locker System ✓  Corner Unit ✓  Pet Friendly w/Dog Relief Area ✓  RetailCommunity Info:Orion is a boutique hideaway at the intersection of all things South Lake Union. Across from Denny Park, two blocks from Whole Foods, in the middle of everything that’s anything.Pet Policy:Dog and Cats Allowed. Office Hours:Wednesday & Friday:9:00AM-6:00PMTuesday & Thursday 10:00AM-6:00PMSaturday & Sunday:10:00AM-5:00PM Photos and/or floor plans shown are representational and may not depict the exact layout or features of the available unit. If currently occupied, the individual unit you've selected may not be available to tour. Please contact our leasing team with any questions.Equal Housing OpportunityHa6Ld5dDkSC"	https://seattle.craigslist.org/see/apa/d/seattle-spacious-bedroom-home-in-slu/7714163782.html	True
7713189186	Rent a great 1 bed / 1 bath!	2035	university district		Seattle	(47.655738, -122.317819)	False	"Augusta Apartments Featured Floorplan: 1-bed / 1-bath / 509 sq ftMonthly Rent: $2035 - $2505Deposit: $300 Move-In Special: 4 weeks free on all available homes! Lease terms and restrictions may apply. Please contact the leasing office for more information and book your tour with us today!Description: Part of the Your Tour, Your Way program. It's your apartment and you are welcome to tour in a way that makes you feel most at home. Whether you prefer to take a self-guided tour on your own, be accompanied by one of our leasing professionals or take a live video tour from the comfort of your home, we have options that will work for you!
Augusta Apartments in Seattle? It's where you want to live.Lease Terms: VariablePet Policy: For complete Breed Restrictions, please see the Important Links section on our website.Augusta Apartments is a pet friendly community. We allow two (2) pets max per household. $50/pet monthly pet rent and a $500 pet deposit. For complete Breed Restrictions, please see the Important Links section on our website.Apartment Amenities:❖ Deck❖ Dishwasher❖ Disposal Chutes/Trash Compactor❖ Double Pane Windows❖ Island Kitchen❖ Refigerator/Freezer❖ Smoke Free❖ Stainless Steel Appliances❖ Walk-In Closets❖ Window Coverings❖ ADA❖ Composting and Recycle❖ Courtyard View❖ Guest Apartment❖ Hardwood Floors❖ Instant Hot Water❖ Stainless Steel Appliances❖ Storage Space❖ Washer And Dryer❖ Wood Inspired Flooring Community Features:❖ 24 Hour Availability❖ Bike Storage❖ Controlled Access❖ Fitness Center❖ Multi Use Room❖ On-Site Maintenance❖ Pet Washing Station❖ Self-Guided Tours❖ Sport Court❖ Sprinkler System❖ 24-Hour Emergency Maintenance❖ Basketball Court❖ Courtyard Area❖ Fitness Center with Free Weights❖ Pet Care❖ Planned Social Activities❖ Rooftop Deck with BBQ❖ Self-Guided Tours❖ Volleyball Court❖ Walking/Biking Trails Call us:  show contact info
  4041 Roosevelt Way NE Seattle, WA 98105Mon - Fri: 10:00 AM - 6:00 PMSat: 10:00 AM - 5:00 PMWebsite: https://home.securityproperties.com/augusta/?utm_source=craigslist EQUAL HOUSING OPPORTUNITYSPRCL1196FBEA1E89764AB"	https://seattle.craigslist.org/see/apa/d/seattle-rent-great-bed-bath/7713189186.html	True
7714161414	Luxury Loft Home In SLU!  Walk In's Welcome!	3392	queen anne		Seattle	(47.6339, -122.3476)	False	"2 bedroom | 2 bath | 1090 square feetWant more information? Follow this link:https://thrive.touraptnow.com/wi8432Smart. Small. Stylish.Call Now -  show contact info
 x 57 Community Info:Orion is a boutique hideaway at the intersection of all things South Lake Union. Across from Denny Park, two blocks from Whole Foods, in the middle of everything that’s anything.Residence Features: ✩  14 Ft Ceiling ✩  Tile Kitchen Backsplash ✩  Patios* ✩  Walk In Closets ✩  Custom Built In Closets ✩  Stainless Steel Appliances ✩  A/C*  ✩  Quartz Countertops*In Select HomesCommunity Features: ✩  Fitness Center ✩  Corner Unit ✩  Parking Garage ✩  Lobby Lounge ✩  7th Floor Community Lounge ✩  Retail ✩  Club Room ✩  Package Locker System ✩  South View ✩  Pet Friendly w/Dog Relief Area ✩  Roof Top Deck with BBQPet Policy:Dog and Cats Allowed. Office Hours:Wednesday & Friday:9:00AM-6:00PMTuesday & Thursday 10:00AM-6:00PMSaturday & Sunday:10:00AM-5:00PM Photos and/or floor plans shown are representational and may not depict the exact layout or features of the available unit. If currently occupied, the individual unit you've selected may not be available to tour. Please contact our leasing team with any questions.Equal Housing Opportunitypj1pGxffdc"	https://seattle.craigslist.org/see/apa/d/seattle-luxury-loft-home-in-slu-walk/7714161414.html	True
7714154344	Up to 6 Weeks free on this one bedroom!	2356	ballard		Seattle	(47.669225, -122.379119)	False	"At Valdok, a life of luxury is just around the corner. 

Luxury one bedroom apartment home. This apartment requires a $300.00 deposit.

VIEW OUR WEBSITE:

https://valdokapartments.com/

Valdok, managed by Quarterra
1701 NW 56th Street
Seattle, WA 98107
show contact info


Monday By Appointment Only
Tuesday By Appointment Only
Wednesday By Appointment Only
Thursday By Appointment Only
Friday By Appointment Only
Saturday By Appointment Only"	https://seattle.craigslist.org/see/apa/d/seattle-up-to-weeks-free-on-this-one/7714154344.html	True
7709232796	Seattle WA, Pet Friendly, 1BD 1BA	1707	university district		400 Northeast 45th Street, Seattle, WA	(47.6633, -122.3022)	False	"400 Northeast 45th Street, Seattle, WA 98105CosmopolitanApartments is conveniently tucked next to the U District in Wallingford. Take aleisurely stroll down to Lake Union and enjoy lunch on the water at Ivar's orchoose from a variety of cuisine options on NE 45th St. Feel like rocking out? Pop over to the historicBlue Moon Tavern and catch a local band you're sure to love! If you like to bicycle, we are just blocks awayfrom the Burke-Gilman Trail. This trail will lead you to the vibrantneighborhoods of Fremont and Ballard or head in the other direction andadventure to the suburb of Woodinville to enjoy a brew at Red Hook Brewery.With our central Seattle location, whatever you're looking for, you will findit nearby at Cosmopolitan Apartments.Apartment Features:In Unit Washer & Dryer in One & Two Bedroom HomesHardwood Plank FlooringGas Utilities IncludedWalk-In Closets One & Two Bedroom HomesStunning viewsDishwasher in One & Two-Bedroom HomesCommunity Features:Laundry FacilityParking GarageFitness CenterPet FriendlyMeditation GardenControlled AccessCall:  show contact info
For more information, visit us at: https://gre-apartments.com/7muhutkr/cosmopolitanPlease leave your name and contact number when replying to this posting.*Pricing and availability are subject to change daily. Photos may not be of the exact advertised unit. Please contact us today for the most up to date information!"	https://seattle.craigslist.org/see/apa/d/seattle-seattle-wa-pet-friendly-1bd-1ba/7709232796.html	True
7714220549	Large Open One Bedroom Loft in Ballard, 1.5 Bath, W/D	2548	ballard		Ballard	(47.66862, -122.370896)	False	"Koi1139 NW Market Street, Seattle, WA, 98107Want more information on this unit? See link (below):https://greystar.leasehomenow.com/48d22kCall Now -  show contact info
 x 36OR Text 36 to  show contact info
 to contact our team.Inspired Lifestyle1 Bedroom, 1.5 Bath | Approximately 923 Sq. Ft.Community Info:KOI offers renters the very best combo of location and lifestyle. Situated in the Ballard neighborhood in Seattle, Washington, KOI offers spacious apartment homes.Relax on our rooftop deck; hang with your friends and neighbors around the fire pit. Get a work-out in at our Fully Equipped Fitness Center or recharge after a long day in our tranquil landscaped outdoor courtyard. Unit Highlights ✧  Stainless Steel Whirlpool Appliances  ✧  Private patios on every unit  ✧  Washer & Dryer in unit ✧  Spacious closets ✧  Large windows ✧  Granite Countertops ✧  Hardwood flooring ✧  Abundant Natural Light ✧  Luxurious BathroomCommunity Highlights ✧  Smoke-free building ✧  WalkScore = 92 ✧  2 Gas BBQ Grilling areas  ✧  Courtyard with massive gas fire pit ✧  Fantastic Coffee Machine w/ espresso, hot cocoa and more!  ✧  Spacious Clubhouse with Fireplace ✧  Extra Storage closets starting at $95 per month ✧  24 hour fitness center with State of the art cardio studio and Strength training equipment ✧  Bicycle Garage for $20 monthly ✧  Easy access to public transportation ✧  Package Concierge Lockers for 24 hour access ✧  Reserved, garage parking space for $175 monthly ✧  Rooftop deck w/ views, TV & Wi-Fi access ✧  Walk to Ballard Farmers Market ✧  Electric car charging stations ✧  Controlled access property ✧  Resident Website w/ Online Bill Pay, Work Orders and moreDriving DirectionsLocation is King! Ideal Ballard location provides commuters with instant connectivity to the best of Seattle, and offers residents easy access to bus routes, Interstate 5, Route 99 as well as local shopping, restaurants and entertainment venues.Office HoursMonday-Friday: 10:00AM-6:00PMSaturday: 10:00AM-5:00PMPet PolicyKOI treats your pets are a part of the family, with complimentary treats at the office every day! -2 pet maximum per apartment home -Pet deposit of $300 -Pet Rent of $50 per pet Restricted Breeds: Pit Bull Terriers/Staffordshire Terriers, Rottweiler's, Doberman Pinschers, Chows, Presa Canarios, Akitas, Alaskan Malamutes, Wolf-Hybrids Please contact our leasing professionals for more information. Income RequirementsApplicant's gross income must be 2.5 times the monthly rent. Guarantors accepted! Must have 5x the monthly rent as income and good credit. We do not accept Comprehensive Reusable Tenant Screening Reports as defined by and pursuant to RCW 59.18.* Floor plans are artist’s rendering. All dimensions are approximate. Actual product and specifications may vary in dimension or detail. Not all features are available in every rental home. Pricing and availability are subject to change. Rent is based on monthly frequency. Additional fees may apply, such as but not limited to package delivery, trash, water, amenities, etc. Deposits vary. Please see a representative for details.Equal Housing Opportunity5U86vNP3rfyU"	https://seattle.craigslist.org/see/apa/d/seattle-large-open-one-bedroom-loft-in/7714220549.html	True
7714505966	Two-Tone Cabinetry, Pantry *, State-of-the-Art Fitness Center	2180	queen anne		seattle	(47.632569, -122.342338)	False	"UP TO 8 WEEKS FREE RENT & 3 MONTHS FREE PARKING*! Stellar Apartments 1405 Dexter Ave N, Seattle, WA, 98109Call Now -  show contact info
 x 183Interested in more information? See link below:https://thrive.touraptnow.com/67sd88DAZZLING NEW HOMES NOW PRE-LEASING IN SOUTH LAKE UNION1 bedroom | 1 bath | 564 square feetFeatures: ✓  Kitchen Island * ✓  In-Unit Washer & Dryer ✓  Private, Landscaped Patios * ✓  Pantry * ✓  Floor-to-Ceiling Windows ✓  Walk-In Closets * ✓  Condo-Quality Built-In Mudroom & Shelving ✓  Choice of Light or Dark Color Schemes ✓  Stainless Steel Appliances ✓  Quartz Countertops ✓  Two-Tone Cabinetry ✓  Luxury Vinyl Plank Flooring Throughout ✓  Air Conditioning ✓  Designer Lighting & Plumbing Fixtures* Only available in select unitsCommunity Features: ✓  Yoga Center ✓  Storage Units ✓  Multi-Level Car Stacker System ✓  Rooftop Deck with Skyline & Lake Views ✓  State-of-the-Art Fitness Center ✓  Pet Grooming Station ✓  EV Charging Stations ✓  Co-Working Space ✓  Grand Lobby Entrance ✓  Standard Garage Parking ✓  Skygazer Lounge w/Fireplace, Kitchen/Bar & Stunning ViewsCommunity Info:Enter a world of cosmic beauty and luxurious living at Stellar, located in South Lake Union, Seattle's premier waterfront neighborhood. Inspired by the dazzling stars and galaxies of our universe, Stellar offers a chance to escape the ordinary and embrace the extraordinary. From our exquisite apartment homes to our shimmering rooftop lounge with awe-inspiring city views, every detail is designed to take your living experience to astronomical heights. Whether you're a stargazer, a dreamer, or simply someone who craves a touch of magic in your life, we invite you to claim your corner of the cosmos right here at Stellar.Pet Policy:We are a pet-friendly community! Please contact our leasing office for specific policies and related charges. Photos and/or floor plans shown are representational and may not depict the exact layout or features of the available unit. If currently occupied, the individual unit you've selected may not be available to tour. Please contact our leasing team with any questions.Equal Housing Opportunityv8rbjjlnS"	https://seattle.craigslist.org/see/apa/d/seattle-two-tone-cabinetry-pantry-state/7714505966.html	True
7714505381	Iconic views of the city, Cable/Satellite, On-Site Maintenance	2139	belltown		Belltown	(47.638896, -122.35563)	False	"4-8 Weeks Free! This is a 1 Bedroom, 1 Bath, Approximately 628 Sq. Ft. See our property details here:https://greystar.leasehomenow.com/3yr470Call Now -  show contact info
 x 123OR Text 123 to  show contact info
 to contact us.Conveniently located boutique charm in Belltown's historic Community Info:The 34 homes of the Goodwin rest on one of Seattle’s most storied intersections at First and Bell. Originally a part of Louis Rowe’s strip of storefronts, 2233 First has been known throughout the city’s exciting history as the National Sheet Metal Company, Hotel Grace, and many other monikers and embodiments. It is apropos that this prolific and historic corner continues its likeness as a place that’s centrally located, attainable for everyone, and undeniably Seattle.Features: ‣  Kitchen with High-End Appliances & Gas Stove ‣  Air Conditioning ‣  Granite Countertops ‣  Washer/Dryer ‣  Dishwasher ‣  Hardwood Floors ‣  Heat ‣  Cable/Satellite ‣  Refrigerator ‣  Alarm System ‣  BalconyCommunity Amenities: ‣  Rooftop with a grilling station, lounge area, garden and firepits ‣  Fetch Package Delivery ‣  Reserved Parking in Garage (additional fees apply) ‣  On-Site Maintenance ‣  The Lobby ‣  Iconic views of the city ‣  Online Payments Available ‣  Library with books, magazines, and local papersPet Policy:Max 2 pets per apartment Pet Deposit: $300 Pet Rent per Month: $35 Income Requirements:3x rent 5x rent (guarantor) Office Hours:Tuesday-Saturday: 9:00AM-6:00PMThe Goodwin 2233 1st Ave, Seattle, WA, 98121 We do not accept Comprehensive Reusable Tenant Screening Reports as defined by and pursuant to RCW 59.18.* Floor plans are artist’s rendering. All dimensions are approximate. Actual product and specifications may vary in dimension or detail. Not all features are available in every rental home. Pricing and availability are subject to change. Rent is based on monthly frequency. Additional fees may apply, such as but not limited to package delivery, trash, water, amenities, etc. Deposits vary. Please see a representative for details.Equal Housing OpportunityAt601I58"	https://seattle.craigslist.org/see/apa/d/seattle-iconic-views-of-the-city-cable/7714505381.html	True
7714505198	Resident Lounge, Refrigerator, Washer/Dryer, Balcony/Patio	3199	seattle		24 Etruria Street, Seattle Wa 98109	(47.647743, -122.356705)	False	"This is a 1 Bedroom, 1 Bath, Approximately 1011 Sq. Ft. Visit This Website to See More:www.henryseattle.com/Call Now -  show contact info
 x 44OR Text 44 to  show contact info
 to chat!A haven to call home in North Queen AnneCommunity Info:Henry in Seattle offers 22 different unit layouts, ranging from studios to a variety of one-bedroom options that include open, traditional, lofted, and even live/work floor plans. Henry is nestled within the greenery and tree-lined streets of North Queen Anne, where you can enjoy a quiet, tranquil setting while still being near great schools and universities, major local employers, shopping, and outdoor fun.Features: ‣  Walk-in Closets* ‣  Garbage Disposal ‣  Balcony/Patio ‣  Subway Tiles* ‣  Large Windows ‣  Refrigerator ‣  Washer/Dryer ‣  Dishwasher ‣  Vaulted Ceilings* ‣  Quartz Countertops ‣  Wood-Style Flooring ‣  Stainless Steel AppliancesCommunity Amenities: ‣  Pet Friendly ‣  Secure Package Service ‣  Parking Garage ‣  Controlled Access ‣  Rooftop Lounge ‣  Recycling ‣  Onsite Management ‣  Resident Lounge ‣  Rooftop Grills ‣  Courtyard ‣  Online Rental PaymentsOffice Hours:Monday-Friday: 9:00AM-6:00PMHenry24 Etruria St , Seattle, WA, 98109Equal Housing OpportunityuOEIHpo4EC9a"	https://seattle.craigslist.org/see/apa/d/seattle-resident-lounge-refrigerator/7714505198.html	True
7714505053	Controlled-access entry and elevators, Free bike storage	2120	university		University District	(47.65832, -122.311974)	False	"1 bedroom | 1 bath | 635 square feetMore unit details at:https://blantonturner.touraptnow.com/5201seWelcome to Russell Hall!Call Now -  show contact info
 x 132OR Text 132 to  show contact info
 to contact our leasing team. Community Info:Your home should be a good fit for your lifestyle. That's why Russell Hall is carefully designed to achieve LEED certification. Whether you choose a studio or a one-bedroom apartment, wake up to inspiring, unobstructed views of downtown, Lake Union, Portage Bay, and the University District. You can park in the convenient 24-hour controlled-access garage parking. No need to hunt for a coveted parking spot, rain or shine. Or if you bike to work or around the city, Russell Hall offers convenient storage in the building that will hold your bike and still have additional space for other belongings. This means more opportunities to ride and less carbon emissions!Residence Features: ✩  Designer porcelain countertops and tile backsplash ✩  Select units feature walk-in closets, kitchen pantry storage, and stunning Seattle skyline views ✩  All residential apartments are located on the top two floors, featuring large windows with views of the UW campus ✩  Fully-equipped kitchens with stainless steel appliances ✩  Open, unfurnished floorplans with maple or concrete flooring options and carpeted bedrooms ✩  Stacked washer and dryer in every apartmentCommunity Features: ✩  Paid garage parking ✩  LEED Gold certified ✩  Located across the street from UW and The Ave ✩  Controlled-access entry and elevators ✩  Tour Today ✩  Free bike storage ✩  Rooftop deck garden with BBQs, dining, and relaxationPet Policy:No pets are allowed at Russell Hall. Office Hours:Monday-Saturday: 9:00AM-5:00PMEqual Housing Opportunityti9tnCu5g"	https://seattle.craigslist.org/see/apa/d/seattle-controlled-access-entry-and/7714505053.html	True
7714504976	Spacious Studio with Walk In Closet & Patio	2448	ballard		Ballard	(47.66862, -122.370896)	False	"This is a 1 Bedroom, 1.5 Bath, Approximately 820 Sq. Ft. Need more information? Copy this link:https://greystar.leasehomenow.com/46kL67Inspired LifestyleCall Now -  show contact info
 x 38OR Text 38 to  show contact info
 to text our team directly. Community Info:KOI offers renters the very best combo of location and lifestyle. Situated in the Ballard neighborhood in Seattle, Washington, KOI offers spacious apartment homes.Relax on our rooftop deck; hang with your friends and neighbors around the fire pit. Get a work-out in at our Fully Equipped Fitness Center or recharge after a long day in our tranquil landscaped outdoor courtyard.Residence Features: ✩  Abundant Natural Light ✩  Granite Countertops ✩  Large windows ✩  Washer & Dryer in unit ✩  Spacious closets ✩  Hardwood flooring ✩  Luxurious Bathroom ✩  Private patios on every unit  ✩  Stainless Steel Whirlpool Appliances Community Features: ✩  Rooftop deck w/ views, TV & Wi-Fi access ✩  Courtyard with massive gas fire pit ✩  Smoke-free building ✩  Reserved, garage parking space for $175 monthly ✩  Package Concierge Lockers for 24 hour access ✩  Walk to Ballard Farmers Market ✩  24 hour fitness center with State of the art cardio studio and Strength training equipment ✩  Electric car charging stations ✩  Resident Website w/ Online Bill Pay, Work Orders and more ✩  WalkScore = 92 ✩  Extra Storage closets starting at $95 per month ✩  Bicycle Garage for $20 monthly ✩  Easy access to public transportation ✩  Spacious Clubhouse with Fireplace ✩  2 Gas BBQ Grilling areas  ✩  Fantastic Coffee Machine w/ espresso, hot cocoa and more!  ✩  Controlled access propertyPet Policy:KOI treats your pets are a part of the family, with complimentary treats at the office every day! -2 pet maximum per apartment home -Pet deposit of $300 -Pet Rent of $50 per pet Restricted Breeds: Pit Bull Terriers/Staffordshire Terriers, Rottweiler's, Doberman Pinschers, Chows, Presa Canarios, Akitas, Alaskan Malamutes, Wolf-Hybrids Please contact our leasing professionals for more information. Income Requirements:Applicant's gross income must be 2.5 times the monthly rent. Guarantors accepted! Must have 5x the monthly rent as income and good credit.Driving Directions:Location is King! Ideal Ballard location provides commuters with instant connectivity to the best of Seattle, and offers residents easy access to bus routes, Interstate 5, Route 99 as well as local shopping, restaurants and entertainment venues.Office Hours:Monday-Friday: 10:00AM-6:00PMSaturday: 10:00AM-5:00PM We do not accept Comprehensive Reusable Tenant Screening Reports as defined by and pursuant to RCW 59.18.* Floor plans are artist’s rendering. All dimensions are approximate. Actual product and specifications may vary in dimension or detail. Not all features are available in every rental home. Pricing and availability are subject to change. Rent is based on monthly frequency. Additional fees may apply, such as but not limited to package delivery, trash, water, amenities, etc. Deposits vary. Please see a representative for details.Equal Housing OpportunityV5lMZIRTPyZl"	https://seattle.craigslist.org/see/apa/d/seattle-spacious-studio-with-walk-in/7714504976.html	True
7708215187	Elevator, Gated Garage Parking, Bike Storage Room	2796	green lake		6900 East Green Lake Way N, Seattle, WA	(47.678804, -122.325617)	False	"6900 East Green Lake Way N, Seattle, WA 98115Experience the epitome of luxury living at Circa Greenlake Apartments. Located on the shores of the iconic Green Lake, our community offers unparalleled lakefront views, upscale interiors, and resort-style amenities. Live in style, surrounded by the beauty of nature, while still enjoying the convenience of being minutes away from downtown Seattle.Unit Amenities:Huge Walk-In ClosetsWasher & Dryer in Every UnitCable ReadyHardwood FloorsHigh CeilingsNookPartial Lake ViewLive-Work HomesNatural LightWindow Coverings*In Select HomesCommunity Amenities:Short Term LeasesViews of Green LakeWiFi Access in Common AreasOnsite Office TeamGreen BuildingSteps from Green LakeCall:  show contact info
For more information, visit us at: https://livecushwake.com/5nvl4zoq/circa-greenlake*Equal housing opportunity*"	https://seattle.craigslist.org/see/apa/d/seattle-elevator-gated-garage-parking/7708215187.html	True
7714491593	1 month free!! Looking For Convenience? Well, Look No Further!	2399	ravenna		Roosevelt	(47.67712, -122.320038)	False	"Eleanor Apartments800 NE 67th St. , Seattle, WA, 98115Follow This Link for More Information:https://mack.touraptnow.com/19cv5nCall Now -  show contact info
 x 66OR Text 66 to  show contact info
 to contact our leasing team.Live comfortably. Live genuinely.1 Bedroom, 1 Bath | Approximately 641 Sq. Ft.Community Info:Live at Eleanor and live genuinely Northwest. Inspired by the “First Lady of the World”, Eleanor on Roosevelt values sustainability, authenticity, and individuality. Stylish Seattle Living right in the heart of the Roosevelt neighborhood. With modern finishes, stainless steel appliances and rich quartz counter tops, Eleanor offers a place you can call home both in comfort and style.App-Based Accessibility:Luxer Package Lockers for ease of package deliveries as well as ButterflyMX System for callbox and app-based accessibility. 24/7 Gym:With all hours access, Eleanor's fitness center is set to accommodate your busy schedule so you can work out when works best for you. Fully stocked with free weights, exercise bikes, treadmills, punching bags, and a multi-station strength machine, we've got what you need to meet an array of fitness goals.Rooftop Amenities:Enjoy Eleanor's sky lounge, just steps from your new home. With 2 floors of lounge space, featuring a full kitchen, television and upper deck pool table, our sky lounge is the perfect place to take in the incredible views of the neighborhood.Our Neighborhood:Located just minutes from Greenlake and Cowen Park, Eleanor Apartments boasts a wide array of outdoor activities at your fingertips. With the Roosevelt Lightrail Station just a block away and multiple bus lines within a few minutes' walk, you can enjoy ease of access to wherever your day might take you. Having some of the area's favorite grocers nearby, including PCC, Whole Foods, and Safeway, as well as an array of local dining options, fine eats are never hard to find.Eleanor is where integrity meets connectivity. Come see us and we'll be happy to show you your new home! Unit Highlights ✧  Walk-In Closets *select homes ✧  Custom Glass Tile Backsplash - For a pop of style that's easy to coordinate with. ✧  A/C *select homes ✧  Plank Flooring - Easy to clean and excellent for pet owners. ✧  Balcony/Patio *select home ✧  Sleek, Modern Cabinetry - Simply stylish ✧  Quartz Countertops - Stain and chip resistantCommunity Highlights ✧  2-Story Community Lounge ✧  Dog Salon ✧  Storage Units ✧  Courtyard With Fountain ✧  Underground Parking, EV ports available  ✧  Laundry Room ✧  Bike Storage and Gear Room ✧  Rooftop Deck with Grills and Fire pit ✧  Fitness Center ✧  Secure lockers with package trackingDriving DirectionsHeading North-1. Merge onto I-5 North 2. Take exit 170 for Ravenna Blvd toward NE 65th St3. Follow 8th Ave NE to NE 67th St4. Continue onto 8th Ave NE5. Turn right to stay on 8th Ave NE6. Turn right onto NE 67th St7. Destination will be on your leftHeading South-1. Merge onto I-52. Take exit 171 towards NE 71st St/NE 65th St3. Take NE 70th St and 8th Ave NE to NE 67th St4. Merge onto 6th Ave NE5. Turn left on NE 70th St6. Turn right onto 8th Ave NE7. Turn left onto NE 67th St8. Destination will b e on the leftOffice HoursMonday-Friday:9:00AM-6:00PMSaturday:10:00AM-5:00PMPet Policy2 Pet Max 70 lb. combined weight limit Income Requirements2.5 times the monthly rentEqual Housing OpportunityGreenlake Lightrail Burke Gilman Trail Whole Foods University District University of Washington Walkable Close Community Public Transportation University Village Tons of Coffee Shops PetFriendly Close Veterinarian Student Friendly North Seattle College North Seattle FamilyFriendly Wonderful Restaurants Revenna Park Roosevelt High School Roosevelt Neighborhood Seattle Apartment Woodland Park ZooWW0HTnta"	https://seattle.craigslist.org/see/apa/d/seattle-month-free-looking-for/7714491593.html	True
7714493312	2 Bedroom 2 Bath!!! 4 weeks free	3253	ravenna		Seattle, Roosevelt, Green Lake, Ravenna	(47.67562, -122.318537)	False	"Rooster Apartments900 Ne 65th St, Seattle, WA, 98115Call Now -  show contact info
 x 13Want more information? Follow this link:https://thrive.touraptnow.com/8ea5pzAN ACTIVE URBAN LIFESTYLE IN THE ROOSEVELT YOU LOVE2 bedroom | 2 bath | 1086 square feetFeatures: ✓  Wood plank flooring ✓  Washer and Dryer in every unit ✓  Floor to ceiling windows for unsurpassed natural light ✓  Wine rack ✓  Energy Star stainless steel appliances ✓  Hard surface stone-style counters ✓  Industrial deep sinks with Grohe pulldown faucets ✓  European style refrigeratorCommunity Features: ✓  BBQ ✓  Professional, local management ✓  Fire pit ✓  Wi-Fi throughout common areas and rooftop ✓  24 hour fitness center ✓  Furnished guest suite for your out of town visitors ✓  Expansive rooftop deck ✓  Amazing first floor retail with Portage Bay Café at your doorstep ✓  Pet friendly community with dog wash and rooftop dog run.  ✓  Controlled entry with direct-to-mobile intercom ✓  Walkable to groceries, restaurants, parks and transit ✓  Bike storage room with repair station ✓  Inviting community lounge with showcase kitchen and heated terrace – perfect for entertaining ✓  Online rent payment and maintenance requests ✓  Dining areas ✓  Inspiring views from Mount Rainier and the Seattle skyline to Greenlake and the OlympicsCommunity Info:Rooster Apartments is all about connections. Its location connects you to your favorite North Seattle gems, while also providing access to routes and bus lines that connect you to Downtown, Northgate, Ballard, The University District, and beyond.The walkability of the neighborhood connects you to the friendly charm of Roosevelt’s dining, shopping, parks, and even nightlife, surrounded by the neighbors you’ll soon recognize as friends.Office Hours:Wednesday & Friday:9:00AM-6:00PMTuesday & Thursday 10:00AM-6:00PMSaturday:10:00AM-5:00PM Photos and/or floor plans shown are representational and may not depict the exact layout or features of the available unit. If currently occupied, the individual unit you've selected may not be available to tour. Please contact our leasing team with any questions.Equal Housing Opportunity754Zss1irf"	https://seattle.craigslist.org/see/apa/d/seattle-bedroom-bath-weeks-free/7714493312.html	True
7714491774	Currently offering six weeks free!	2990	belltown		Belltown	(47.644383, -122.362039)	False	"6 Weeks FREE on select apartment homes! Verve 2720 4th Ave, Seattle, WA, 98121Follow This Link for More Information:https://thrive.touraptnow.com/750853Call Now -  show contact info
 x 68ONE MONTH FREE ON ALL APARTMENTS!2 Bedroom, 1 Bath | Approximately 934 Sq. Ft.Community Info:Experience our Seattle apartments! Wake up to the energy of the city and form a connection with Seattle’s rich musical culture. Modern and spacious apartments in the heart of Seattle await you at the Verve. Live with passion, and embrace the spirit of Seattle just steps away from the best concerts and festivals in the city. Wake up to the energy of the city and enjoy easy access to downtown. Hugging the cusp of Queen Anne and Belltown, you'll be a stone's throw away from historical restaurants, retail, museums, and parks. Find your passion, find your verve. Stunning views of the Space Needle, Puget Sound, the Cascades, and the Olympic Mountains surround our modern apartments. Unique and Seattle-centric amenity spaces will give you options to play all year long. There’s even space for your furry best friend to chill out and enjoy the view in our community dog park. Find yourself at the center and call Verve home. Stop by our location today to schedule a tour and see our available pet-friendly Seattle apartments. Call with your questions and learn more about our urban apartment community. Unit Highlights ✧  Garbage Disposal ✧  Granite Countertops ✧  Washer & Dryer ✧  Pantry ✧  Space Needle, Mountain, Water and City Views  ✧  Additional Storage ✧  Dishwasher ✧  Stainless Steel Appliances ✧  Energy Star Appliances ✧  Microwave ✧  Linen Closets  ✧  Glass Top Range  ✧  Open LayoutsCommunity Highlights ✧  Complimentary Wi-Fi ✧  Board Room ✧  Resident Gatherings ✧  Rooftop Dog Lounge ✧  Sky Lounge and Rooftop Terrace ✧  24-Hour Maintenance ✧  Bike Storage and Storage Lockers ✧  Space Needle, Mountain, Water and City Views ✧  Online Payments Available ✧  Reserved Resident Garage Parking ✧  BBQ grill station ✧  24-Hour Fitness Center ✧  SolariumOffice HoursMonday-Saturday: 10:00AM-5:00PMPet PolicyVerve welcomes your pets. Our homes accommodate up to two pets per home. Breed restrictions. Please call for more details. Photos and/or floor plans shown are representational and may not depict the exact layout or features of the available unit. If currently occupied, the individual unit you've selected may not be available to tour. Please contact our leasing team with any questions.Equal Housing OpportunitywtA4XgAa3pc"	https://seattle.craigslist.org/see/apa/d/seattle-currently-offering-six-weeks/7714491774.html	True
7714490108	Business Center with workspaces and whiteboards	2498	fremont		Fremont	(47.650809, -122.342425)	False	"1 Bedroom, 1 Bath | Approximately 819 Sq. Ft.Use this link for more info:thehayesapartments.com/Welcome to The Hayes on Stone WayCall Now -  show contact info
 x 108OR Text 108 to  show contact info
 to contact our leasing team. Community Info:Are you looking for apartments in Fremont, Seattle? The Hayes on Stone Way offers a mix of modern studio, one-, and two-bedroom floor plans that fit your lifestyle and needs. Each apartment is designed to fit your unique individuality. The picturesque, modern exterior of our apartment building is combined with luxurious amenities inside each apartment. Residents will also love our modern community amenities.All of our apartment and community features are coupled with being in a fantastic location, within close proximity to local restaurants, parks, and shopping. Contact us today to schedule a tour of our apartments in Fremont Seattle.Residence Features: ✩  Energy efficient lighting including versatile track lighting systems custom configured to each floor plan ✩  High-speed data wiring ✩  Quartz slab countertops in kitchens and baths ✩  Energy Star rated Whirlpool appliances, including microwave, dishwasher and range/oven, and full-size washer and dryer in each home ✩  Many homes with private terraces ✩  2 distinct and sophisticated color palette choices in appealing, modern tones ✩  Tall ceilings and large, operable windows ✩  Stainless steel kitchen sinks with pull-out designer selected plumbing fixtures ✩  Several homes with west and south (Lake Union) facing views ✩  Some units utilize sliding glass dividers for maximizing interior space ✩  Efficiently designed and inviting floor plans with ample kitchen storage ✩  Noise-absorbing, soft commercial vinyl plank floors paired with carpet in bedrooms ✩  European style cabinets with brushed nickel hardware accents ✩  Louver blindsCommunity Features: ✩  Game Room with bar, lounge area, community refrigerator, and shuffleboard ✩  Controlled access entry system ✩  Media Room: movie screen, terraced seating, and entertainment bar ✩  Pet washroom ✩  24-hour on-line concierge and management services ✩  Street-level retail space ✩  Resident rooftop deck with spectacular views, bar seating areas, lounge chairs, heaters, BBQs, Outdoor TV, community garden, and fire pits ✩  Acoustical sound engineered throughout the building ✩  Bike storage, maintenance station, and bike wash area ✩  Fitness room loaded with professional-grade equipment ✩  Business Center with workspaces and whiteboards ✩  Luxer One package locker system with 24/7 secured access ✩  Locally commissioned artworkOffice Hours:Monday-Friday: 9:00AM-6:00PMSaturday-Sunday: 10:00AM-5:00PMEqual Housing OpportunitySesME9TwDD"	https://seattle.craigslist.org/see/apa/d/seattle-business-center-with-workspaces/7714490108.html	True
7707227818	Never Search for On-Street Parking Again!	1950	ballard		Ballard	(47.67012, -122.376466)	False	"Tired of searching for street parking when you come home? This one bed/one bath condo includes your own assigned parking spot in a SECURE garage.

Live in the heart of Ballard, steps away from the shops, restaurants and nightlife.

Walk to supermarkets, pharmacies, post office. 

Ride Metro’s RapidRide D-Line to downtown Seattle; bus stops a block away and runs 24/7.

This 700sf  3rd floor condo features:
~ large kitchen with granite countertops, subway tile backsplash, lots of storage, peninsula with eating bar (not your typical apartment galley kitchen)
~ stainless steel appliances (refrigerator, stove/oven, microwave, dishwasher, disposal)
~ in-unit washer/dryer
~ cozy electric fireplace with mantle
~ bedroom that fits a king-size bed with walk-in closet and blackout window shade
~ spacious bathroom with glass tub enclosure
~ in-unit storage room with adjustable shelves (big enough for your bike, camping or skiing gear)
~ freshly painted in neutral colors
~ new carpet and hardwoods
~ high-speed Internet access
~ cable ready
~ TV mount above the fireplace
~ energy efficient lighting 
~ smoke-free

Located in The Ballard condominiums, amenities include:
~ quiet tree-lined street
~ secure FOB entry
~ assigned parking in SECURE garage (no extra fee)
~ elevators
~ concierge
~ pool, hot tub and sauna
~ 24-hour exercise room
~ courtyard with BBQs, tables
~ expansive roof deck with furniture, fire pit, pea patches, sweeping views
~ business center + meeting room
~ clubhouse with full kitchen
~ garbage and recycling rooms on every floor

$1950/month includes parking spot, water, sewage and garbage.
Renter is responsible for electricity, Internet, cable. 
Owner covers HOA fees.

Sorry, no pets and no smoking.

12 month lease. Deposit of $1950 plus first month's rent due at lease signing (total of $3900).
Owner pays condo move-in fees.

NOTE:  Please text me at  show contact info
 if interested; the Craigslist reply function has not been working consistently."	https://seattle.craigslist.org/see/apa/d/seattle-never-search-for-on-street/7707227818.html	True
7714471047	$500 off at Move In Urban One Bed Ready to move in	1750	ballard		Ballard	(47.67592, -122.374585)	False	"Open One Bed second floor level apartment! Outfitted with hardwood floors with all luxury finishes including quartz counter tops, stainless steel appliances, elegant light fixtures, and washer/dryer in unit.

Juliette balcony

Apartment Features:
- Hardwood Floors 
- Stainless Steel Appliances
- Full Size Washer/ Dryer
- Quartz Counters Throughout
- Deep Sinks with Steady Flow Faucets
- Curved Shower Curtains
- Soft Lights behind Modern Fixtures
- Glass Stove Top and Oven
- Microwave
- Stainless Steel Refrigerator 
- Dish Washer - large enough to fit eight full sets of dishes
- Controlled Access via a Phone Operated Intercom System
- Pet Friendly -- Pet Rent only $50/month

This is an Apartment you'll be proud to call home!
When you build small you are building with care. Detail is the watchword and Ship Street Apartments takes it to heart. With carefully crafted spaces, lounge seating, planters and a deck that hovers over the courtyard to gather neighbors and build community. Each home features wide wood plank vinyl flooring, luxury stainless appliances, quartz counters, even balconies or patios in each unit. It's a luxuriously modern addition to a historically original neighborhood. Located footsteps from 15th Avenue NW, our property is only blocks away from the vibrant attractions for which this neighborhood is known for. With a walk score of 89, you will never be more than a few steps away from shopping, dining, parks, and the Ballard's farmers market""

Ship Street Apartments is managed by Pacific Crest Real Estate and is cleaned professionally weekly with daily upkeep by professional and friendly management. Bill pay is easy with an online portal through which you can pre-schedule all your rent for the upcoming year. You never have to pay another late or notice fee! This same online portal allows you to submit maintenance requests to our 24/7 maintenance team, and full-time in-office management ensures that your maintenance requests will be addressed promptly.

And now for the finances:
$1750 Rent
$900 Security Deposit (can be paid in equal installments up to 6 months)
$42 Application Fee paid towards the application website

Pets?
$300 fully refundable pet deposit (can be paid in equal installments up to 3 months)
$50 monthly pet rent

We require Renters Insurance with a minimum Personal Liability of $500,000. Applications are done online, as well as our lease signing process. Utilities are sub-metered, so you pay for what you use."	https://seattle.craigslist.org/see/apa/d/seattle-500-off-at-move-in-urban-one/7714471047.html	True
7713143062	Pet Friendly, Stainless Steel Appliances, 1 bedroom	2113	ballard		5555 14th Avenue Northwest, Seattle, WA	(47.6701, -122.3763)	False	"AVA is a living space steps from the energy of Ballard – where bars and clubs converge with galleries and restaurants, where sushi meets tacos, and music collides with performing arts. Oh yeah, and just blocks from the 44, 17 and Rapid Ride D bus lines, we're a straight shot to Downtown Seattle. From True North Roasting House and Great Notion Brewing to Ballard Corners Park and Majestic Bay Theatres, there will always be opportunities to have unique experiences. Our chic studios and 1- and 2-bedroom Seattle apartments feature an urban-inspired design that extends beyond your walls to social spaces to connect, relax and play. Plus, our technology package, AVAConnect, offers high-speed and common area WiFi, digital resident services including the ability to submit service requests and pay your rent online, package service, and more. Now with our Furnished+ program, apartment living is easier than ever before. Appreciate the stylish furnishings and enjoy the convenience of pre-installed Wi-Fi and cable TV, flexible lease-terms, and utilities that are included in your rent. With Furnished+, you can step right into the life you want to live, without all the hassle. There are chill spaces with Wi-Fi, flat screens and comfy seating to hang with your friends or unwind alone, an awesome fitness center, a pet run for your pooch, and lots of resident parking and bike storage. And did we mention the Rooftop deck? Our Seattle apartments have the latest features and amenities and are just blocks from the best local hotspots, including the True North Roasting House, Great Notion Brewing, Ballard Corners Park and Majestic Bay Theatres. Stroll around Seattle and discover what's in store for you. So what are you waiting for? Dive in and make our Seattle apartments your new home today.-AVAConnect Technology Package-Fitness Center-Pet Friendly-In-Unit Washer/Dryer-Parking-High-Speed WiFi-Green Community-Stainless Steel AppliancesCall:  show contact info
Visit https://avalon-communities.com/z56laedj/ava-ballard to learn more.Prices and availability are subject to change."	https://seattle.craigslist.org/see/apa/d/seattle-pet-friendly-stainless-steel/7713143062.html	True
7714454288	Limited Offer! 3BR, No Rent Change for 3 Years! Tour Today!	3100	ravenna		Roosevelt, Seattle	(47.674677, -122.311837)	False	"Renew Roosevelt - Now Leasing!


Do not miss out on this beautiful 3-bedroom 2-bathroom home with true wood plank flooring and ample space! This unique home is in the heart of the Ravenna neighborhood, and makes walking to LA Fitness, Roosevelt Light Rail, Whole Foods, and the Roosevelt shopping center a breeze.

Home and Community Amenities:

• Gas Burning Fire Place
• Wood Plank Floors
• Walk in Closets
• Updated Appliances
• Juliet Balcony
• Washer/Dryer
• 1 Free Parking Spot
• Easy access to public transportation
• Conveniently located near Roosevelt Square"	https://seattle.craigslist.org/see/apa/d/seattle-limited-offer-3br-no-rent/7714454288.html	True
7714458912	Board Room, Open Layouts, Pantry, Microwave	2025	belltown		Belltown	(47.644383, -122.362039)	False	"6 Weeks FREE on select apartment homes! Verve 2720 4th Ave, Seattle, WA, 98121Call Now -  show contact info
 x 172More unit details at:https://thrive.touraptnow.com/yc1586ONE MONTH FREE ON ALL APARTMENTS!1 bedroom | 1 bath | 583 square feetFeatures: ✓  Dishwasher ✓  Space Needle, Mountain, Water and City Views  ✓  Stainless Steel Appliances ✓  Energy Star Appliances ✓  Granite Countertops ✓  Washer & Dryer ✓  Open Layouts ✓  Pantry ✓  Microwave ✓  Garbage Disposal ✓  Glass Top Range  ✓  Additional Storage ✓  Linen Closets Community Features: ✓  Online Payments Available ✓  24-Hour Fitness Center ✓  Bike Storage and Storage Lockers ✓  Complimentary Wi-Fi ✓  Space Needle, Mountain, Water and City Views ✓  Reserved Resident Garage Parking ✓  24-Hour Maintenance ✓  Sky Lounge and Rooftop Terrace ✓  Solarium ✓  BBQ grill station ✓  Resident Gatherings ✓  Rooftop Dog Lounge ✓  Board RoomCommunity Info:Experience our Seattle apartments! Wake up to the energy of the city and form a connection with Seattle’s rich musical culture. Modern and spacious apartments in the heart of Seattle await you at the Verve. Live with passion, and embrace the spirit of Seattle just steps away from the best concerts and festivals in the city. Wake up to the energy of the city and enjoy easy access to downtown. Hugging the cusp of Queen Anne and Belltown, you'll be a stone's throw away from historical restaurants, retail, museums, and parks. Find your passion, find your verve. Stunning views of the Space Needle, Puget Sound, the Cascades, and the Olympic Mountains surround our modern apartments. Unique and Seattle-centric amenity spaces will give you options to play all year long. There’s even space for your furry best friend to chill out and enjoy the view in our community dog park. Find yourself at the center and call Verve home. Stop by our location today to schedule a tour and see our available pet-friendly Seattle apartments. Call with your questions and learn more about our urban apartment community.Pet Policy:Verve welcomes your pets. Our homes accommodate up to two pets per home. Breed restrictions. Please call for more details. Office Hours:Monday-Saturday: 10:00AM-5:00PMPhotos and/or floor plans shown are representational and may not depict the exact layout or features of the available unit. If currently occupied, the individual unit you've selected may not be available to tour. Please contact our leasing team with any questions.Equal Housing OpportunitydYRbzx0sZUH"	https://seattle.craigslist.org/see/apa/d/seattle-board-room-open-layouts-pantry/7714458912.html	True
7714438730	Green and flowered areas, Security System, Property Manager on Site	1932	ballard		Ballard-Seattle	(47.670811, -122.385102)	False	"This is a 1 Bedroom, 1 Bath, Approximately 669 - 1061 Sq. Ft. Visit This Website to See More:https://greystar.leasehomenow.com/88r827Experience hygge at Home on the ParkCall Now -  show contact info
 x 17OR Text 17 to  show contact info
 to text our team directly. Community Info:In a neighborhood historically called Little Scandinavia, Ballard on the Park embodies the Danish concept of deep contentment and cozy well-being—known as hygge—by blending an inviting, convivial atmosphere with the warm wood tones and clean lines of contemporary Scandinavian design. Come home to a comfortable studio, one or two bedroom home that pairs an intuitive layout and modern features with access to resident amenities that enhance your relaxation and satisfaction. Your journey begins here.Residence Features: ✩  Pantry ✩  Linen Closet ✩  Dining Room ✩  Microwave ✩  Granite Countertops ✩  Range ✩  Oven ✩  Kitchen ✩  Views ✩  Den ✩  Ice Maker ✩  Stainless Steel Appliances ✩  Carpet ✩  Tile Floors ✩  Eat-in Kitchen ✩  Walk-In Closets ✩  Vaulted Ceiling ✩  Freezer ✩  Window Coverings ✩  Refrigerator ✩  Island Kitchen ✩  Instant Hot Water ✩  Dishwasher ✩  DisposalCommunity Features: ✩  Covered parking for some cars ✩  Wired for high-speed internetPackage Service ✩  Controlled building access ✩  Well maintained grounds ✩  On-call Courtesy Patrol ✩  Green and flowered areas ✩  Outdoor hot tub ✩  High-speed internet access ✩  Bike Repair Station - Fully Equipped ✩  Controlled Access ✩  Media room/theater ✩  Walk to bus line ✩  BBQ/Picnic Area ✩  Conference/Meeting room ✩  Cable Ready ✩  Package Lockers ✩  Courtyard ✩  Property Manager on Site ✩  Professional Demonstration Kitchen ✩  24hr. Emergency maintenance ✩  24hr. Business center ✩  Pet Washing Station ✩  Short-term lease ✩  Intercom entry system ✩  Community web site ✩  Security SystemPet Policy:We welcome 2 pets per apartment home. There is a $300 pet deposit per pet, and a $50 monthly pet rent. Cats and dogs are allowed. Other animals must remain in a cage. Please call for complete pet policy information. Other animals must remain in a cage. Office Hours:Monday-Saturday: 9:00AM-6:00PM We do not accept Comprehensive Reusable Tenant Screening Reports as defined by and pursuant to RCW 59.18.* Floor plans are artist’s rendering. All dimensions are approximate. Actual product and specifications may vary in dimension or detail. Not all features are available in every rental home. Pricing and availability are subject to change. Rent is based on monthly frequency. Additional fees may apply, such as but not limited to package delivery, trash, water, amenities, etc. Deposits vary. Please see a representative for details.Equal Housing Opportunity4gO1jocDJs"	https://seattle.craigslist.org/see/apa/d/seattle-green-and-flowered-areas/7714438730.html	True
7714438315	Conference Room w/ Wi-fi, Fitness center, Walk-in Closets*	2963	wallingford		Wallingford	(47.65437, -122.342296)	False	"Pricing is all dependent on move-in date and lease length; we offer 3-13-month term options. Our website will show all rates and terms updated each day. Prescott Wallingford 3920 Stone Way North, Seattle, WA, 98103Call Now -  show contact info
 x 68OR Text 68 to  show contact info
 to text our team directly.See our property details here:https://greystar.leasehomenow.com/06k4z8Welcome Home to Prescott Wallingford!2 bedroom | 2 bath | 1034 square feetFeatures: ✓  Full-Size In-Unit Washer and Dryer ✓  Versatile Track Lighting Systems ✓  Walk-in Closets* ✓  Stainless Steel Appliances ✓  Vinyl Floors* ✓  Vaulted Ceilings* ✓  Decks, patios, or private rooftop terraces* ✓  Controlled Access Doors  ✓  17-Foot Ceilings**Select units only.Community Features: ✓  Night Patrol ✓  Easy Access to I-5, 99 & Bus Route 62/26 ✓  Pea Patch Garden Bins  ✓  Off-Leash Dog Run ✓  On-Site Bike Storage  ✓  Package Lockers ✓  Roof -Top w/ Spectacular Views ✓  Gated Access Parking Garage ✓  On-Site Storage Units  ✓  FOB Access Doors  ✓  Conference Room w/ Wi-fi ✓  Community Lounge w/ Wi-fi ✓  Fitness center ✓  3 On-Site BBQ Grills ✓  Lease Terms from 3-13 monthsCommunity Info:Enjoy convenient apartment living at Prescott Wallingford in Seattle, Washington. With vibrant neighborhoods, nearby shopping, and fabulous restaurants, apartment living in Seattle offers many benefits that will enhance your life.Prescott Wallingford Apartment Homes provides a variety of spacious studio, one-bedroom, two-bedroom, and live-work floor plans, uniquely designed with the amenities you deserve. Our community features are second to none - enjoy our rooftop deck with amazing views of the city and Mt. Rainier, BBQ areas, and pea patch gardens. Our Resident's lounge is complete with a caterer's kitchen, a fully-equipped entertainment space, shuffleboard, and an additional BBQ. Our Fitness Center is loaded with professional-grade cardio and weight equipment and a TV for your enjoyment. Prescott is ideally located between the Fremont, Wallingford, and Green Lake neighborhoods in Seattle.Visit us today to see why Prescott Wallingford, pet-friendly apartments in Seattle is the perfect place to call home.Pet Policy:Our apartments accommodate up to two pets per home. Additional deposits and breed restrictions apply. Income Requirements:Income must be 3 times the amount of rent to qualify.Office Hours:Monday-Friday: 10:00AM-6:00PMSaturday: 10:00AM-5:00PM We do not accept Comprehensive Reusable Tenant Screening Reports as defined by and pursuant to RCW 59.18.* Floor plans are artist’s rendering. All dimensions are approximate. Actual product and specifications may vary in dimension or detail. Not all features are available in every rental home. Pricing and availability are subject to change. Rent is based on monthly frequency. Additional fees may apply, such as but not limited to package delivery, trash, water, amenities, etc. Deposits vary. Please see a representative for details.Equal Housing OpportunityXpA41wsQ3i"	https://seattle.craigslist.org/see/apa/d/seattle-conference-room-wi-fi-fitness/7714438315.html	True
7714438004	Top floor Bed room in 2b/2b w/ private balcony	2300	ballard		Ballard	(47.6701, -122.3763)	False	"Top floor master bedroom of a brand new 2b/2b  3story townhome in Ballard. 
Renting it furnished with Queen Floyd Bed
private bathroom and shower 
Private balcony
matrimonial sinks
built in closet, as well as same floor access to rooftop. A bit about you:
You like to walk up stairs, this is a 3story and you get the top floor so your buns will be happy. 

The kitchen has all brand new appliances including dishwasher,and 6burner stove, living room/ dining room, patio and rooftop. 
We have a brand new washer and dryer, ac/ heating. 
Street parking, close to many buses, walking distance to downtown Ballard, target, Safeway and Town and Country. 

About me: I work in fashion tech and am very busy, I travel a lot for work and work home, I’m out a lot but when I am home mostly on weekends, I like to be out on the trail hiking or running or at home reading, listening to music, cooking and drinking wine. 

Rent is 2300 + electricity  
electricity varies depending on usage
 All other utilities are included in the rent: cleaning, garbage, water, wifi, gas and sewer.
Move in is March 01
Please respond with a little about yourself, include your work and your hobbies or interests and ideal move in date. 

Please no couples, no smoking and no pets. 
Available for 3 month or 6month lease"	https://seattle.craigslist.org/see/apa/d/seattle-top-floor-bed-room-in-2b-2b/7714438004.html	True
7714437480	Spacious + Bright 2 Bedrooms available September 2024	2217	university district		U-District	(47.660528, -122.320637)	False	"Campus View & Avalon on 7th4322 7th Ave NE, Seattle, WA, 98105Call Now -  show contact info
 x 77OR Text 77 to  show contact info
 to contact our team.Follow This Link for More Information:https://mhe.aptfeatures.com/0157a1Our beautiful homes have quality options to make you feel at home.2 bedroom | 1 bath | 730 square feetFeatures: ✓  Stainless Steel Appliances (select units) ✓  Dishwasher ✓  City & Mountain Views ✓  Gourmet Kitchen ✓  Private Balcony ✓  Vaulted Ceilings ✓  Refrigerator ✓  Oven Range ✓  Granite CountertopsCommunity Features: ✓  24-Hour Emergency Maintenance ✓  Garbage & Compost Disposal ✓  Controlled Access Entries ✓  Recycling ✓  Roof Top terrace ✓  Package Locker ✓  On-site Management ✓  Laundry Facility ✓  Access to Public Transportation ✓  Elevator ✓  Public Parking ✓  Reserved ParkingCommunity Info:As Seattle’s premier UW off-campus housing, Campus View & Avalon on 7th offer a range of spacious, recently remodeled residences with different floor plan options. Choose from Studio, 1, 2 & 3 bedroom Seattle U District apartments featuring a prime location and desirable amenities – including a controlled access garage, rooftop deck, and more. Our professional, on-site management and maintenance staff keeps everything running smoothly!Our Seattle U District apartments are just blocks away from the University of Washington, making it easy to commute to class and meet up with friends! We’re walking distance to many popular eateries, coffee shops, bars and stores in the University District. It’s also just a quick bus or car ride to the heart of downtown Seattle.Contact us today to see how you can call Campus View or Avalon, the top student housing in Seattle, your home away from home! Our office can answer any questions you may have and get you scheduled for a tour.Campus View has two unique UW off-campus housing options located right next door to one another.Campus View I: Offering 2 and 3 bedroom homes, complete with granite counter tops, vinyl flooring, large bedrooms and spacious closets. Some of our University District apartments even feature spectacular views of The Space Needle, Lake Union, Mt. Rainier and Downtown.Campus View II: Offering1, 2 and 3 bedroom homes, complete with stone counter tops, stainless steel appliances, vinyl flooring, spacious closets, and private balconies. Some of the options also feature vaulted ceilings and a skylight in the living room.Just steps from Campus View you will find Avalon on 7th.Avalon on 7th: Offering Studio, 1 Bedroom, 2 Bedroom and 3 Bedroom homes, complete with new appliances, new flooring, new lighting, and some even offer balconies and lofts. These spacious open layouts will make you feel right at home! You won’t find better UW off-campus student housing in Seattle!Pet Policy:No pets Income Requirements:Proof of income from employment Office Hours: M - F: BY APPOINTMENT S - SU: CLOSED Equal Housing OpportunityOs2Skq9f4"	https://seattle.craigslist.org/see/apa/d/seattle-spacious-bright-bedrooms/7714437480.html	True
7714436872	European style cabinets with brushed nickel hardware accents	2565	fremont		Fremont	(47.650809, -122.342425)	False	"The Hayes3627 Stone Way N, Seattle, WA, 98103Call Now -  show contact info
 x 35OR Text 35 to  show contact info
 to text our team directly.Want more information on this unit? See link (below):thehayesapartments.com/Welcome to The Hayes on Stone Way1 bedroom | 1 bath | 765 square feetFeatures: ✓  Some units utilize sliding glass dividers for maximizing interior space ✓  Several homes with west and south (Lake Union) facing views ✓  Quartz slab countertops in kitchens and baths ✓  Many homes with private terraces ✓  Tall ceilings and large, operable windows ✓  Energy Star rated Whirlpool appliances, including microwave, dishwasher and range/oven, and full-size washer and dryer in each home ✓  Noise-absorbing, soft commercial vinyl plank floors paired with carpet in bedrooms ✓  European style cabinets with brushed nickel hardware accents ✓  2 distinct and sophisticated color palette choices in appealing, modern tones ✓  Energy efficient lighting including versatile track lighting systems custom configured to each floor plan ✓  Louver blinds ✓  Efficiently designed and inviting floor plans with ample kitchen storage ✓  Stainless steel kitchen sinks with pull-out designer selected plumbing fixtures ✓  High-speed data wiringCommunity Features: ✓  Resident rooftop deck with spectacular views, bar seating areas, lounge chairs, heaters, BBQs, Outdoor TV, community garden, and fire pits ✓  Luxer One package locker system with 24/7 secured access ✓  Media Room: movie screen, terraced seating, and entertainment bar ✓  Controlled access entry system ✓  Acoustical sound engineered throughout the building ✓  Pet washroom ✓  Game Room with bar, lounge area, community refrigerator, and shuffleboard ✓  Street-level retail space ✓  Fitness room loaded with professional-grade equipment ✓  Bike storage, maintenance station, and bike wash area ✓  Business Center with workspaces and whiteboards ✓  24-hour on-line concierge and management services ✓  Locally commissioned artworkCommunity Info:Are you looking for apartments in Fremont, Seattle? The Hayes on Stone Way offers a mix of modern studio, one-, and two-bedroom floor plans that fit your lifestyle and needs. Each apartment is designed to fit your unique individuality. The picturesque, modern exterior of our apartment building is combined with luxurious amenities inside each apartment. Residents will also love our modern community amenities.All of our apartment and community features are coupled with being in a fantastic location, within close proximity to local restaurants, parks, and shopping. Contact us today to schedule a tour of our apartments in Fremont Seattle.Office Hours:Monday-Friday: 9:00AM-6:00PMSaturday-Sunday: 10:00AM-5:00PMEqual Housing Opportunity5OcR1Ois"	https://seattle.craigslist.org/see/apa/d/seattle-european-style-cabinets-with/7714436872.html	True
7714436761	Spacious Two Bedroom, Two Bathroom in Ballard	2715	ballard		Ballard	(47.66862, -122.370896)	False	"Koi1139 NW Market Street, Seattle, WA, 98107Call Now -  show contact info
 x 37OR Text 37 to  show contact info
 for more information.More unit details at:https://greystar.leasehomenow.com/9b00x2Inspired Lifestyle2 bedroom | 2 bath | 924 square feetFeatures: ✓  Luxurious Bathroom ✓  Spacious closets ✓  Abundant Natural Light ✓  Granite Countertops ✓  Washer & Dryer in unit ✓  Private patios on every unit  ✓  Hardwood flooring ✓  Large windows ✓  Stainless Steel Whirlpool Appliances Community Features: ✓  Extra Storage closets starting at $95 per month ✓  Fantastic Coffee Machine w/ espresso, hot cocoa and more!  ✓  Controlled access property ✓  2 Gas BBQ Grilling areas  ✓  Rooftop deck w/ views, TV & Wi-Fi access ✓  Smoke-free building ✓  Spacious Clubhouse with Fireplace ✓  Reserved, garage parking space for $175 monthly ✓  Package Concierge Lockers for 24 hour access ✓  Resident Website w/ Online Bill Pay, Work Orders and more ✓  WalkScore = 92 ✓  Electric car charging stations ✓  Easy access to public transportation ✓  Walk to Ballard Farmers Market ✓  24 hour fitness center with State of the art cardio studio and Strength training equipment ✓  Courtyard with massive gas fire pit ✓  Bicycle Garage for $20 monthlyCommunity Info:Right off Market Street in the scenic and popular Ballard neighborhood, Koi offers it's residents a slice of modern living at it's fullest. Koi has spacious apartment homes to fit every lifestyle. Come see today! Pet Policy:KOI treats your pets are a part of the family, with complimentary treats at the office every day! -2 pet maximum per apartment home -Pet deposit of $300 -Pet Rent of $50 per pet Restricted Breeds: Pit Bull Terriers/Staffordshire Terriers, Rottweiler's, Doberman Pinschers, Chows, Presa Canarios, Akitas, Alaskan Malamutes, Wolf-Hybrids Please contact our leasing professionals for more information. Income Requirements:Applicant's gross income must be 2.5 times the monthly rent. Guarantors accepted! Must have 5x the monthly rent as income and good credit.Office Hours:Monday-Friday: 10:00AM-6:00PMSaturday: 10:00AM-5:00PM We do not accept Comprehensive Reusable Tenant Screening Reports as defined by and pursuant to RCW 59.18.* Floor plans are artist’s rendering. All dimensions are approximate. Actual product and specifications may vary in dimension or detail. Not all features are available in every rental home. Pricing and availability are subject to change. Rent is based on monthly frequency. Additional fees may apply, such as but not limited to package delivery, trash, water, amenities, etc. Deposits vary. Please see a representative for details.Equal Housing OpportunityMx2TieVDN7"	https://seattle.craigslist.org/see/apa/d/seattle-spacious-two-bedroom-two/7714436761.html	True
7714435806	Hardwood Floors, Online Payments Available, Washer/Dryer, The Lobby	2690	belltown		Belltown	(47.638896, -122.35563)	False	"4-8 Weeks Free!  Welcome to The GoodwinThis is a 1 Bedroom, 1 Bath, Approximately 704 Sq. Ft. Want more info on this unit? See the link (below):https://greystar.leasehomenow.com/Ltmu55Conveniently located boutique charm in Belltown's historic Call Now -  show contact info
 x 54OR Text 54 to  show contact info
 to text our team. Community Info:The 34 homes of the Goodwin rest on one of Seattle’s most storied intersections at First and Bell. Originally a part of Louis Rowe’s strip of storefronts, 2233 First has been known throughout the city’s exciting history as the National Sheet Metal Company, Hotel Grace, and many other monikers and embodiments. It is apropos that this prolific and historic corner continues its likeness as a place that’s centrally located, attainable for everyone, and undeniably Seattle.Residence Features: ✩  Dishwasher ✩  Refrigerator ✩  Balcony ✩  Heat ✩  Kitchen with High-End Appliances & Gas Stove ✩  Air Conditioning ✩  Cable/Satellite ✩  Washer/Dryer ✩  Alarm System ✩  Hardwood Floors ✩  Granite CountertopsCommunity Features: ✩  On-Site Maintenance ✩  Online Payments Available ✩  Rooftop with a grilling station, lounge area, garden and firepits ✩  The Lobby ✩  Reserved Parking in Garage (additional fees apply) ✩  Library with books, magazines, and local papers ✩  Iconic views of the city ✩  Fetch Package DeliveryPet Policy:Max 2 pets per apartment Pet Deposit: $300 Pet Rent per Month: $35 Income Requirements:3x rent 5x rent (guarantor) Office Hours:Tuesday-Saturday: 9:00AM-6:00PM We do not accept Comprehensive Reusable Tenant Screening Reports as defined by and pursuant to RCW 59.18.* Floor plans are artist’s rendering. All dimensions are approximate. Actual product and specifications may vary in dimension or detail. Not all features are available in every rental home. Pricing and availability are subject to change. Rent is based on monthly frequency. Additional fees may apply, such as but not limited to package delivery, trash, water, amenities, etc. Deposits vary. Please see a representative for details.Equal Housing Opportunity0FTARYMIBhEW"	https://seattle.craigslist.org/see/apa/d/seattle-hardwood-floors-online-payments/7714435806.html	True
7714434819	Online Rental Payments, Large Windows, Rooftop Lounge	1995	seattle		24 Etruria Street, Seattle Wa 98109	(47.647743, -122.356705)	False	"Henry24 Etruria St , Seattle, WA, 98109See our property details here:www.henryseattle.com/Call Now -  show contact info
 x 43OR Text 43 to  show contact info
 to text our leasing team.A haven to call home in North Queen Anne1 Bedroom, 1 Bath | Approximately 610 Sq. Ft.Community Info:Henry in Seattle offers 22 different unit layouts, ranging from studios to a variety of one-bedroom options that include open, traditional, lofted, and even live/work floor plans. Henry is nestled within the greenery and tree-lined streets of North Queen Anne, where you can enjoy a quiet, tranquil setting while still being near great schools and universities, major local employers, shopping, and outdoor fun. Unit Highlights ✧  Vaulted Ceilings* ✧  Refrigerator ✧  Stainless Steel Appliances ✧  Garbage Disposal ✧  Washer/Dryer ✧  Quartz Countertops ✧  Walk-in Closets* ✧  Large Windows ✧  Subway Tiles* ✧  Balcony/Patio ✧  Wood-Style Flooring ✧  DishwasherCommunity Highlights ✧  Recycling ✧  Courtyard ✧  Rooftop Lounge ✧  Controlled Access ✧  Rooftop Grills ✧  Pet Friendly ✧  Resident Lounge ✧  Parking Garage ✧  Online Rental Payments ✧  Secure Package Service ✧  Onsite ManagementOffice HoursMonday-Friday: 9:00AM-6:00PMEqual Housing Opportunity19XQTmX4"	https://seattle.craigslist.org/see/apa/d/seattle-online-rental-payments-large/7714434819.html	True
7714424625	1 month free!! What Are You Waiting For? We're Waiting For YOU	2047	ravenna		Roosevelt	(47.67712, -122.320038)	False	"Eleanor Apartments800 NE 67th St. , Seattle, WA, 98115Call Now -  show contact info
 x 94OR Text 94 to  show contact info
 to text us.Want more information? Follow this link:https://mack.touraptnow.com/2h2v79Live comfortably. Live genuinely.1 bedroom | 1 bath | 595 square feetFeatures: ✓  Walk-In Closets *select homes ✓  Plank Flooring - Easy to clean and excellent for pet owners. ✓  Balcony/Patio *select home ✓  Custom Glass Tile Backsplash - For a pop of style that's easy to coordinate with. ✓  A/C *select homes ✓  Sleek, Modern Cabinetry - Simply stylish ✓  Quartz Countertops - Stain and chip resistantCommunity Features: ✓  Laundry Room ✓  Bike Storage and Gear Room ✓  Fitness Center ✓  Rooftop Deck with Grills and Fire pit ✓  Underground Parking, EV ports available  ✓  2-Story Community Lounge ✓  Dog Salon ✓  Storage Units ✓  Secure lockers with package tracking ✓  Courtyard With FountainCommunity Info:Live at Eleanor and live genuinely Northwest. Inspired by the “First Lady of the World”, Eleanor on Roosevelt values sustainability, authenticity, and individuality. Stylish Seattle Living right in the heart of the Roosevelt neighborhood. With modern finishes, stainless steel appliances and rich quartz counter tops, Eleanor offers a place you can call home both in comfort and style.App-Based Accessibility:Luxer Package Lockers for ease of package deliveries as well as ButterflyMX System for callbox and app-based accessibility. 24/7 Gym:With all hours access, Eleanor's fitness center is set to accommodate your busy schedule so you can work out when works best for you. Fully stocked with free weights, exercise bikes, treadmills, punching bags, and a multi-station strength machine, we've got what you need to meet an array of fitness goals.Rooftop Amenities:Enjoy Eleanor's sky lounge, just steps from your new home. With 2 floors of lounge space, featuring a full kitchen, television and upper deck pool table, our sky lounge is the perfect place to take in the incredible views of the neighborhood.Our Neighborhood:Located just minutes from Greenlake and Cowen Park, Eleanor Apartments boasts a wide array of outdoor activities at your fingertips. With the Roosevelt Lightrail Station just a block away and multiple bus lines within a few minutes' walk, you can enjoy ease of access to wherever your day might take you. Having some of the area's favorite grocers nearby, including PCC, Whole Foods, and Safeway, as well as an array of local dining options, fine eats are never hard to find.Eleanor is where integrity meets connectivity. Come see us and we'll be happy to show you your new home!Pet Policy:2 Pet Max 70 lb. combined weight limit Income Requirements:2.5 times the monthly rentOffice Hours:Monday-Friday:9:00AM-6:00PMSaturday:10:00AM-5:00PM Equal Housing OpportunityGreenlake Lightrail Burke Gilman Trail Whole Foods University District University of Washington Walkable Close Community Public Transportation University Village Tons of Coffee Shops PetFriendly Close Veterinarian Student Friendly North Seattle College North Seattle FamilyFriendly Wonderful Restaurants Revenna Park Roosevelt High School Roosevelt Neighborhood Seattle Apartment Woodland Park ZooRRbZpT8i"	https://seattle.craigslist.org/see/apa/d/seattle-month-free-what-are-you-waiting/7714424625.html	True
7709015096	1br - All utilities paid – 1-bedroom in Ballard/Fremont -Very Walkable	2200	fremont		Ballard/Fremont	(47.663538, -122.364435)	False	"GREAT LOCATION. ALL UTILITIES PAID! This is a private back unit behind the main house (no shared walls) - approximately 500 square feet. 1-bedroom Seattle Cottage in a great Fremont/Ballard location! Includes many amenities (see below). Only had two renters. You can't miss this opportunity. Very walkable. Steps from everything Ballard and Fremont have to offer and a short bus ride to downtown, University District (UW) or SPU. Direct alley access behind owner occupied home. Includes off-street parking/private patio.

Available in February 2024 (specific date negotiable). Currently occupied by tenant so please respect privacy. Viewing available by appointment. See details and call to discuss and schedule appointment.

Amenities: 
-Modern-classic cottage-style apartment (no shared walls) – recently renovated with only one tenant
-Off street parking (up to 2 spots)
-Private patio
-Full bath
-Stainless steel appliances
-Dishwasher and garbage disposal
-In-unit washer/dryer
-Full kitchen/bath
-Modern flooring (dark laminate)
-Open concept with great lighting/larger counterspace 
-Automatic motion detecting outdoor lighting for safety
-Bottom-up/top-down window treatment installed
-Tile countertops/modern-classic finishes
-Great living space
-Spacious bedroom w/oversized closet
-Friendly owner living in front home to provide direct assistance when needed
-No smoking
-Quiet single-family neighborhood – very walkable
-Approx 500 square feet (feels larger)

Rental terms:
-Available February 2024 (specific date negotiable). Lease available 12, 18, and 24-month.
-$2,200/month - includes all utilities and off-street parking (water, sewer, garbage, electric). You only pay cable/internet if desired. 
-$750 security deposit
-First/last month due on move-in (can be paid over first 3 months)
-Application runs through Zillow
-Preferred single tenant – two tenants allowed at additional monthly fee for additional utility costs

Mailing address is shared with the owner-occupied home in front. Come and go with privacy with ally access or come through the front yard. Ultimately looking for friendly tenant who is respectful and mindful of energy use. No pets are preferred.  

Pet Policy:
-No pets please

Contact Corey for more details/viewing. Call or text:  show contact info"	https://seattle.craigslist.org/see/apa/d/seattle-1br-all-utilities-paid-bedroom/7709015096.html	True
7713788875	WiFi Access in Common Areas, Cable Ready, Efficient Appliances	2480	greenlake		Greenlake	(47.678804, -122.325617)	False	"6900 East Green Lake Way N, Seattle, WA 98115Unwind in the heart of Seattle at Circa Greenlake. Nestled by the serene Green Lake, our apartments seamlessly blend lakeside tranquility with the excitement of city living. Enjoy stylish interiors, upscale amenities, and the beauty of the Pacific Northwest right at your doorstep.Unit Amenities:Huge Walk-In ClosetsWasher & Dryer in Every UnitCable ReadyHardwood FloorsHigh CeilingsNookPartial Lake ViewLive-Work HomesNatural LightWindow Coverings*In Select HomesCommunity Amenities:Short Term LeasesViews of Green LakeWiFi Access in Common AreasOnsite Office Team Green BuildingSteps from Green LakeCall:  show contact info
For more information, visit us at: https://livecushwake.com/almnlqm6/circa-greenlake*Equal housing opportunity*"	https://seattle.craigslist.org/see/apa/d/seattle-wifi-access-in-common-areas/7713788875.html	True
7714412150	1b/1b  in brandnew townhouse	1800	ballard		Ballard	(47.6771, -122.3768)	False	"6month lease furnished bedroom with private bathroom in a brand new 
3story townhome in Ballard. 
Your room can come furnished or unfurnished 
-Queen size bed with space for desk 
-Private bathroom with tub and shower 
-Walk in closet
Communal space:
The living room and dining room on the main floor with a small back yard and rooftop on the top floor. 
 A bit about you:
You like to walk up stairs, this is a 3story and your buns will be happy. 

The kitchen has all brand new appliances including dishwasher,and 6burner stove, living room/ dining room, patio and rooftop. 
We have a brand new washer and dryer, ac/ heating. 
Street parking, close to many buses, walking distance to downtown Ballard, Target, Safeway and Town and Country. 

About me:
I work in fashion tech and am very busy, I work from home and love to cook, I love  hiking, running or at home reading, listening to music, cooking and drinking wine. 

Rent is 1800 + WiFi & electricity
Utilities included in rent are : cleaning, garbage, water and gas. 
Electricity is charged separately because amount varies depending on usage.
Please respond with a little about yourself, include your work and your hobbies or interests and ideal move in date. 

Please no couples, no smoking and no pets. 
Available for 6month lease"	https://seattle.craigslist.org/see/apa/d/seattle-1b-1b-in-brandnew-townhouse/7714412150.html	True
7714407612	Beautiful Studio!!	1825	ravenna		Seattle, Roosevelt, Green Lake, Ravenna	(47.67562, -122.318537)	False	"Rooster Apartments900 Ne 65th St, Seattle, WA, 98115Call Now -  show contact info
 x 12Need more information? Copy this link:https://thrive.touraptnow.com/da7sq5AN ACTIVE URBAN LIFESTYLE IN THE ROOSEVELT YOU LOVEstudio | 1 bath | 493 square feetFeatures: ✓  Wine rack ✓  Industrial deep sinks with Grohe pulldown faucets ✓  Washer and Dryer in every unit ✓  European style refrigerator ✓  Energy Star stainless steel appliances ✓  Floor to ceiling windows for unsurpassed natural light ✓  Wood plank flooring ✓  Hard surface stone-style countersCommunity Features: ✓  Dining areas ✓  Fire pit ✓  Walkable to groceries, restaurants, parks and transit ✓  Controlled entry with direct-to-mobile intercom ✓  Inviting community lounge with showcase kitchen and heated terrace – perfect for entertaining ✓  24 hour fitness center ✓  Online rent payment and maintenance requests ✓  Amazing first floor retail with Portage Bay Café at your doorstep ✓  Pet friendly community with dog wash and rooftop dog run.  ✓  Wi-Fi throughout common areas and rooftop ✓  Expansive rooftop deck ✓  Professional, local management ✓  BBQ ✓  Bike storage room with repair station ✓  Furnished guest suite for your out of town visitors ✓  Inspiring views from Mount Rainier and the Seattle skyline to Greenlake and the OlympicsCommunity Info:Rooster Apartments is all about connections. Its location connects you to your favorite North Seattle gems, while also providing access to routes and bus lines that connect you to Downtown, Northgate, Ballard, The University District, and beyond.The walkability of the neighborhood connects you to the friendly charm of Roosevelt’s dining, shopping, parks, and even nightlife, surrounded by the neighbors you’ll soon recognize as friends.Office Hours:Wednesday & Friday:9:00AM-6:00PMTuesday & Thursday 10:00AM-6:00PMSaturday:10:00AM-5:00PM Photos and/or floor plans shown are representational and may not depict the exact layout or features of the available unit. If currently occupied, the individual unit you've selected may not be available to tour. Please contact our leasing team with any questions.Equal Housing OpportunityYcXy8lrSAG"	https://seattle.craigslist.org/see/apa/d/seattle-beautiful-studio/7714407612.html	True
7714406048	Walk-In Closets *, Private, Landscaped Patios *	2135	queen anne		seattle	(47.632569, -122.342338)	False	"UP TO 8 WEEKS FREE RENT & 3 MONTHS FREE PARKING*!  Welcome to Stellar ApartmentsThis is a 1 Bedroom, 1 Bath, Approximately 568 Sq. Ft. Want more info? See the link below:https://thrive.touraptnow.com/h1d72gDAZZLING NEW HOMES NOW PRE-LEASING IN SOUTH LAKE UNIONCall Now -  show contact info
 x 38 Community Info:Enter a world of cosmic beauty and luxurious living at Stellar, located in South Lake Union, Seattle's premier waterfront neighborhood. Inspired by the dazzling stars and galaxies of our universe, Stellar offers a chance to escape the ordinary and embrace the extraordinary. From our exquisite apartment homes to our shimmering rooftop lounge with awe-inspiring city views, every detail is designed to take your living experience to astronomical heights. Whether you're a stargazer, a dreamer, or simply someone who craves a touch of magic in your life, we invite you to claim your corner of the cosmos right here at Stellar.Residence Features: ✩  Quartz Countertops ✩  Floor-to-Ceiling Windows ✩  Designer Lighting & Plumbing Fixtures ✩  Kitchen Island * ✩  Pantry * ✩  Walk-In Closets * ✩  Stainless Steel Appliances ✩  Two-Tone Cabinetry ✩  Luxury Vinyl Plank Flooring Throughout ✩  Condo-Quality Built-In Mudroom & Shelving ✩  Private, Landscaped Patios * ✩  In-Unit Washer & Dryer ✩  Choice of Light or Dark Color Schemes ✩  Air Conditioning* Only available in select unitsCommunity Features: ✩  Co-Working Space ✩  Multi-Level Car Stacker System ✩  Skygazer Lounge w/Fireplace, Kitchen/Bar & Stunning Views ✩  Rooftop Deck with Skyline & Lake Views ✩  Yoga Center ✩  Standard Garage Parking ✩  Pet Grooming Station ✩  Grand Lobby Entrance ✩  Storage Units ✩  EV Charging Stations ✩  State-of-the-Art Fitness CenterPet Policy:We are a pet-friendly community! Please contact our leasing office for specific policies and related charges. Photos and/or floor plans shown are representational and may not depict the exact layout or features of the available unit. If currently occupied, the individual unit you've selected may not be available to tour. Please contact our leasing team with any questions.Equal Housing OpportunityOWUj8r95"	https://seattle.craigslist.org/see/apa/d/seattle-walk-in-closets-private/7714406048.html	True
7714392649	Modern Elegant Living in the heart of UDistrict	2795	university		University Village	(47.664504, -122.300891)	False	"Up to 6 Weeks Free on Select Homes!*Contact us for Additional Look & Lease Specials!*Terms and conditions apply This is a 1 Bedroom, 1 Bath, Approximately 699 Sq. Ft. See our property details here:https://greystar.leasehomenow.com/z2899hCall Now -  show contact info
 x 124OR Text 124 to  show contact info
 for more information.Modern Elegance in Urban SeattleCommunity Info:Broadstone Strata is your urban retreat within the heart of Seattle. With high-end finishes, modern amenities, and spacious floor plans designed to meet your every need, living is made easy. Located across from acclaimed University Village, Broadstone Strata is within steps of the best retailers and eateries in the City.Features: ‣  Wood-Style Flooring ‣  Air Conditioning in Every Home ‣  Spa-Inspired Baths ‣  Wifi Enabled Front Load GE Washers & Dryers ‣  Quartz Countertops ‣  Stainless Steel Appliances ‣  Patios and Balconies**In Select UnitsCommunity Amenities: ‣  Speakeasy Bar - Luxurious Seating, Fireplace, and Wet Bar ‣  Coworking Spaces: Pods, Library, Meeting & Focus Rooms ‣  Complimentary Coffee and Local Pastries ‣  Multiple Private Resident Courtyards ‣  HIIT and On-Demand Fitness Studios ‣  Firepits, BBQ Grills, and Open-Air Dining Areas ‣  Multi-Level Fitness Center ‣  Pelotons, Tonals, and other cardio and strength equipment ‣  Modern Concierge Lobby with Seating Areas ‣  Top-of-Line Fitness Equipment and On-Demand Classes ‣  Resident Clubroom Featuring a Gourmet Chef's KitchenPet Policy:Broadstone Strata is a pet-friendly apartment community! Income Requirements:3x RentOffice Hours:Monday-Friday: 9:00AM-6:00PMSaturday-Sunday: 10:00AM-5:00PMBroadstone Strata 4906 25TH AVE NE, SEATTLE, WA, 98105 We do not accept Comprehensive Reusable Tenant Screening Reports as defined by and pursuant to RCW 59.18.* Floor plans are artist’s rendering. All dimensions are approximate. Actual product and specifications may vary in dimension or detail. Not all features are available in every rental home. Pricing and availability are subject to change. Rent is based on monthly frequency. Additional fees may apply, such as but not limited to package delivery, trash, water, amenities, etc. Deposits vary. Please see a representative for details.Equal Housing Opportunityet5msIIE"	https://seattle.craigslist.org/see/apa/d/seattle-modern-elegant-living-in-the/7714392649.html	True
7714391451	24-hour on-line concierge and management services, Pet washroom	2374	fremont		Fremont	(47.650809, -122.342425)	False	"This is a 1 Bedroom, 1 Bath, Approximately 628 Sq. Ft. Use the link below for more details:thehayesapartments.com/Call Now -  show contact info
 x 107OR Text 107 to  show contact info
 to contact us.Welcome to The Hayes on Stone WayCommunity Info:Are you looking for apartments in Fremont, Seattle? The Hayes on Stone Way offers a mix of modern studio, one-, and two-bedroom floor plans that fit your lifestyle and needs. Each apartment is designed to fit your unique individuality. The picturesque, modern exterior of our apartment building is combined with luxurious amenities inside each apartment. Residents will also love our modern community amenities.All of our apartment and community features are coupled with being in a fantastic location, within close proximity to local restaurants, parks, and shopping. Contact us today to schedule a tour of our apartments in Fremont Seattle.Features: ‣  Louver blinds ‣  European style cabinets with brushed nickel hardware accents ‣  Some units utilize sliding glass dividers for maximizing interior space ‣  Quartz slab countertops in kitchens and baths ‣  Several homes with west and south (Lake Union) facing views ‣  Noise-absorbing, soft commercial vinyl plank floors paired with carpet in bedrooms ‣  Efficiently designed and inviting floor plans with ample kitchen storage ‣  High-speed data wiring ‣  Many homes with private terraces ‣  Tall ceilings and large, operable windows ‣  Stainless steel kitchen sinks with pull-out designer selected plumbing fixtures ‣  Energy efficient lighting including versatile track lighting systems custom configured to each floor plan ‣  2 distinct and sophisticated color palette choices in appealing, modern tones ‣  Energy Star rated Whirlpool appliances, including microwave, dishwasher and range/oven, and full-size washer and dryer in each homeCommunity Amenities: ‣  Business Center with workspaces and whiteboards ‣  Controlled access entry system ‣  Bike storage, maintenance station, and bike wash area ‣  Locally commissioned artwork ‣  24-hour on-line concierge and management services ‣  Media Room: movie screen, terraced seating, and entertainment bar ‣  Fitness room loaded with professional-grade equipment ‣  Resident rooftop deck with spectacular views, bar seating areas, lounge chairs, heaters, BBQs, Outdoor TV, community garden, and fire pits ‣  Pet washroom ‣  Luxer One package locker system with 24/7 secured access ‣  Acoustical sound engineered throughout the building ‣  Game Room with bar, lounge area, community refrigerator, and shuffleboard ‣  Street-level retail spaceOffice Hours:Monday-Friday: 9:00AM-6:00PMSaturday-Sunday: 10:00AM-5:00PMThe Hayes3627 Stone Way N, Seattle, WA, 98103Equal Housing OpportunityJ4NIog3fzg"	https://seattle.craigslist.org/see/apa/d/seattle-24-hour-on-line-concierge-and/7714391451.html	True
7714387695	3 Year No Rent Increase Guarantee! Tour Today!	3100	ravenna		Roosevelt, Seattle	(47.674677, -122.311837)	False	"Renew Roosevelt - Now Leasing!


Do not miss out on this beautiful 3-bedroom 2-bathroom home with true wood plank flooring and ample space! This unique home is in the heart of the Ravenna neighborhood, and makes walking to LA Fitness, Roosevelt Light Rail, Whole Foods, and the Roosevelt shopping center a breeze.

Home and Community Amenities:

• Gas Burning Fire Place
• Wood Plank Floors
• Walk in Closets
• Updated Appliances
• Juliet Balcony
• Washer/Dryer
• 1 Free Parking Spot
• Easy access to public transportation
• Conveniently located near Roosevelt Square"	https://seattle.craigslist.org/see/apa/d/seattle-year-no-rent-increase-guarantee/7714387695.html	True
7714508061	Looking for a 1 bedroom for fall! Look no further! UW	2300	university district		U-District	(47.660528, -122.320637)	False	"Campus View & Avalon on 7th4322 7th Ave NE, Seattle, WA, 98105Use the link below for more details:https://mhe.aptfeatures.com/0rg6q4Call Now -  show contact info
 x 78OR Text 78 to  show contact info
 to text us.Our beautiful homes have quality options to make you feel at home.2 Bedroom, 1 Bath | Approximately 750 Sq. Ft.Community Info:As Seattle’s premier UW off-campus housing, Campus View & Avalon on 7th offer a range of spacious, recently remodeled residences with different floor plan options. Choose from Studio, 1, 2 & 3 bedroom Seattle U District apartments featuring a prime location and desirable amenities – including a controlled access garage, rooftop deck, and more. Our professional, on-site management and maintenance staff keeps everything running smoothly!Our Seattle U District apartments are just blocks away from the University of Washington, making it easy to commute to class and meet up with friends! We’re walking distance to many popular eateries, coffee shops, bars and stores in the University District. It’s also just a quick bus or car ride to the heart of downtown Seattle.Contact us today to see how you can call Campus View or Avalon, the top student housing in Seattle, your home away from home! Our office can answer any questions you may have and get you scheduled for a tour.Campus View has two unique UW off-campus housing options located right next door to one another.Campus View I: Offering 2 and 3 bedroom homes, complete with granite counter tops, vinyl flooring, large bedrooms and spacious closets. Some of our University District apartments even feature spectacular views of The Space Needle, Lake Union, Mt. Rainier and Downtown.Campus View II: Offering1, 2 and 3 bedroom homes, complete with stone counter tops, stainless steel appliances, vinyl flooring, spacious closets, and private balconies. Some of the options also feature vaulted ceilings and a skylight in the living room.Just steps from Campus View you will find Avalon on 7th.Avalon on 7th: Offering Studio, 1 Bedroom, 2 Bedroom and 3 Bedroom homes, complete with new appliances, new flooring, new lighting, and some even offer balconies and lofts. These spacious open layouts will make you feel right at home! You won’t find better UW off-campus student housing in Seattle! Unit Highlights ✧  Dishwasher ✧  Private Balcony ✧  Refrigerator ✧  Granite Countertops ✧  City & Mountain Views ✧  Gourmet Kitchen ✧  Oven Range ✧  Stainless Steel Appliances (select units) ✧  Vaulted CeilingsCommunity Highlights ✧  Garbage & Compost Disposal ✧  Reserved Parking ✧  On-site Management ✧  Roof Top terrace ✧  Elevator ✧  Access to Public Transportation ✧  Laundry Facility ✧  Package Locker ✧  Controlled Access Entries ✧  Public Parking ✧  24-Hour Emergency Maintenance ✧  RecyclingOffice Hours M - F: BY APPOINTMENT S - SU: CLOSEDPet PolicyNo pets Income RequirementsProof of income from employment Equal Housing Opportunity7Sdaf1Tir"	https://seattle.craigslist.org/see/apa/d/seattle-looking-for-1-bedroom-for-fall/7714508061.html	True
