id	name	price	area	error	where	geotag	deleted	description	url
7703290759	Fully Furnished and Ready to Move in	2070	bellevue	blacklisted_description	seattle	(47.5614, -122.1552)	False	"Furnished Studio - Only 2 Month Minimum!Take advantage of our special discounted rate! All utilities are included! show contact info
www.esa.com/craigslistLooking for a place to call home for a couple months or longer? We have everything you need without the hassles of traditional apartments, all at a great rate. Each room comes with a fully equipped kitchen and plenty of workspace. And unlike apartments, cable and Wi-Fi are already hooked up and free! With no leases and no credit checks, we are move-in ready. So just bring yourself – and your furry family member – and feel right at home.Property AmenitiesAll Rooms Non-SmokingPet-Friendly Rooms AvailableBi-Weekly HousekeepingFree Grab-and-Go BreakfastOn-Site Guest LaundryFree Off-Street ParkingIn-Room AmenitiesFully Equipped KitchenFull-Size RefrigeratorElectric RangeMicrowaveFree In-Room Wi-FiFlat Screen TVsFree Cable with Premium ChannelsIron & Ironing BoardDining and workspaceStaying less than 2 months?  We also have great nightly, weekly, and 30-night rates.  Call for details.Minimum 60-night length of stay required. Booking conditions apply. Rates and availability subject to change. Rate will vary by room type and stay dates. Rate not inclusive of taxes and fees. Actual room may vary from those shown.Pets are always welcome at Extended Stay America. A maximum of two pets are allowed in each suite. Pet fees vary by location to cover the cost of cleaning and guest room fumigation. Service animals will be exempt from this charge. Height and length restrictions apply: pets can be no longer than 36 inches and no taller than 36 inches. Larger, or more than two pets requires property manager’s approval. Please contact the property for questions.This site may contain errors, inaccuracies, omissions or incomplete data (including without limitation mistaken hotel rates or availability). Extended Stay America reserves the right to rescind any stated offer and to correct any errors, inaccuracies or omissions including after a reservation order has been submitted and whether or not the order has been confirmed and your credit card charged.Extended Stay America Suites - 3700 132nd Ave SE, Bellevue, WA 98006"	https://seattle.craigslist.org/see/apa/d/bellevue-fully-furnished-and-ready-to/7703290759.html
7703290428	West Facing Open 1 Bedroom! Natural Light Just Pours In!	2150	capital hill	blacklisted_description	seattle	(47.61633, -122.308397)	False	"Lawrence Lofts1818 E Madison Street, Seattle, WA, 98122Want more information? Follow this link:https://blantonturner.touraptnow.com/46o1p0Call Now -  show contact info
 x 328OR Text 328 to  show contact info
 to text us.Your journey starts here.1 Bedroom, 1 Bath | Approximately 655 Sq. Ft.Community Info:When it comes time to find your new place to land, touch down at Lawrence Lofts! Make leaving home a little harder by enjoying our high ceilings, oversized windows, and open interiors. Minimal walls and tall ceilings maximize the sensation of spaciousness. Hone your home chef potential in sleek updated kitchens with convenient stainless-steel appliances, granite countertops, under cabinet lighting, and European-inspired cabinetry. Concrete floors make cleaning a breeze and ensures you never hear a peep from your upstairs neighbors. Things don't end with the apartments! Lawrence Lofts offers a fantastic community as well! Immerse yourself in a true PNW Seattle experience with curated projector videos on every floor. Host with half the hassle with a fully equipped, professionally cleaned guest suite. No more couch surfing, our suite is more affordable than any hotel! Barbeque tastes better when you're enjoying cascade mountain views from our reservable rooftop amenity space. Fur babies are family. All breeds and sizes are allowed with NO pet deposits! And more is just outside your door. Conveniently located only blocks from the Pike/Pine Corridor of Capitol Hill, Lawrence Lofts is hyper-connected. Explore the neighborhood with ease. A local walk score of 94 means all the area has to offer is at your fingertips. Come check out Lawrence Lofts today and see why it is the PERFECT place to call your next home!  Unit Highlights ✧  Microwaves ✧  Decks, Patios, and Rooftop Terraces* ✧  Granite Countertops ✧  Front-load Washer and Dryers ✧  High Ceilings ✧  Stainless Steel Appliances ✧  Tile Showers ✧  Fireplaces ✧  Under Cabinet Lighting ✧  Dishwashers ✧  Glass-front Cabinets Inspired by European Design ✧  Garbage Disposals ✧  Floor-to-ceiling Windows ✧  Deep Tubs ✧  Tile or Concrete Flooring in Living Areas ✧  Bottom-load Freezers*Included for Some Floor PlansCommunity Highlights ✧  Rooftop View Deck ✧  Guest Suite ✧  Professional-grade BBQs ✧  Pet Friendly ✧  On-site Retail Spaces ✧  Green Spaces Nearby ✧  Virtual Concierge ✧  WalkScore of 94 ✧  Convenient NeighborhoodOffice HoursMonday-Saturday: 9:00AM-6:00PMPet PolicyPets are part of the family! We conduct individual pet interviews for our furry residents without breed or size restrictions. Once they’re here, walks at Cal Anderson, Mill, and Seven Hills park are easy to sneak in (under a half-mile away). Equal Housing OpportunityB1Ke9VU6wjPb"	https://seattle.craigslist.org/see/apa/d/seattle-west-facing-open-bedroom/7703290428.html
7702741018	6 Weeks Free - Stunning 1 Bedroom + Den On Our Bight Southwest Corner	2439	greenwood	blacklisted_description	Greenwood	(47.691677, -122.356337)	False	"8612 Palatine Ave N, Seattle, WA 98103(Price reflects a 12-month lease for apartment #424 with a start date within 7 days of the original posting date. Price is subject to change and varies depending on lease length, move-in date, and more. Visit our website for more detailed pricing information).Find substance, style, and sustainability at The Morrow, brand new luxury apartment homes in the pedestrian-friendly, vibrant neighborhood of Greenwood, Seattle. The Morrow features apartment homes with modern finishes and lavish amenities including a rooftop deck, game room, courtyard and bike storage. This pet-friendly brand new apartment community is where you want to be if you seek upscale living in a convenient location. Join the VIP list or give us a call today to learn more.Unit Amenities:Washer/Dryer In UnitClosets with built-in shelvesWindow CoveringsDark cabinets with subway tile backsplashMountain Views*Semi Private Balcony/Patios*CarpetingRefrigeratorDishwasherMicrowave*In Select HomesCommunity Amenities:Electric Car Charging StationsControlled Access BuildingControlled/Remote Garage EntryGame RoomWalking distance from Greenwood shopping, restaurants and barsClose to I-5Call:  show contact info
For more information, visit us at: https://livecushwake.com/zv4q4ci2/morrow*Equal housing opportunity*"	https://seattle.craigslist.org/see/apa/d/seattle-weeks-free-stunning-bedroom-den/7702741018.html
7702623614	3 bdrm. 2 Full bath unit in a Brick Triplex in Ballard	2695	ballard	blacklisted_description	Seattle, Ballard	(47.6691, -122.3691)	False	"For rent a 3 bedroom 2 full bathroom unit in an all brick triplex with a tile roof, well landscaped- in a quiet Ballard neighborhood 1 block north of Market Street near bus lines, and shopping. There are 2 floors with full bathrooms on each floor. White oak hardwood floors, fireplace with an insert (more efficient), free firewood in the backyard. New porcelain tile floor in the kitchen. Storage in the unit. Washer, and dryer, in the laundry room. The lower bedroom has it's own optional private entrance. Optionally, partially, furnished. No utilities are included, no pets, non-smokers. Off street parking for 1 car. By appointment only for interior showing. To see interior please text to: 206 947-44 six, seven. Near Phinney Ridge, Fremont, and downtown Seattle. You are welcome to drive by to see the outside of the building, and neighborhood, anytime (915 N.W. 56th St. Sea., WA 98107 In the Ballard neighborhood). Available September 1st, 2023. Pictures on Facebook Marketplace. https://www.facebook.com/marketplace/item/1274289469587464/?mibextid=dXMIcH
Blessings."	https://seattle.craigslist.org/see/apa/d/seattle-bdrm-full-bath-unit-in-brick/7702623614.html
7702173313	2BD 2BA apt :: Modern kitchen :: Open concept living :: Belltown area	2695	belltown	blacklisted_description	Seattle Waterfront, Belltown, Elliott Avenue	(47.612051, -122.347308)	False	"The Elliott Pointe Apartments offers unique studio, one and two bedroom floor plans to suit your desire for luxury apartment living. Our apartments feature fantastic designer-colored walls, luxury plank floor, and stainless steel kitchen appliances.This apartment features:Fireplace!Spacious pool & courtyardStainless Steel Kitchen AppliancesDesigner Surfaces & Fixtures with Luxury Plank Flooring throughoutLarge patio has sliding glass doors to both the living room and bedroom with extra outside storage unitFull-size Washer/Dryer12 month lease availablePhotos in ad may not be of actual apartment, however we try our best to use photos similar to the floor plan.Come Visit us!Elliott Pointe2226 Elliott AveSeattle, WA 98121https://livecreativejuices.com/ku7lbkkk/elliott-pointeContact us today to schedule a tour! Call  show contact info
Office Hours Tuesday - Saturday 9:00 AM - 6:00 PMClosed Sunday & MondayPhotos in ad may not be of actual apartment, however we try our best to use photos similar to the floor plan.related search terms ::: Elliott Bay, Pike Place Market, Seattle Waterfront, Bell Street Bridge, Belltown, Seattle Art Institute, highway 5, highway 99, Pier 66"	https://seattle.craigslist.org/see/apa/d/seattle-2bd-2ba-apt-modern-kitchen-open/7702173313.html
7701388001	TOUR TODAY! Pet Friendly, Close To Transit, Nearby Downtown Apt Homes!	1830	renton	blacklisted_description	95 Burnett Ave S, Renton, WA	(47.483106, -122.208255)	False	"95 Burnett Ave S, Renton, WA 98057Welcome to 95 Burnett Apartments, an intimate community with a charming atmosphere. Our apartment community is located in Downtown Renton, Washington a vibrant neighborhood brimming with boutique shops, restaurants and parks, all within walking distance from your front door. Choose from eight spacious floor plans with studio, one, two and three bedroom options including two level townhomes. Each home is tailored with amenities such as hardwood floors, 9 ceilings, private balconies/patios, fully equipped kitchens with granite countertops, in-home washer and dryer and select homes feature vaulted ceilings. Plus, enjoy our year round firepit and BBQ gazebo and play ping pong, cornhole, or putt-putt golf with your friends, family or neighbors on our second floor patio deck!,Living at 95 Burnett Apartments in Renton gives you easy access to I-405, and we are just a few miles from Tukwila Station for a quick commute to Seattle and Tacoma on the Sounder train. Flying out for business or pleasure?  We're just six miles from Seattle-Tacoma International Airport.  Our convenient location also puts you within minutes to Boeing, Renton Landing, Southcenter Mall, Gene Coulon Memorial Beach Park and Cedar River Park. Wed love to have you call 95 Burnett your new home. Give us a call to schedule your tour today!,Unit Amenities:All-electric KitchenBreakfast BarCarpeted FloorsCovered Parking GarageDen or Study*GarageHardwood FloorsMini BlindsRefrigeratorTrack and Pendant Lighting*In Select HomesCommunity Amenities:Pet-friendly staff (with dog treats in the office)CourtyardClose to shoppingSoaker tubCopy and fax servicesSpacious floorplansCall:  show contact info
For more information, visit us at: https://livecushwake.com/oumg67te/95-burnett*Equal housing opportunity*"	https://seattle.craigslist.org/see/apa/d/renton-tour-today-pet-friendly-close-to/7701388001.html
7701405347	Exposed brick walls, Ceiling fans	2895	downtown	blacklisted_description	111 1st Avenue South, Seattle, WA	(47.6036, -122.3256)	False	"Welcome to Terry DennyThe Terry Denny Lofts & Penthouse Apartments in Downtown SeattleThe Terry Denny Apartment Building in downtown Seattle's Pioneer Square artfully combines old and new with unique live / work spaces designed for urban residents. Historic loft apartment interiors with renovated apartment building amenities feature hardwood floors, exposed brick walls, modern kitchens, and generously sized bathrooms. New construction penthouse loft apartments offer private decks with stunning views of Elliott Bay and downtown Seattle, floor-to-ceiling windows and a second level perfect for a home office or bedroom. Building amenities include affordable parking options, community roof top deck, bike storage and on-site storage units. Terry Denny Loft Apartments and Penthouse Apartments are available for rent.The Terry Denny Lofts & Penthouse Apartments are located at 111 First Avenue South in the vibrant and historic Pioneer Square neighborhood, where you’ll find a host of galleries, bookstores, boutiques, restaurants, outdoor spaces and all the amenities that downtown Seattle has to offer.Apartment Features:Washer/DryerDigital cable availableCeiling fans17 foot ceiling heightFloor-to-ceiling windowsFlexible living space with second level upstairs loftConcealed architectural lightingDesigner modern kitchens with above counter lighting, stainless steel backsplash and solid black epoxy countersSpacious white tiled baths feature built-in vanity and large above counter sink basinAppliances include dishwasher, disposal, glass-top range and washer & dryer in each unitOn-site storage units availableHardwood floors11 to 15 foot ceilingsAdditional closet and kitchen cupboard spaceLarge private decks with breathtaking water and city viewsWheelchair accessCommunity Features:On-Site ManagementAvailability 24 HoursBicycle StorageElectronic key card access to buildingOn-site parking availableOpen flexible living spacesOriginal millworkExposed brick wallsFive-panel oversized mahogany slider doorsHistoric landmark buildingAdditional parking available at nearby garage, with special discounted monthly rates for residentsStainless steel elevatorCommunity roof top deck with Elliott Bay view and gas grillGarageHistoric BuildingCall:  show contact info
For more information, visit us at: https://samis-living.com/euoqr4cn/terry-denny*Pricing and availability are subject to change daily. Photos may not be of the exact advertised unit. Please contact us today for the most up to date information!"	https://seattle.craigslist.org/see/apa/d/seattle-exposed-brick-walls-ceiling-fans/7701405347.html
7700251289	Landmark N. Broadway, hardwoods, Parking, Pets	1695	capitol hill	blacklisted_description	Capitol Hill	(47.621135, -122.3224)	False	"Spacious1 bedroom apartment in our quiet, well maintained 1948 Bauhaus-inspired 14 unit apartment building.  Popular North Capitol Hill location,   1 block off Broadway,  Harvard Ave E and E Thomas St.  Light Rail station just 2 blocks away, great access by bus to U-district or downtown, walk to South Lake Union area.  QFC grocery store, many restaurants and shops, SCCC, public library are all just blocks away. 

This main floor NW corner apartment  features: deep window sills, large period steel windows,  hardwood floors,  full bath with tile, large vintage tile kitchen with room for a table by the window.  Laundry in building.  cat ok, dog considered; no fee.  

This is a no smoking building. 

Apartment rent is $1,695 plus $20 utility fee which includes: WSG, Heat, Hot Water.  Parking space $100
Move-in cost: first month's rent and a $600 refundable deposit. 

No application fee. 
Lease terms flexible
Call for in-person tour, YouTube tour here:  https://youtu.be/S4BWoF8q-4Q 
contact Ron@  show contact info"	https://seattle.craigslist.org/see/apa/d/landmark-broadway-hardwoods-parking-pets/7700251289.html
7695791283	North Broadway, Hardwoods, Pets, Parking	1725	capitol hill	blacklisted_description	Capitol Hill	(47.621149, -122.322357)	False	"We have a nice sized 1 bedroom apartment coming available.

Our landmark 1948 building is located in the heart of the North Capitol Hill Broadway district: one block west of Broadway, 2 blocks north of the light rail station.

The apartment features: natural hardwood floors, dish washer, original steel windows, tile bath, laundry in building, secure entry, off street parking available.

video link: https://youtu.be/fDhgDjP0YAc

Rent is $1725 plus $20 for W, S, G, and heat.

Parking available for $100/month.

renal info: https://docs.google.com/document/d/1XC2dwcAGlyCxspELMCLbEw54rhPfyi_h_2ITzVEG3VM/edit#heading=h.hhevn0icya3z"	https://seattle.craigslist.org/see/apa/d/seattle-north-broadway-hardwoods-pets/7695791283.html
7703287670	Light Filled 1 Bedroom on Eastlake- 2 Weeks FREE	1895	eastlake	blacklisted_description	Seattle, Eastlake	(47.63832, -122.325937)	False	"Light Filled 1 Bedroom on Eastlake- 2 Weeks FREE




Property Address

2201 EASTLAKE AVE E UNIT 407 | SEATTLE, WA 98102


  Available: Now



Offered By

Waterton Apartments - Seattle Property Management Associates




Description

    Drawing inspiration from the Eastlake neighborhood, its buildings, the lake and the sky, Waterton Eastlake is as much of an experience as a place to call home. Positioned at the gateway to residential Eastlake from South Lake Union, the contemporary spaces at Waterton provide comfort and quality with the latest in modern living amenities, including amazing views of Lake Union.

We are offering this urban 1 bedroom unit on a 12- month Lease Term with 2 weeks Rent Free. At the time of application, we require payment of the $25 application fee per person and a $1000 deposit that is then applied to the refundable security deposit upon approval. This building is no smoking and cats and dogs are allowed. A reserved parking space in the garage may be available for $175/month.

For more information or to schedule a viewing, please contact us at  show contact info

Feel free to view all of our property vacancies at www.seattlepma.com
  
Amenities

Hardwood Floors
Roof Top Deck
On-Site Management
washer/dryer in unit
Dog-Washing Station
Garage Parking

Details

Beds/Baths: 1BD/1.0BA
Square Feet: 542

Rental Terms

Rent: $1,895.00 

    Available: Now
    Application Fee: $25.00
    Security Deposit: $1,000.00

  
Pet Policy

Cats allowed
Small dogs allowed"	https://seattle.craigslist.org/see/apa/d/seattle-light-filled-bedroom-on/7703287670.html
7703287583	Stunning Top Floor Eastlake 1 Bedroom	1995	eastlake	blacklisted_description	Seattle, Eastlake	(47.63832, -122.325937)	False	"Stunning Top Floor Eastlake 1 Bedroom 




Property Address

2201 EASTLAKE AVE E UNIT 510 | SEATTLE, WA 98102


  Available: Now



Offered By

Waterton Eastlake Apartments - Seattle Property Management Associates




Description

    Drawing inspiration from the Eastlake neighborhood, its buildings, the lake and the sky, Waterton Eastlake is as much of an experience as a place to call home. Positioned at the gateway to residential Eastlake from South Lake Union, the contemporary spaces at Waterton provide comfort and quality with the latest in modern living amenities, including amazing views of Lake Union.

This top floor urban 1bedroom is located on the East side of the building which receives glorious natural light. It has an open kitchen and living room concept complete with stainless steel appliances. There is plenty of closet space as well as washer/dryer stack in the bathroom. We are offering this spacious 1 bedroom unit on a 12- month Lease Term with a 2 week rent concession.

At the time of application, we require payment of the $25 application fee per person and a $1000 deposit that is then applied to the refundable security deposit upon approval. This building is no smoking and cats and dogs are allowed. There is a $35/month pet rent (per pet). A reserved parking space in the garage may be available for $175/month. 

For more information or to schedule a viewing, please contact us at  show contact info

Amenities

Controlled Access
On-Site Management
Attached Garage
Elevator
Top Floor
Stainless Steel Appliances
washer/dryer in unit
Roof Top Deck
Dog-Washing Station
near transportation

Details

Beds/Baths: 1BD/1.0BA
Square Feet: 542

Rental Terms

Rent: $1,995.00 

    Available: Now
    Application Fee: $25.00
    Security Deposit: $1,000.00

  
Pet Policy

Cats allowed
Small dogs allowed"	https://seattle.craigslist.org/see/apa/d/seattle-stunning-top-floor-eastlake/7703287583.html
7703287552	Charming MFTE 1Bed on Eastlake - 2 Weeks Free	1700	eastlake	blacklisted_description	Seattle, Eastlake	(47.63832, -122.325937)	False	"Charming MFTE 1Bed on Eastlake - 2 Weeks Free




Property Address

2201 EASTLAKE AVE E UNIT 309M | SEATTLE, WA 98102


  Available: Now



Offered By

Waterton Eastlake Apartments - Seattle Property Management Associates




Description

    Drawing inspiration from the Eastlake neighborhood, its buildings, the lake and the sky, Waterton is as much of an experience as a place to call home. Positioned at the gateway to residential Eastlake from South Lake Union, the contemporary spaces at Waterton provide comfort and quality with the latest in modern living amenities, including amazing views of Lake Union.

Unit 309 is situated on the East side of the building which receives glorious natural light and overlooks Eastlake Ave. It has hardwoods throughout, in-unit washer/dryer, stainless steel appliances and a small balcony. We are offering this spacious 1 bedroom unit on a 12- month Lease Term with a 2 week rent concession.

At the time of application, we require payment of the $25 application fee per person and a $1000 deposit that is then applied to the refundable security deposit upon approval. This building is no smoking and cats and dogs are allowed. A reserved parking space in the garage may be available for $175/month.

For more information or to schedule a viewing, please contact us at  show contact info

Amenities

Controlled Access
Secure Entry
Attached Garage
Elevator
On-Site Management
washer/dryer in unit
Roof Top Deck
near transportation

Details

Beds/Baths: 1BD/1.0BA
Square Feet: 542

Rental Terms

Rent: $1,700.00 

    Available: Now
    Application Fee: $25.00
    Security Deposit: $1,000.00

  
Pet Policy

Cats allowed
Small dogs allowed"	https://seattle.craigslist.org/see/apa/d/seattle-charming-mfte-1bed-on-eastlake/7703287552.html
7698559513	$1000 OFF AND PRICE DROP! Enjoy Seattle in your Renovated 2x2 with W/D	2495	first hill	blacklisted_description	First Hill	(47.604973, -122.318368)	False	SPECIALS! $1,000 look and lease special (on rent ready units/12 month leases) Vantage Park matches a great location with convenient amenities and beautiful units. Located near Seattle University, Harborview, and Swedish Medical Center, you're only a walk away from great food, shopping, and more. Plenty more is accessible nearby with plenty of public transportation options. Our pet friendly units feature full kitchens and in-unit washer and dryer. On site, you'll have access to our courtyard with grilling stations, our rooftop terrace, and fitness center. Secured garage parking available! Picture yourself on First Hill, close to fun restaurants and minutes from vibrant Downtown Seattle. At Vantage Park, we offer online applications for our one and two bedroom apartments. Contact us to schedule a tour, or if you have any questions, we’re happy to help! Currently we have a few different floorplans available, and availability is constantly updating on our website. View our floor plans and apply online at: vantageparkapartments.com Please note that pictures will depict a similar floor plan, and not the exact unit. Amenities Include:• Secure Electronic Entrance• Microwave• Close to Public Transportation• Rooftop Terrace• Fitness Center• Courtyard with grilling stations• Elevators• Close to Shopping• Coffee Bar• Secured Garage Parking• Secured Package Access   Call:  show contact info	https://seattle.craigslist.org/see/apa/d/seattle-1000-off-and-price-drop-enjoy/7698559513.html
7703286797	2 Bed with Private Patio near Pike Pine Corridor- 6 Weeks Free!	1775	capital hill	blacklisted_description	Seattle, Capital Hill	(47.616897, -122.325897)	False	"2 Bed with Private Patio near Pike Pine Corridor- 6 Weeks Free!




Property Address

1717 SUMMIT AVE UNIT 104 | SEATTLE, WA 98122


  Available: Now



Offered By

Summit 1717 - Seattle Property Management Associates




Description

    Stylish, clean, retro late 1950's building with hardwood floors, spacious living area, and bedroom with beautiful built-ins and ample closet and cabinet space. We have a strong community feel with friendly and respectful neighbors in this cozy, 12 unit building. The courtyard offers an in-the-city oasis and is open to all residents. The building has controlled access with phone entry and on-site coin laundry. Close to Seattle Central, SU, hospitals, downtown, Capitol Hill nightlife!

Unit 104 is situated on the Southeast corner of the building and receives great natural light. The original built-in cabinets and shelving have been well maintained and provide a touch of days-gone-by. There is a small private patio off the kitchen which can be utilized for a variety of purposes. 

This unit is being offered with a 12-month Lease term, $125 utility fee for water, sewer, and garbage. At the time of application, we require payment of the $25 application fee per person and a $1000 deposit that is then applied to the refundable security deposit upon approval. This building is no smoking and no dogs, cats are allowed.

If you would like more information or to schedule a tour, please contact Jeff at  show contact info
Feel free to view all of our property vacancies at: https://www.seattlepma.com/
  
Amenities

Vintage Building
Controlled Access
Secure Entry
Wood Floors
Laundry On Site
Private Patio
near transportation

Details

Beds/Baths: 2BD/1.0BA
Square Feet: 1,000

Rental Terms

Rent: $1,775.00 

    Available: Now
    Application Fee: $25.00
    Security Deposit: $1,000.00

  
Pet Policy

Cats allowed
Dogs not allowed"	https://seattle.craigslist.org/see/apa/d/seattle-bed-with-private-patio-near/7703286797.html
7703286765	Charming MFTE 1 Bedroom on Eastlake	1735	eastlake	blacklisted_description	Seattle, Eastlake	(47.638372, -122.326069)	False	"Charming MFTE 1 Bedroom on Eastlake 




Property Address

2201 EASTLAKE AVE E UNIT 104M | SEATTLE, WA 98102


  Available: Now



Offered By

Waterton Eastlake Apartments - Seattle Property Management Associates




Description

    Drawing inspiration from the Eastlake neighborhood, its buildings, the lake and the sky, Waterton Eastlake is as much of an experience as a place to call home. Positioned at the gateway to residential Eastlake from South Lake Union, the contemporary spaces at Waterton provide comfort and quality with the latest in modern living amenities, including amazing views of Lake Union.

We are offering this spacious MFTE 1 bedroom, 1 bathroom unit on a 12 month Lease Term. At the time of application, we require payment of the $25 application fee per person and a $1000 deposit that is then applied to the refundable security deposit upon approval. This building is no smoking and cats and dogs are allowed. A reserved parking space in the garage may be available for $175/month.

For more information or to schedule a viewing, please contact us at  show contact info

Reasons to love life at Waterton Eastlake:
Rooftop relaxation: Kick back or entertain guests on the spacious, landscaped rooftop deck with fire pit, BBQ, al fresco dining space and even more views. High-end finishes: With floor-to-ceiling windows to maximize light, all you’ll see is sparkling tile and sleek, wood-style surfaces. Sophisticated touches: Extras like walk-in closets and under-cabinet lighting are included in every apartment. Up your comfort level with air conditioning and a wine fridge. Neighborhood proximity: The pedestrian-friendly location offers quick connection to the shores of Lake Union, Capitol Hill, Wallingford, Fremont and the University District. Pet-friendly perks: Your four-legged friends will feel at home, too, with an on-site dog run and washing station.
  
Amenities

Controlled Access
Secure Entry
Attached Garage
Elevator
Private Patio
near transportation
On-Site Management
Laundry in-unit

Details

Beds/Baths: 1BD/1.0BA
Square Feet: 661

Rental Terms

Rent: $1,735.00 

    Available: Now
    Application Fee: $25.00
    Security Deposit: $1,000.00

  
Pet Policy

Cats allowed
Small dogs allowed"	https://seattle.craigslist.org/see/apa/d/seattle-charming-mfte-bedroom-on/7703286765.html
7697538228	Up To 6 Weeks Free!!	1736	south seattle	blacklisted_description	3701 S Hudson St, Seattle, WA	(47.556581, -122.285661)	False	"3701 S Hudson St, Seattle, WA 98118Greenhouse Apartments features unique one- and two-bedroom apartment homes that are designed to give residents a foundation for colorful and creative residential living. From the lush carpeting and wood flooring to the illuminating windows and dramatic nine-foot ceilings, our Columbia City, Seattle apartments offer just the right blend of ingredients for residents to create homes full of personality and comfort.If youve been searching for a community of apartments filled with upscale amenities and convenient features, look no further. Our spacious apartments include touches like ceiling fans, granite counter-tops, expansive closets throughout and abundant kitchen storage as well. Our community boasts a rooftop fire pit, a sundeck, 24 hour fitness center and 24 hour clubhouse both with WiFi its clear that community spirit is alive and well at Greenhouse apartments in Seattle.Unit Amenities:Front Loading Washer and DryerContemporary Kitchens with Abundant Storage and Built-in PantryEnergy Star Silver Metallic AppliancesStylish Granite CountertopsExtra-Large Windows Featuring Trickle Ventilators Allow for Natural Light, Fresh Air and Territorial ViewsRoomy 9-Foot High CeilingsCeiling FansKarndean Wood Floors Entry to Kitchen and Carpeted Living Spaces and BedroomsWalk-In Closets*Ground-Level Patio with Outdoor Access**In Select HomesCommunity Amenities:Complementary Common Area Wi-FiPublic Transportation options nearby, Including Link Light Rail24 Hour Fitness CenterBike StoragePet FriendlyNon-Smoking CommunityCall:  show contact info
For more information, visit us at: https://livecushwake.com/zh6b2wp7/greenhouse-apartments*Equal housing opportunity*"	https://seattle.craigslist.org/see/apa/d/seattle-up-to-weeks-free/7697538228.html
7697167232	Dishwasher, Amazon Hub Lockers, 2bd 2ba	1770	north seattle	blacklisted_description	1020 112th St SW , Everett, WA	(47.896169, -122.248251)	False	"1020 112th St SW, Everett, WA 98204Timberline Court Apartments Everett WA Come and see our spacious, newly renovated apartments in Everett, WA, and schedule a tour of Timberline Court Apartments. We have a wide selection of floor plans, including one- and two-bedroom apartments with plenty of room for you and yours to stretch out and relax. Each of our homes comes with a complete appliance package, including a dishwasher, range, oven, and refrigerator, wood-style flooring in common areas, carpeted bedrooms, and of course, the all-important oversized closets giving you a ton of storage space. Got a pet? Ask about our dog-friendly apartments during your tour. When residing in an apartment community, it is important that you choose the right one for your family. This will mean finding a place that offers easy access to everything you need, from shopping and dining to entertainment for young and old alike. You will find the right Everett apartments to meet your needs right here at Timberline Court. We offer a great selection of two- and one-bedroom apartment homes with everything you need, all in a great community. You can enjoy our dog park with a furred companion, take the kids to our onsite playground or enjoy easy access to Silver Lake, local restaurants, or I-5 for longer trips. One visit to our community will help you find a great selection of apartments for rent, whether you desire something for one or require space for a family. Our goal is to exceed all your expectations about apartment living by providing you with a gorgeous home that keeps you close to all you need or want while offering the peace of living outside the hubbub of city life. Whether you want pet-friendly apartments for you and a furred companion or need something larger for your family, Timberline has exactly what you desire. In one quick visit to Timberline Court Apartments in Everett, WA, you will find a great place to live. Our homes offer you a place of peace in a hectic life. Schedule your tour now.Unit Amenities:Wood Burning Fireplaces (3rd Floor Only)Renovated InteriorsCeiling FansDishwasherPantryGarbage DisposalWalk In ClosetsVaulted Ceilings (3rd Floor Only)Refrigerator*In Select HomesCommunity Amenities:PlaygroundAmazon Hub LockersOnsite Laundry FacilityDog ParkCall:  show contact info
For more information, visit us at: https://livecushwake.com/emf5uraj/timberline-court*Equal housing opportunity*"	https://seattle.craigslist.org/see/apa/d/everett-dishwasher-amazon-hub-lockers/7697167232.html
7703285992	Light-Filled 2 bedroom in Lynnwood	1795	lynnwood	blacklisted_description	Lynnwood	(47.821236, -122.333107)	False	"Light-Filled 2 bedroom in Lynnwood




Property Address

7328 196TH ST SW APT B104 | LYNNWOOD, WA 98036


  Available: Now



Offered By

Silvercrest Apartments - Seattle Property Management Associates




Description

    Silvercrest Apartments are well located in Lynnwood just a few short blocks to Edmonds Community College, Five Guys Burgers, Trader Joe's, Starbucks, and many other great shops and restaurants. Silvercrest is a nice 20 unit apartment building with well kept grounds, a nice yard and patio as well as on site management.  

This light-filled, spacious apartment has been updated to include new designer flooring and lighting. This unit is being offered with a 12 month Lease Term and a $150 per month utility fee. 

At the time of application, we require payment of the $25 application fee per person and a $1000 deposit that is then applied to the refundable security deposit upon approval. This building is no smoking and no pets allowed.

For more information or to schedule a tour, please call Franck at  show contact info

Amenities

On-Site Management
washer/dryer in unit
off-street parking
Dishwasher
near transportation
Laminate Floors

Details

Beds/Baths: 2BD/1.0BA
Square Feet: 792

Rental Terms

Rent: $1,795.00 

    Available: Now
    Application Fee: $25.00
    Security Deposit: $1,000.00

  
Pet Policy

Cats not allowed
Dogs not allowed"	https://seattle.craigslist.org/see/apa/d/lynnwood-light-filled-bedroom-in/7703285992.html
7703285926	Spacious 3Bed/1.5Bath Near Edmonds College	2200	lynnwood	blacklisted_description	Lynnwood	(47.821245, -122.333096)	False	"Spacious 3Bed/1.5Bath Near Edmonds College




Property Address

7326 196TH ST SW APT A202 | LYNNWOOD, WA 98036


  Available: Now



Offered By

Silvercrest Apartments - Seattle Property Management Associates




Description

    Silvercrest Apartments are well located in Lynnwood just a few short blocks to Edmonds Community College, Five Guys Burgers, Trader Joe's, Starbucks, and many other great shops and restaurants. Silvercrest is a nice 20 unit apartment building with well kept grounds, a nice yard and patio as well as on site management.

A202 is a light filled 3bed/1.5bath unit with full size in-unit washer/dryer and lots of storage space. This unit is being offered with a 12 month Lease Term and a $150 per month utility fee.

At the time of application, we require payment of the $25 application fee per person and a $1000 deposit that is then applied to the refundable security deposit upon approval. This building is no smoking and no pets allowed.

For more information or to schedule a tour, please call Franck at  show contact info

Amenities

Controlled Access
Secure Entry
On-Site Management
washer/dryer in unit
off-street parking
near transportation

Details

Beds/Baths: 3BD/1.5BA
Square Feet: 1,243

Rental Terms

Rent: $2,200.00 

    Available: Now
    Application Fee: $25.00
    Security Deposit: $1,000.00

  
Pet Policy

Cats not allowed
Dogs not allowed"	https://seattle.craigslist.org/see/apa/d/lynnwood-spacious-3bed-15bath-near/7703285926.html
7699743679	1bd 1ba, Theater Room, Professional Management Staff	1610	shoreline	blacklisted_description	1140 N 192nd St, Shoreline, WA	(47.768473, -122.344508)	False	"3 Months Free Don't miss your opportunity to receive 3 Months Free Rent*! PLUS if you tour and move before January 1, 2024 you can unlock additional savings.  Call to schedule your tour and learn more! *Valid on new leases, subject to change, based on availability and select units.The Blakely Senior Living Community is a Senior apartment community for those age 55+ nestled at the heart of Echo Lake, a residential neighborhood in Shoreline. The Blakely was designed to create a warm and inviting community with multiple unique floor plans to choose from. We are truly a one-of-a-kind 55+ community and we invite you to contact us for a visit. We look forward to welcoming you home!Apartment Features:Ample Closet SpaceWood Shaker Style CabinetsFull Size Washer & Dryer Fully Equipped Kitchen With Black AppliancesWood Inspired FlooringWindow CoveringsCommunity Features:Craft RoomBusiness Center2 Sunrooms with DeckLaundry Rooms Conveniently Located on Each Floor24-Hour Fitness CenterCommunity RoomGame RoomControlled Access/GatedProfessional Management StaffCoffee RoomBeautiful LandscapingAdjacent to YMCATheater RoomCall:  show contact info
For more information, visit us at: https://liveataxisresidential.com/7jvdl5yg/blakely-at-echo-lakePricing and availability are subject to change."	https://seattle.craigslist.org/see/apa/d/seattle-1bd-1ba-theater-room/7699743679.html
7699209059	Best price per square footage! +kitchen island! 1monthfree!	1699	edmonds	blacklisted_description	Edmonds	(47.78723, -122.341852)	False	"Now Offering One Month Free + $1,000 Amex GC on Select Homes!Hazel Apartments in EdmondsApartment Features:Walk-In ClosetsStainless Steel AppliancesAC PortsContemporary, Soft-Close CabinetsVinyl Plank FlooringCable ReadyCommunity Features:Pet FriendlyBike Workshop Lounge & Indoor Bike StoragePet WashOutdoor Dog RunFitness Center with Private Yoga StudioClubroom Featuring Entertaining KitchenCall:  show contact info
For more information, visit us at: https://gre-apartments.com/6jgpvnqf/hazel-apartmentsPlease leave your name and contact number when replying to this posting.Please leave your name and contact number when replying to this posting.*Pricing and availability are subject to change daily. Photos may not be of the exact advertised unit. Please contact us today for the most up to date information!"	https://seattle.craigslist.org/see/apa/d/mountlake-terrace-best-price-per-square/7699209059.html
7703285213	Furnished One Bed Room With Laundry in Unit	1600	burien	blacklisted_name	Burien	(47.480945, -122.348495)	False	"Chelsea Park View on the 2nd floor.
Furniture furnished and laundry sets provided.
One bed room for one single person only.
One parking space on site.
No smoking, No recreational Drug, No pets, No parties.
Application fee $50.00.
Moving out clean up fee $300.00 none refundable.
Security Deposit one month rent of $1,600.00.
Contact phone  show contact info
 for voice mail.
Prefer to respond by text message to  show contact info
."	https://seattle.craigslist.org/see/apa/d/seahurst-furnished-one-bed-room-with/7703285213.html
7694682923	"3305: 6 Weeks Free ""look-&-lease"" Special. Call today for details!"	2364	downtown	blacklisted_description	Denny Traingle	(47.615813, -122.333613)	False	"1823 Terry Ave, Seattle, WA 98101Welcometo Aspira, luxury high-rise apartments located in Belltown Seattle. Aspira wasbuilt with you in mind, focusing on creating a community atmosphere with thelowest impact possible on our environment. Aspira was Seattle's' first 4 StarBuilt Green high-rise, built to help protect our beautiful Pacific Northwestenvironment. At Aspira, Seattle is truly atyour fingertips. With a 99% walk score, you neverhave to venture far from home to enjoy everything that urban living has tooffer. In case you do need to venture farther from home, Aspira also has a 100%transit score! We have over 17,000 sq. ft. of newly amenity spaces; which includes our Fitness Center, Game Room with pool table and table tennis, Theater Lounge, OutdoorTerrace with fire pit and grills, two pet decks, business center, all open 24 hours. With regular community events that are designed tocater to all residents, you'll feel right at home.   Discoveran elevated lifestyle at Aspira, where luxury and sustainability seamlesslyblend together. Contactus now to see our variety of floor plans and experience the finestliving in Belltown Seattle.Unit Amenities:Modern Kitchen*Operable Energy Efficient WindowsRefrigeratorSpectacular Views Of The Space Needle, Lake Union, Puget Sound, The Cascades and City Skyline*Storage Units AvailableWalk-In Closets*Washer and DryerWater-Saving Lavatories and ShowerheadsWheelchair AccessWindow Coverings*In Select HomesCommunity Amenities:ConciergeDry Cleaning ServiceBusiness Center with Complimentary Wifi, Work Stations, and PrintingStorage UnitsEasy Access to Public TransportationElevatorsCall:  show contact info
For more information, visit us at: https://livecushwake.com/xalxd3fn/aspiraPricing and availability are subject to change."	https://seattle.craigslist.org/see/apa/d/seattle-weeks-free-look-lease-special/7694682923.html
7699195453	Cable Ready, Window Coverings, Natural Light	3075	greenlake	blacklisted_description	Greenlake	(47.678804, -122.325617)	False	"6900 East Green Lake Way N, Seattle, WA 98115Unit Amenities:Huge Walk-In ClosetsWasher & Dryer in Every UnitCable ReadyHardwood FloorsHigh CeilingsNookPartial Lake ViewLive-Work HomesNatural LightWindow Coverings*In Select HomesCommunity Amenities:Short Term LeasesViews of Green LakeWiFi Access in Common AreasOnsite Office Team 7 Days a WeekGreen BuildingSteps from Green LakeCall:  show contact info
For more information, visit us at: https://livecushwake.com/5szkneev/circa-greenlake*Equal housing opportunity*"	https://seattle.craigslist.org/see/apa/d/seattle-cable-ready-window-coverings/7699195453.html
7703283517	Condo in Maple Leaf!	2500	seattle	blacklisted_description	Seattle	(47.6849, -122.2968)	False	"A condo in Maple Leaf is available!

Parking included and a lot of street parking is available too. 

Larger than most kitchens, large walk in closet for your clothes and storage. Bedroom has a sitting area if you want to read by the window. 

The condo is near Growler Guys - great for that random or scheduled beer run. Not to mention it has a band perform on Wednesdays. 

Features:
Whirlpool Fridge, large Farmhouse sink
Soft-close cabinets, soft finish
Large windows with sheer curtains in the living room and black out curtains in the bedroom
Finger-print lock so you don't need keys! And NFC fob for main security door
Stacked washer and dryer next to electric water tank
Close to Public Transportation (522 and 322)
Close to I5 South highway
Recycling and Garbage nearby
Storage area for bikes and storage area for personal items (allotted to the condo)

Terms of 12 months and above preferred."	https://seattle.craigslist.org/see/apa/d/seattle-condo-in-maple-leaf/7703283517.html
7701386932	1 Bed, Loft Style Homes, On Bus Line	2209	madison valley		526 19th Avenue East, Seattle, WA	(47.6301, -122.2972)	False	"Enjoy easy living in a sophisticated neighborhood close to Seattle’s best parks, restaurants and urban nightlife. Bus service to downtown is right outside your door, and the property has easy access to the 520 bridge. Step outside for a BBQ in the courtyard, grab some award winning cookies at Hello Robin, pop out for a drink at Cone & Steiner, or brunch at Bounty Kitchen. Just outside the buzz of Pike/Pine but close enough to reap the rewards.FEATURES INCLUDE:-Patio/Balcony-Controlled Access Building-Walk-in Closets-24-Hour Service Line-Stainless Steel Appliances-On Bus Line-Gated Parking Garage-Package Lockers-Private Courtyard w/ BBQ & Seating Areas-Bike Storage & Maintenance Room-Award Winning Retail Including Hello Robin, Cone & Steiner & Bounty Kitchen-Washer/DryerCall:  show contact info
For more information, visit us at: https://11residentialliving.com/tbu3vtd6/19th-and-mercerPricing and availability are subject to change."	https://seattle.craigslist.org/see/apa/d/seattle-bed-loft-style-homes-on-bus-line/7701386932.html
7703283856	Charming First Hill 2bed Corner Unit -2 Weeks Free	1795	downtown	blacklisted_description	Seattle, Capital Hill	(47.61281, -122.328043)	False	"Charming First Hill 2bed Corner Unit -2 Weeks Free




Property Address

1400 BOREN AVE UNIT 305 | SEATTLE, WA 98101


  Available: 11/10/2023



Offered By

Oxford Crest Apartments - Seattle Property Management Associates




Description

    The Oxford Crest apartments were built in 1929 and still maintains much of its Old World charm. It is located near Virginia Mason, Swedish and Harborview hospitals. There is a plethora of shops, bars and restaurants within walking distance as well as many entertainment attractions that can be found on Capitol Hill. Enjoy the convenience of having a large and enclosed outside dog run on property where Fido can fetch and play.

Unit 305 is situated on the Southwest corner which faces Boren Ave and Union Street. This spacious 2 bedroom unit receives great natural light throughout the day. There are hardwood floors throughout, new vinyl in the kitchen and bathroom, a walk-in closet off the bedroom and a cozy L-shaped kitchen. 

At the time of application, we require payment of the $25 application fee per person and a $500 deposit that is then applied to the refundable security deposit upon approval. There is a $75 monthly utility for water/sewer/garbage per person.

For more information or to schedule a viewing, please contact us at  show contact info

Amenities

Controlled Access
elevator
Central Court Yard
small dogs welcome
Laundry Room
Near Transportation
vintage building
Wood Floors
walk-in closet

Details

Beds/Baths: 2BD/1.0BA
Square Feet: 900

Rental Terms

Rent: $1,795.00 

    Available: 11/10/2023
    Application Fee: $25.00
    Security Deposit: $1,000.00

  
Pet Policy

Cats allowed
Small dogs allowed"	https://seattle.craigslist.org/see/apa/d/seattle-charming-first-hill-2bed-corner/7703283856.html
7703283782	2bed/1bath near Alderwood Mall -2 Weeks Free	1695	lynnwood	blacklisted_description	Seattle, Lynnwood	(47.741062, -122.292048)	False	"2bed/1bath near Alderwood Mall -2 Weeks Free




Property Address

3611 156TH ST SW UNIT 25 | LYNNWOOD, WA 98087


  Available: Now



Offered By

Mountain View Apartments - Seattle Property Management Associates




Description

    Mountain View Apartments are located in between SR-525 and Hwy 99 just north of the Alderwood mall. There is a Fred Meyer nearby as well as many new shops and restaurants in Lynnwood and Martha Lake area.

This renovated ground floor unit boasts an original fireplace, updated kitchen and bathroom, as well as a small patio with grassy area. There is a full size in-unit washer & dryer. This unit is being offered on a 12-month Lease.

At the time of application, we require payment of the $25 application fee per person and a $1000 deposit that is then applied to the refundable security deposit upon approval. This building is no smoking and no dogs, cats are welcome.

For more information or to schedule a viewing:  show contact info

Amenities

washer/dryer in unit
off-street parking
On-Site Management
Laminate Floors

Details

Beds/Baths: 2BD/1.0BA
Square Feet: 935

Rental Terms

Rent: $1,695.00 

    Available: Now
    Application Fee: $25.00
    Security Deposit: $1,000.00

  
Pet Policy

Cats allowed
Dogs not allowed"	https://seattle.craigslist.org/see/apa/d/seattle-2bed-1bath-near-alderwood-mall/7703283782.html
7703283720	Top Floor Capitol Hill 1Bedroom - 2 Weeks Free	1850	capital hill	blacklisted_description	Seattle, Capital Hill	(47.61788, -122.30769)	False	"Top Floor Capitol Hill 1Bedroom - 2 Weeks Free




Property Address

1813 19TH AVE UNIT 404 | SEATTLE, WA 98122


  Available: Now



Offered By

Madison Place Apartments - Seattle Property Management Associates




Description

    Madison Place is well located in Seattle's Capitol Hill neighborhood near Trader Joe's, the popular 15th Ave, Madison St and not far from Volunteer Park, Commuting downtown, to SLU or getting onto I-5 is a breeze.

This top floor 1 bedroom townhome has a vaulted ceiling in the living room which receives great natural light throughout the day. The East facing deck boasts a sweeping view of the Cascade mountains and is a perfect spot to grill and chill during the summer months. There are laminate wood floors throughout the upstairs with carpet in the bedroom downstairs. Unit 404 is being offered on a 12-month Lease with a 2 week rent concession.

At the time of application, we require payment of the $25 application fee per person and a $1000 deposit that is then applied to the refundable security deposit upon approval.

For more information or to schedule a viewing, call Gino at  show contact info

Amenities

Elevator
On-Site Management
Laundry On Site
Deck
Controlled Access
Secure Entry
Views
Attached Garage

Details

Beds/Baths: 1BD/1.0BA
Square Feet: 713

Rental Terms

Rent: $1,850.00 

    Available: Now
    Application Fee: $25.00
    Security Deposit: $1,000.00

  
Pet Policy

Cats allowed
Dogs not allowed"	https://seattle.craigslist.org/see/apa/d/seattle-top-floor-capitol-hill-1bedroom/7703283720.html
7702794388	QUICK! Apply Now! Sleek, Modern Renovated Apts; Fantastic Location!	1742	renton	blacklisted_description	95 Burnett Ave S, Renton, WA	(47.483106, -122.208255)	False	"95 Burnett Ave S, Renton, WA 98057Welcome to 95 Burnett Apartments, an intimate community with a charming atmosphere. Our apartment community is located in Downtown Renton, Washington a vibrant neighborhood brimming with boutique shops, restaurants and parks, all within walking distance from your front door. Choose from eight spacious floor plans with studio, one, two and three bedroom options including two level townhomes. Each home is tailored with amenities such as hardwood floors, 9 ceilings, private balconies/patios, fully equipped kitchens with granite countertops, in-home washer and dryer and select homes feature vaulted ceilings. Plus, enjoy our year round firepit and BBQ gazebo and play ping pong, cornhole, or putt-putt golf with your friends, family or neighbors on our second floor patio deck!,Living at 95 Burnett Apartments in Renton gives you easy access to I-405, and we are just a few miles from Tukwila Station for a quick commute to Seattle and Tacoma on the Sounder train. Flying out for business or pleasure?  We're just six miles from Seattle-Tacoma International Airport.  Our convenient location also puts you within minutes to Boeing, Renton Landing, Southcenter Mall, Gene Coulon Memorial Beach Park and Cedar River Park. Wed love to have you call 95 Burnett your new home. Give us a call to schedule your tour today!,Unit Amenities:All-electric KitchenBreakfast BarCarpeted FloorsCovered Parking GarageDen or Study*GarageHardwood FloorsMini BlindsRefrigeratorTrack and Pendant Lighting*In Select HomesCommunity Amenities:Pet-friendly staff (with dog treats in the office)CourtyardClose to shoppingSoaker tubCopy and fax servicesSpacious floorplansCall:  show contact info
For more information, visit us at: https://livecushwake.com/d6sbxwlc/95-burnett*Equal housing opportunity*"	https://seattle.craigslist.org/see/apa/d/renton-quick-apply-now-sleek-modern/7702794388.html
7703283490	Top Floor 2Bed+Den in the ♥ of Capitol Hill	2695	capital hill	blacklisted_description	Seattle, Capital Hill	(47.61929, -122.321895)	False	"Top Floor 2Bed+Den in the ♥ of Capitol Hill 




Property Address

120 Harvard Ave E - 704 | Seattle, WA 98102


  Available: 08/19/2023



Offered By

Lexicon, 120 Harvard Ave E, LLC




Description

    The Lexicon Apartments are situated in the heart of Capitol Hill 1 block off Broadway near Cal Anderson Park and the new Link Light Rail station. This modern seven story, 38 unit building was built in 2013 and has many amenities that make this property an attractive place to live. There is a roof top deck with sweeping views of downtown, a sizeable below ground garage, bike room and dog washing station. Enjoy a plethora of restaurants and shops all within walking distance or catch the Light Rail for an adventure further away.

Unit 704 is a top floor 1bed+den 1bath unit with a private balcony off the living room. The floor to ceiling windows allows for abundant natural light and there is plenty of room for storage with many large closets. There is a washer/dryer stack in the bathroom and open concept kitchen with stainless steel appliances.

We are offering this unit on a 12-month lease term with a 2 week rent concession. Utilities are billed separately by a 3rd party based on usage. Assigned, Garage parking is optional for $195 per month.

At the time of application, we require payment of the $25 application fee per person and a $1000 deposit that is then applied to the refundable security deposit upon approval.

For more information about this unit/property, please contact the on-site manager at  show contact info


Amenities

Controlled Access
Secure Entry
Attached Garage
Elevator
Roof Top Deck
On-Site Management
Laundry in-unit
Private Balcony

Details

Beds/Baths: 2BD/1.0BA
Square Feet: 827

Rental Terms

Rent: $2,695.00 

    Available: 08/19/2023
    Application Fee: $25.00
    Security Deposit: $1,000.00

  
Pet Policy

Cats allowed
Small dogs allowed"	https://seattle.craigslist.org/see/apa/d/seattle-top-floor-2bedden-in-the-of/7703283490.html
7703283399	MFTE/Income Qualified 2Bed in ♥ of Capitol Hill	2095	capital hill	blacklisted_description	Seattle, Capital Hill	(47.619319, -122.322035)	False	"MFTE/Income Qualified 2Bed in ♥ of Capitol Hill 




Property Address

120 Harvard Ave E - 504IQ | Seattle, WA 98102


  Available: Now



Offered By

Lexicon, 120 Harvard Ave E, LLC




Description

    This unit is MFTE/Income qualified.

The Lexicon Apartments are situated in the heart of Capitol Hill 1 block off Broadway near Cal Anderson Park and the new Link Light Rail station. This modern seven story, 38 unit building was built in 2013 and has many amenities that make this property an attractive place to live. There is a roof top deck with sweeping views of downtown, a sizeable below ground garage, bike room and dog washing station. Enjoy a plethora of restaurants and shops all within walking distance or catch the Light Rail for an adventure further away.

Unit 504 is located in the Southeast corner of the building which receives superb natural light. There is a small balcony off the living room as well as a decent sized bedroom/den that could be utilized as a home office. Utilities are billed separately by a 3rd party based on usage. Assigned, Garage parking is optional for $195 per month if available.

At the time of application, we require payment of the $25 application fee per person and a $1000 deposit that is then applied to the refundable security deposit upon approval.

For more information about this unit/property, please contact the on-site manager at  show contact info


Amenities

Controlled Access
Secure Entry
Attached Garage
Elevator
On-Site Management
washer/dryer in unit
Private Balcony
Roof Top Deck

Details

Beds/Baths: 2BD/1.0BA
Square Feet: 827

Rental Terms

Rent: $2,095.00 

    Available: Now
    Application Fee: $25.00
    Security Deposit: $1,000.00

  
Pet Policy

Cats allowed
Small dogs allowed"	https://seattle.craigslist.org/see/apa/d/seattle-mfte-income-qualified-2bed-in/7703283399.html
7703282924	Fetching Capitol Hill 1Bed Loft on Broadway - 2 Weeks Free	2395	capital hill	blacklisted_description	Seattle, Capital Hill	(47.619645, -122.321123)	False	"Fetching Capitol Hill 1Bed Loft on Broadway - 2 Weeks Free




Property Address

127 Broadway E - 305 | Seattle, WA 98102


  Available: Now



Offered By

Hollywood Lofts, LLC




Description

    The Hollywood Lofts are situated between the Dick's Drive In on Broadway and the US Bank on the corner of E. Olive. The Link Light Rail Station is directly across the street within a walking to distance to many shops and restaurants nearby to explore and enjoy. There is a underground parking garage, bike room and community roof top deck. All units have in-unit washer dryer stacks, stainless steel appliances and a small patio or deck.

Unit 305 faces East and receives great natural light from the floor to ceiling windows. Enjoy the exposed brick, wood beams and private balcony off the living room where you can the faint aroma of French fries. There is a washer/dryer stack in the guest bath on the main floor and a walk-in closet upstairs. The smooth vinyl plank flooring throughout will keep you cool and comfortable during the hot summer months.

At the time of application, we require payment of the $25 application fee per person and a $1000 deposit that is then applied to the refundable security deposit upon approval. There is no smoking on the property, small dogs and cats are welcome.

If you would like to schedule a tour, please contact the on-site manager at  show contact info

Amenities

Secure Entry
Attached Garage
Elevator
On-Site Management
washer/dryer in unit
Private Balcony
Roof Top Deck
Walk in Closet
Dishwasher
near transportation

Details

Beds/Baths: 1BD/2.0BA
Square Feet: 889

Rental Terms

Rent: $2,395.00 

    Available: Now
    Application Fee: $25.00
    Security Deposit: $1,000.00

  
Pet Policy

Cats allowed
Small dogs allowed"	https://seattle.craigslist.org/see/apa/d/seattle-fetching-capitol-hill-1bed-loft/7703282924.html
7699913567	Bellevue 2BR apt | Stainless kitchen | Wood-style flooring | Spacious!	2550	bellevue	blacklisted_description	Bellevue	(47.572054, -122.174897)	False	"Welcome Home To Tenzen! Tenzen is a community that has been completely remodeled inside and out – with condominium level, upscale interiors. Tenzen residents share a central courtyard in the trees, featuring a stunning fountain. In addition, residents will find a central patio with grilling area, comfortable seating, and heaters (for chilly nights). The Tenzen community is conveniently located for your car or your feet, easy access to I-90 and I-405 and just steps from shopping, restaurants, movies and services. Imagine walking to the grocery store in a matter of minutes. Give Us A Call… we’d love to show you your new home. Call our leasing office!This apartment features:Fully-equipped kitchenGranite countertopsStainless steel appliancesConvenient W/DLarge deck with extra storageWood burning fireplaceGarage Parking AvailableCome Visit us!Tenzen Apartments4117 124th Ave SEBellevue, WA 98006https://livecreativejuices.com/ctnbu2f3/tenzen-apartmentsContact us today to schedule a tour! Call  show contact info
Office Hours Tuesday - Saturday 9:00am – 6:00pmClosed on Sunday & MondayPhotos in ad may not be of actual apartment, however we try our best to use photos similar to the floor plan."	https://seattle.craigslist.org/see/apa/d/bellevue-bellevue-2br-apt-stainless/7699913567.html
7702079339	In-Home Washer & Dryer, Garages Available, Secure Entry	1676	central district	blacklisted_description	402 22nd Ave S, Seattle, WA	(47.599039, -122.303125)	False	"Lease with Confidence!Ask about our 30-Day Move-in Satisfaction Guarantee and Renter’s Assurance Programs.402 22nd Ave S, Seattle, WA 98144Stylish Urban Apartment HomesSituated in a fantastic neighborhood in Seattle, WA, Verse Seattle is within walking distance of tasty eateries, coffeehouses, and recreation.The neighborhood boasts a rich musical past – it’s where the hard rock notes of Jimi Hendrix and never-heard-before soul sounds of Ray Charles began to take shape – and it’s reflected in the pride of the locals. Our beautifully renovated studio, one, and two bedroom apartments are less than two miles from downtown and offer easy access to I-5 and I-90.With everything you need mere steps from our community, you’ll enjoy urban living at its finest.In an effort to provide the best customer experience, we are now offering virtual tours, self-guided tours. Contact us today to schedule your personalized experienceApartment Features:Stainless-Steel AppliancesGarbage DisposalNewly Renovated floor PlansAir Conditioning Available for RentScenic ViewsGarages AvailableDishwasherEnergy-Efficient AppliancesIn-Home Washer & DryerCommunity Features:Online Rental PaymentsClose to Pratt Park24-Hour Fitness CenterSecure EntryResident Parcel Mail RoomClose to Blue Dog PondRecycling CenterCommunity RoomGated Electronic EntranceControlled-Access Underground ParkingCall:  show contact info
For more information, visit us at: https://livepui.com/otlfm6pd/verse-seattlePricing and availability are subject to change."	https://seattle.craigslist.org/see/apa/d/seattle-in-home-washer-dryer-garages/7702079339.html
7698550434	Large Two-Bedroom Apartment!!	2270	renton	blacklisted_description	seattle	(47.4639, -122.136702)	False	"15300 Southeast 155th Place, Renton, WA 98058Welcome to Valley SpringsValley Springs is a beautiful community offering luxurious 1, 2 and 3 bedroom apartment homes spread across 4 buildings. At Valley Springs we treat you like family - you won't just be a number to us. We take pride in our apartment homes, the community, and our hospitality services and it shows! Call or drop-in to tour an apartment home and our beautifully landscaped grounds. We look forward to making Valley Springs your new place to call home!Unit Amenities:DishwasherMicrowaveFull size washer/dryer in every home.Tons of gorgeous maple wood kitchen cabinets.Romantic, electric fireplace with tile hearth.Gorgeous roman soaking tub.Plenty of closet space.Storage room on your patio/deck.All homes are pre-wired for cable, phone, and internet.Patio/Balcony*In Select HomesCommunity Amenities:PlaygroundCourtyardPremium LocationOutdoor Lover's DreamCommuter's ParadiseBBQCall:  show contact info
For more information, visit us at: https://livecushwake.com/hojekffl/valley-springs-apartments*Equal housing opportunity*"	https://seattle.craigslist.org/see/apa/d/renton-large-two-bedroom-apartment/7698550434.html
7700502919	Grilling Station, Rooftop or Observatory Deck, Keyless Apartment Entry	2520	seattle	blacklisted_description	1212 Harrison St, Seattle, WA	(47.622133, -122.332664)	False	"Welcome to Sentral SLUWith enviable views of the city skyline and within walking distance of trendy bars and restaurants, Sentral SLU centers you in Seattle. Everyday life is more beautiful in our unfurnished and designer-furnished apartment suites with modern kitchens and flexible, oversized floor plans. Amenities Include:EV Charging StationsRooftop or Observatory DeckAll Utilities, Streaming Services, WiFi, and MoreLEED Silver CertifiedSecure Garage ParkingCentral Heat and AC with Nest ThermostatDesigner-Furnished Apartments AvailableWiFi in Common AreasUSB OutletsPortable Air Conditioners for RentSmoke-Free CommunitySecure Building AccessCall:  show contact info
For more information, visit us at: https://livewithsentral.com/rgqxamf2/sentral-slu*Pricing and availability are subject to change daily. Photos may not be of the exact advertised unit. Please contact us today for the most up to date information!"	https://seattle.craigslist.org/see/apa/d/seattle-grilling-station-rooftop-or/7700502919.html
7697876257	Fantastic Eco-Friendly Community! Amazing Green 1 bed, 1 bath!	2212	green lake	blacklisted_description	Seattle	(47.681075, -122.324819)	False	"Welcome to The Loop at Green Lake!407 NE 73rd St Seattle, WA 98115Rental Size: 1 BR - 1 BA - 560 - 648 sq ft | Per Month: $2212 | Lease Length: 6-Month, 7-Month, 8-Month, 9-Month, 10-Month, 11-Month, 12-Month show contact info
Located in the center of the city, The Loop is just a 10-minute drive to Northgate, Ballard, Fremont or the University of Washington. For residents who work for one of the city's major employers in South Lake Union or downtown Seattle, Green Lake is home to many transit options and easily accessible bike lanes, and it's just minutes from both I-5 and Highway 99.  Our community features:   ❖ 24 Hour Availability❖ Access to Lake❖ Affordable Housing❖ Controlled Access❖ Drip-system irrigation❖ Green built❖ Gym Discount❖ Online leases & rent payments❖ Online Leasing❖ Roof Top Deck❖ On-Site Retail❖ Over-sized Windows❖ Package Service❖ Pet friendly❖ Planned Social Activities❖ Recycling❖ Resident mobile service app❖ Solar panels❖ Spacious rooftop deck with views of Green Lake (available to reserve)❖ Underground secured parking  Our unit features: ❖ Accent Walls❖ Bathtub/Shower❖ Bay Windows❖ Dishwasher❖ Energy Efficient Appliances❖ Garbage Disposal❖ Handicap Access Units❖ High Ceilings❖ In-unit washer & dryer❖ Stove❖ Luxury Vinyl Flooring❖ Office❖ Quartz Countertops❖ Stainless Steel Appliances❖ Tile backsplashes❖ Views of Green Lake in Select Units❖ Water-saving toilets   Contact us for more information! --  show contact info
 --Our Pet-Policy: 2 pets per apartment home

- $500 pet deposit 
- $50 pet rent per pet 
The following breed restrictions apply - Akita, Alaskan Malamute, Chow, Dalmatian, Doberman Pinscher, German Shepherd, Great Dane, Husky, Rottweiler, Saint Bernard, Wolf Dog Hybrids and all Pit Bull breeds.Website: https://theloopgreenlake.com/EQUAL HOUSING OPPORTUNITY45F54CC488D24F"	https://seattle.craigslist.org/see/apa/d/seattle-fantastic-eco-friendly/7697876257.html
7700487555	2 BD, Located in Everett, Dog Park	1788	north seattle	blacklisted_description	1020 112th St SW , Everett, WA	(47.896169, -122.248251)	False	"1020 112th St SW, Everett, WA 98204Welcome home to Timberline Court. Come and see our spacious, newly renovated apartments for rent in Everett, WA, and schedule a tour of Timberline Court Apartments. We have a wide selection of floor plans, including one- and two-bedroom apartments with plenty of room for you and yours to stretch out and relax. Each of our homes comes with a complete appliance package, including a dishwasher, range, oven, and refrigerator, wood-style flooring in common areas, carpeted bedrooms, and of course, the all-important oversized closets giving you a ton of storage space. Got a pet? Ask about our dog-friendly apartments during your tour. When residing in an apartment community, it is important that you choose the right one for your family. This will mean finding a place that offers easy access to everything you need, from shopping and dining to entertainment for young and old alike. You will find the right Everett apartments to meet your needs right here at Timberline Court. We offer a great selection of two- and one-bedroom apartment homes with everything you need, all in a great community. You can enjoy our dog park with a furred companion, take the kids to our onsite playground or enjoy easy access to Silver Lake, local restaurants, or I-5 for longer trips. One visit to our community will help you find a great selection of apartments for rent, whether you desire something for one or require space for a family. Our goal is to exceed all your expectations about apartment living by providing you with a gorgeous home that keeps you close to all you need or want while offering the peace of living outside the hubbub of city life. Whether you want pet-friendly apartments for you and a furred companion or need something larger for your family, Timberline has exactly what you desire. In one quick visit to Timberline Court Apartments in Everett, you will find a great place to live. Our homes offer you a place of peace in a hectic life. Schedule your tour now.Unit Amenities:PantryVaulted Ceilings (3rd Floor Only)Garbage DisposalWalk In ClosetsDishwasherWood Burning Fireplaces (3rd Floor Only)Ceiling FansRefrigeratorRenovated Interiors*In Select HomesCommunity Amenities:Onsite Laundry FacilityDog ParkAmazon Hub LockersPlaygroundCall:  show contact info
For more information, visit us at: https://livecushwake.com/npoffwyx/timberline-court*Equal housing opportunity*"	https://seattle.craigslist.org/see/apa/d/everett-bd-located-in-everett-dog-park/7700487555.html
7703280854	Top Floor 2bed/1bath - Free Rent until January 2024	1695	capital hill	blacklisted_description	Seattle, Capital Hill	(47.622364, -122.317572)	False	"Top Floor 2bed/1bath - Free Rent until January 2024




Property Address

410 11th Ave  - 6 | Seattle, WA 98122


  Available: Now



Offered By

55th St, LLC




Description

    The Four Ten Apartments is a 9 unit building built in 1981. It is located 2 blocks South of Seattle University campus. There are a variety of shops and restaurants nearby on 12th and its location is not far from the International District. Harborview, Swedish and Virginia Mason hospitals are all within a short walk and is ideal for commuters with its accessibility to I-5.

Unit 6 is a top floor 2 bedroom 1 bathroom apartment is an East facing unit that receives great natural light.

At the time of application, we require payment of the $25 application fee per person and a $1000 deposit that is then applied to the refundable security deposit upon approval. This building has a no smoking policy. Cats are welcome.

There is a $100/month utility fee for WSG as well as a $20/month fee for laundry.

If you'd like more information or to schedule a tour, please contact Matthew at  show contact info

Amenities

Small Building
Secure Entry
Laundry On Site
off-street parking
near transportation
Top Floor

Details

Beds/Baths: 2BD/1.0BA

Rental Terms

Rent: $1,695.00 

    Available: Now
    Application Fee: $25.00
    Security Deposit: $1,000.00

  
Pet Policy

Cats allowed
Dogs not allowed"	https://seattle.craigslist.org/see/apa/d/seattle-top-floor-2bed-1bath-free-rent/7703280854.html
7703279576	Recently Renovated N.Capitol Hill 2Bed/1Bath -2 Weeks FREE	2350	capital hill	blacklisted_description	Seattle, Capital Hill	(47.626753, -122.324556)	False	"Recently Renovated N.Capitol Hill 2Bed/1Bath -2 Weeks FREE




Property Address

737 Belmont PL E - 302 | Seattle, WA 98102


  Available: Now



Offered By

Seattle Property Management Assoc, LLC




Description

    The Belmont Nine Apartments are situated in a quiet pocket of the N Capitol Hill neighborhood, yet a 5 minute walk lands you at the footsteps of the many shops, restaurants and bars that E Broadway has to offer. The location also provides easy access to both public transportation, including Light Rail. as well as the South Lake Union and downtown corridor. The neighborhood has a walk score of 86!

Unit 302 has recently been updated and now has new vinyl plank flooring throughout, stainless steel appliances and a small balcony off the living room. There is a $75/month utility fee for water/sewer/garbage.

At the time of application, we require payment of the $25 application fee per person and a $1000 deposit that is then applied to the refundable security deposit upon approval.

If you'd like more information about the property or schedule a tour, please contact Jeff at  show contact info

Amenities

Controlled Access
off-street parking
near transportation
Laundry On Site
Deck
Stainless Steel Appliances

Details

Beds/Baths: 2BD/1.0BA

Rental Terms

Rent: $2,350.00 

    Available: Now
    Application Fee: $25.00
    Security Deposit: $1,000.00

  
Pet Policy

Cats allowed
Dogs not allowed"	https://seattle.craigslist.org/see/apa/d/seattle-recently-renovated-ncapitol/7703279576.html
7703280109	Open 1 Bedroom Available NOW! Come Tour Before its GONE!!	2150	capital hill	blacklisted_description	seattle	(47.61633, -122.308397)	False	"This is a 1 Bedroom, 1 Bath, Approximately 659 Sq. Ft. Interested in more information? Visit link below:https://blantonturner.touraptnow.com/c2gk5xCall Now -  show contact info
 x 327OR Text 327 to  show contact info
 to contact our team.Your journey starts here.Community Info:When it comes time to find your new place to land, touch down at Lawrence Lofts! Make leaving home a little harder by enjoying our high ceilings, oversized windows, and open interiors. Minimal walls and tall ceilings maximize the sensation of spaciousness. Hone your home chef potential in sleek updated kitchens with convenient stainless-steel appliances, granite countertops, under cabinet lighting, and European-inspired cabinetry. Concrete floors make cleaning a breeze and ensures you never hear a peep from your upstairs neighbors. Things don't end with the apartments! Lawrence Lofts offers a fantastic community as well! Immerse yourself in a true PNW Seattle experience with curated projector videos on every floor. Host with half the hassle with a fully equipped, professionally cleaned guest suite. No more couch surfing, our suite is more affordable than any hotel! Barbeque tastes better when you're enjoying cascade mountain views from our reservable rooftop amenity space. Fur babies are family. All breeds and sizes are allowed with NO pet deposits! And more is just outside your door. Conveniently located only blocks from the Pike/Pine Corridor of Capitol Hill, Lawrence Lofts is hyper-connected. Explore the neighborhood with ease. A local walk score of 94 means all the area has to offer is at your fingertips. Come check out Lawrence Lofts today and see why it is the PERFECT place to call your next home! Features: ‣  Glass-front Cabinets Inspired by European Design ‣  Microwaves ‣  Deep Tubs ‣  Floor-to-ceiling Windows ‣  Stainless Steel Appliances ‣  Tile Showers ‣  Garbage Disposals ‣  High Ceilings ‣  Under Cabinet Lighting ‣  Decks, Patios, and Rooftop Terraces* ‣  Fireplaces ‣  Tile or Concrete Flooring in Living Areas ‣  Bottom-load Freezers ‣  Front-load Washer and Dryers ‣  Granite Countertops ‣  Dishwashers*Included for Some Floor PlansCommunity Amenities: ‣  On-site Retail Spaces ‣  Guest Suite ‣  Professional-grade BBQs ‣  Convenient Neighborhood ‣  Green Spaces Nearby ‣  Pet Friendly ‣  WalkScore of 94 ‣  Rooftop View Deck ‣  Virtual ConciergePet Policy:Pets are part of the family! We conduct individual pet interviews for our furry residents without breed or size restrictions. Once they’re here, walks at Cal Anderson, Mill, and Seven Hills park are easy to sneak in (under a half-mile away). Office Hours:Monday-Saturday: 9:00AM-6:00PMLawrence Lofts1818 E Madison Street, Seattle, WA, 98122Equal Housing OpportunityxFGi0n7LTjqy"	https://seattle.craigslist.org/see/apa/d/seattle-open-bedroom-available-now-come/7703280109.html
7703279762	Fetching Capitol Hill 1Bedroom - 2 Weeks Free	1995	capital hill	blacklisted_description	Seattle, Capital Hill	(47.615956, -122.315319)	False	"Fetching Capitol Hill 1Bedroom - 2 Weeks Free




Property Address

1626 13TH AVE UNIT 106 | SEATTLE, WA 98122


  Available: Now



Offered By

Bristol Apartments - Seattle Property Management Associates




Description

    The Bristol Apartments is a beautiful classic fully remodeled 1908 Seattle brick building located in the heart of Capitol Hill. No other area in the city has as much to offer in such a close distance as Capitol Hill. Mere blocks from all you could want or need, including the new Light Rail Station, all the major bus lines, and the Seattle Street Car, as well as multiple grocery stores, movie theaters, restaurants, shopping, and nightlife galore. 

The Bristol has been completely renovated with designer finishes and detailing throughout the building. It has a gorgeous lobby, and has been updated with a new plumbing system, has been earthquake seismic retrofitted, has modern controlled building access with an intercom system, and a beautiful clean brand new bike room, with pump station, for tenants to use.

We currently have a 1 bedroom apartment for rent that has beautiful hardwood flooring, designer cabinetry and lighting, stainless steel appliances, granite kitchen counter tops, and a WASHER AND DRYER IN THE UNIT!

The apartment is being offered on a 12-month lease and is currently available. There is a $1,000 refundable security deposit, a $25 application fee per person, and a $49/month fee for internet. The Bristol has a No Smoking and a No pet policy.

Features:
Hardwood Floors, Cable ready, Granite Countertop, Intercom System, Controlled Access, Walk to Light Rail, Street Car and Main Bus Lines

For more information or to make an appointment to tour please contact Jeff at:  show contact info

Amenities

Wood Floors
Granite Countertops
Stainless Steel Appliances
washer/dryer in unit
Bike Room
near transportation

Details

Beds/Baths: 1BD/1.0BA
Square Feet: 600

Rental Terms

Rent: $1,995.00 

    Available: Now
    Application Fee: $25.00
    Security Deposit: $1,000.00

  
Pet Policy

Cats not allowed
Dogs not allowed"	https://seattle.craigslist.org/see/apa/d/seattle-fetching-capitol-hill-1bedroom/7703279762.html
7699227730	Spacious 3BR 2BA apt, Cozy! Wood-burning fireplace, Tons of storage	3195	redmond	blacklisted_description	Redmond/Bellevue/Microsoft	(47.641477, -122.144477)	False	"Our Bellevue apartments and town homes – adjacent to Goldsmith Park and directly across the street from the Microsoft campus – are surrounded by lush landscaping and soaring trees, feeling as if you are in the secluded country. But with businesses, great shopping and dining close by in downtown Redmond and at Redmond Town Center, you never feel far from anything. Each apartment home provides spacious floor plans, modern kitchens, designer touches, and plenty of storage. Enjoy fabulous amenities as well, including outdoor pools, fitness centers and business lounge.This apartment features:Convenient washer and dryer insideHuge windowsCozy! Wood-burning fireplaceLuxury wood-style flooring throughoutPet-friendly homeTons of storage9-month & 15-month leases availablePhotos in ad may not be of actual apartment, however we try our best to use photos similar to the floor plan.Come Visit us!Redmond Park Apartments14700 NE 35th StBellevue, WA 98007https://livecreativejuices.com/ztltngm3/redmond-park-apartmentsContact us today to schedule a tour! Call  show contact info
Office Hours Tuesday - Friday 10:00 am - 6:00 pmSaturday 10:00 am - 4:00 pmClosed Sunday & MondayPhotos in ad may not be of actual apartment, however we try our best to use photos similar to the floor plan.related search terms :::: bellevue, downtown redmond, redmond park, redmond town center, over lake mall, crossroads mall, bellevue square, goldsmith park, lake sammamish, lake washington, marymoor park, bellevue municipal golf course, burke-gillman trail, bellevue college, digipen institute of technology, lake washington technical college, bellevue school district, highway 520, microsoft shuttle, microsoft campus"	https://seattle.craigslist.org/see/apa/d/bellevue-spacious-3br-2ba-apt-cozy-wood/7699227730.html
7697415916	Gorgeous 717 Sq Ft, 1 Bed / 1 Bath near public transportation	2605	central district	blacklisted_description	Seattle	(47.59922, -122.308936)	False	"Welcome to Pratt Park Apartments Rental Information  Pricing: $2605 - $3245/Month | 1 Bedroom 1 Bath | 717 sq ftLease Term: 6-Month, 7-Month, 8-Month, 9-Month, 10-Month, 11-Month, 12-Month, 13-Month, 14-MonthUp to 8 weeks free on select studio apartments; Up to 6 weeks free on select 1- & 2-bedroom apartments! Lease terms and restrictions apply. Contact the leasing office for more information!Apartment Amenities   ◾ Dining Room◾ Dishwasher◾ Disposal◾ Freezer◾ Garden◾ Heating◾ Kitchen◾ Loft Layout◾ Tile Floors◾ Wi-Fi◾ Fireplace in Select Homes◾ Granite Countertops◾ Hardwood Floors in Select Homes◾ In Unit Washer & Dryer◾ Internet/Cable Ready◾ Patio/Balcony◾ Security System◾ Stainless Steel Appliances◾ Vaulted Ceiling◾ Window CoveringsCommunity Features  ◾ Composting◾ Conference Room◾ Courtesy Patrol◾ Courtyard◾ Disposal Chutes◾ Dog Wash Room◾ Elevator◾ Grocery Service◾ Recycling◾ Smoke Free◾ Additional Storage Units Available◾ BBQ Grill Lounge with Outdoor Covered TV◾ Built Green - 3 Star Certification◾ Close to public transportation◾ Community Clubroom with Fireplace, Big Screen TV◾ Controlled Access Gated Community◾ Easy Access to Public Transit◾ Media Center/Movie Theatre◾ Underground Parking◾ Walking/Biking TrailsAbout CommunityDescription: Pratt Park Apartments is conveniently located in the heart of the Central District, a neighborhood dotted with boutique shops, quaint coffee spots, and local parks! Situated just off Downtown Seattle, we are minutes to an array of options.  Location: 1800 S Jackson St  Seattle, WA 98144  show contact info
Office Hours: Mon - Thu: 10:00 AM - 6:00 PMFri - Sat: 10:00 AM - 5:00 PMAdditional InformationPet Policy: Pratt Park Apartments is a pet friendly community. We allow two (2) pets max per household with a maximum weight of 80 lbs full grown. $25/pet, pet rent per month $200 pet deposit. Breed Restrictions apply. Website: https://home.securityproperties.com/prattpark/?utm_source=craigslistEQUAL HOUSING OPPORTUNITY7BC46396A54E41"	https://seattle.craigslist.org/see/apa/d/seattle-gorgeous-717-sq-ft-bed-bath/7697415916.html
7695437388	Rise to the top! High-rise 1 bed, 1 bath at Pratt Park Apartments	2210	central district	blacklisted_description	Seattle	(47.59922, -122.308936)	False	"Welcome to Pratt Park Apartments!1800 S Jackson St Seattle, WA 98144Rental Size: 1 BR - 1 BA - 717 sq ft | Per Month: $2210 - $2880 | Lease Length: 6-Month, 7-Month, 8-Month, 9-Month, 10-Month, 11-Month, 12-Month, 13-Month, 14-Month Up to 8 weeks free on select studio apartments; Up to 6 weeks free on select 1- & 2-bedroom apartments! Lease terms and restrictions apply. Contact the leasing office for more information!Pratt Park Apartments is conveniently located in the heart of the Central District, a neighborhood dotted with boutique shops, quaint coffee spots, and local parks! Situated just off Downtown Seattle, we are minutes to an array of options.  Our community features:   ✓ Bike Storage✓ Clubhouse✓ Courtesy Patrol✓ Courtyard✓ Dog Wash Room✓ Easy Highway Access✓ Elevator✓ Grocery Service✓ Recycling✓ Self-Guided Tours✓ 24 Hour Availability✓ Access to Large City Park✓ Built Green - 3 Star Certification✓ Close to public transportation✓ Controlled Access Gated Community✓ Dry Cleaning Service✓ Easy Access to Public Transit✓ Media Center/Movie Theatre✓ Underground Parking✓ Views of Puget Sound  Our unit features: ✓ Cable Ready✓ Den✓ Disposal✓ Freezer✓ Heating✓ Ice Maker✓ Kitchen✓ Loft Layout✓ Tile Floors✓ Views✓ Breakfast Nook✓ Expansive Dual Tilt and Turn, High Efficiency Windows✓ Hardwood Floors in Select Homes✓ In Unit Washer & Dryer✓ Patio/Balcony✓ Refrigerator✓ Security System✓ Stainless Steel Appliances✓ Vaulted Ceiling✓ Wheelchair Access   Contact us for more information! --  show contact info
 --Our Pet-Policy: Pratt Park Apartments is a pet friendly community. We allow two (2) pets max per household with a maximum weight of 80 lbs full grown. $25/pet, pet rent per month $200 pet deposit. Breed Restrictions apply.Website: https://home.securityproperties.com/prattpark/?utm_source=craigslistEQUAL HOUSING OPPORTUNITY50C10EB3F8B345C"	https://seattle.craigslist.org/see/apa/d/seattle-rise-to-the-top-high-rise-bed/7695437388.html
7703279224	City Views and Water Views, Vinyl Plank Flooring, Dog Wash Station	1945	capital hill	blacklisted_description	seattle	(47.61541, -122.317894)	False	"This is a 1 Bedroom, 1 Bath, Approximately 601 Sq. Ft. Follow This Link for More Information:https://avenue5.aptfeatures.com/h82u13Call Now -  show contact info
 x 171OR Text 171 to  show contact info
 to chat!Feel The Electricity - A LEED Platinum DesignCommunity Info:Sunset Electric was developed with the existing character structure of the Sunset Electric Factory, an automotive building dating back to the early 1900s when the local area was known as “Auto Row.” The development of our community focused on the preservation of the unique characteristics of this automotive building.Our community exposes you to electrifying living in Downtown Seattle at our beautiful, industrial-style property. At Sunset Electric, you can enjoy vibrant amenities, like our rooftop deck, and exceptional city views from your new home. Our loft, studio, and one-bedroom apartments have roomy open floor plans and stylish features, like subway tiles, quartz countertops, and floor-to-ceiling windows.You can also enjoy being within walking distance of Capitol Hill’s lively restaurants, shopping, parks, and entertainment opportunities from your new space.Features: ‣  Vinyl Plank Flooring ‣  Subway Tiling ‣  Large Walk-In Closets ‣  White Quartz Countertops ‣  Ice Makers ‣  Stainless Steel Appliances ‣  City Views and Water Views ‣  Open Concept Floorplans ‣  A Must See ‣  Floor-To-Ceiling Windows*In Select Units*Courtyard Patios*Direct Entry*Central HeatCommunity Amenities: ‣  Controlled Access Garage ‣  Tour Today ‣  Rooftop Deck with WiFi ‣  Dog Wash Station ‣  Interior Open Air Courtyard*BBQArea*100% Walkscore*Reserved Parking*Smoke Free Building*Additional Storage AvailablePet Policy:We welcome two pets per apartment home. Breed restrictions apply. Please contact leasing office for complete details. Office Hours:Tuesday-Saturday: 10:00AM-4:30PMSunset Electric1111 E Pine St, Seattle, WA, 98122Equal Housing Opportunity6pbzaKy1qAel"	https://seattle.craigslist.org/see/apa/d/seattle-city-views-and-water-views/7703279224.html
7702101799	Theatre Room, Forced Air Heating, Range/Oven	2110	queen anne	blacklisted_description	315 1st Ave N, Seattle, WA	(47.621148, -122.355709)	False	"To schedule a tourWe now book our tour appointments online! Please call or text us at  show contact info
 to self-schedule from your phone! Book your appointment online today or anytime 24/7!Property DescriptionIn an effort to provide the best customer experience, we are now offering in person tours and walkins! Contact us today to schedule your personalized experience!Located in the heart of Lower Queen Anne, Astro offers a 95 walk score so you can commute to your South Lake Union or Downtown job in a matter of minutes without the hustle and bustle of the congested streets. You'll find access to grocery stores such as Metropolitan Market and Safeway within blocks.  Coffee shops, restaurants, bars and plenty of shopping is all around you and the new Climate Pledge Arena hosts free festivals and events most weekends offering up incredible entertainment and food for you and your friends to enjoy! Transit is right outside your doorstep, and you'll find Metro, RapidRide, car sharing and bike sharing all available.  Getting around Seattle couldn't be easier.Once you step out on to our rooftop deck you will understand what all the hype is about. Check out 360 views of the Space Needle, Downtown Seattle, Elliott Bay, and the Olympic Mountain Range and you will be awestruck!!For more information, visit us at: https://livecushwake.com/a7qbzlie/astro-apartmentsDetailsPets: Cats, Small Dogs (< 25lb), Large Dogs (> 25lb)Pet notes: Max 2 allowed, Max weight 120 lb each. $270 pet deposit (refundable) Pet Rent: Dog - $50 Cat - $25Deposit: 25% of 1 Months RentLeasing options: 12 monthsLeasing notes: Contact us for actual terms. Deposit (refundable): 25% of 1 Month's Rent Lease terms vary depending upon availability. Leases greater than 12-month's need to be notarized before move-in.Application fee: 50.00Apartment AmenitiesGE Stainless Steel Kitchen AppliancesForced Air HeatingUSB Charging OutletsMovable Kitchen IslandRefrigeratorAir ConditioningQuartz CountertopsHigh-speed internetDishwasherGarbage DisposalCable-readyMicrowaveHardwood Laminate FlooringRange/OvenSoft Close CabinetryCommunity AmenitiesControlled access24-Hour Fitness CenterBeautiful City, Mountain, & Water ViewsNon-smoking PropertyRooftop BarbequesSky Lounge w/Pool TableRooftop DeskFireplaceCourtesy PatrolElevatorTheatre RoomRooftop Fire-pitPaw SpaOffered by:Astro ApartmentsAstro has a Walkscore of 95!!!Walking distance to Seattle waterfront, Alaskan Way, Marriott Seattle, Edgewater, Pier 60, Amazon, Google, Microsoft, Bill Gates Foundation, Pike Place Market, SAM sculpture park, Seattle Art Museum, Seattle University, University of Washington, Lake Washington, Lake Union, West Seattle, JBLM, Boeing, Zulily, Seattle Times, Starbucks Corporate, Starbucks, Nordstrom, Bellevue, Expo, Alexan 100, LeeAnn, Ellie Passivhaus, Center Steps, Uptown, Elan, Cora, Claredon, 2nd & John, Kirkland, Harbor View medical center, Seattle Cancer Care Alliance, Seattle PD, Seattle Fire, South Lake Union, Seattle Pacific University, Facebook, Vulcan, Carnival Cruise lines, Port of Seattle, Mackay Marine, Ballard, Edmonds, Shoreline, Seattle International Airport, Alaska Airlines, Delta Airlines, FEMA, Army, Navy, Airforce, Marine Corp, Westlake Center, Seattle Aquarium, Climate Pledge Arena, Mariners, Kraken, Seattle Sounders, Seattle Seahawks, Space Needle!Equal Housing OpportunityPricing and availability are subject to change daily. Photos and floor plans may not be of the exact advertised unit. Contact us today for the most up-to-date information!"	https://seattle.craigslist.org/see/apa/d/seattle-theatre-room-forced-air-heating/7702101799.html
7702741622	6 Weeks Free - North, South, And East-Facing Open 1 Bedroom Options	1665	greenwood	blacklisted_description	Greenwood	(47.691735, -122.356337)	False	"8612 Palatine Ave N, Seattle, WA 98103(Price reflects a 12-month lease for apartment #408 with a start date within 7 days of the original posting date. Price is subject to change and varies depending on lease length, move-in date, and more. Visit our website for more detailed pricing information).Find substance, style, and sustainability at The Morrow, brand new luxury apartment homes in the pedestrian-friendly, vibrant neighborhood of Greenwood, Seattle. The Morrow features apartment homes with modern finishes and lavish amenities including a rooftop deck, game room, courtyard and bike storage. This pet-friendly brand new apartment community is where you want to be if you seek upscale living in a convenient location. Join the VIP list or give us a call today to learn more.Unit Amenities:Washer/Dryer In UnitClosets with built-in shelvesWindow CoveringsDark cabinets with subway tile backsplashMountain Views*Semi Private Balcony/Patios*CarpetingRefrigeratorDishwasherMicrowave*In Select HomesCommunity Amenities:Electric Car Charging StationsControlled Access BuildingControlled/Remote Garage EntryGame RoomWalking distance from Greenwood shopping, restaurants and barsClose to I-5Call:  show contact info
For more information, visit us at: https://livecushwake.com/6oyt5nsg/morrow*Equal housing opportunity*"	https://seattle.craigslist.org/see/apa/d/seattle-weeks-free-north-south-and-east/7702741622.html
7698544348	Playground, Walk In Closets, 2/bd	1694	north seattle	blacklisted_description	1020 112th St SW , Everett, WA	(47.896169, -122.248251)	False	"1020 112th St SW, Everett, WA 98204Welcome home to Timberline Court. Come and see our spacious, newly renovated apartments for rent in Everett, WA, and schedule a tour of Timberline Court Apartments. We have a wide selection of floor plans, including one- and two-bedroom apartments with plenty of room for you and yours to stretch out and relax. Each of our homes comes with a complete appliance package, including a dishwasher, range, oven, and refrigerator, wood-style flooring in common areas, carpeted bedrooms, and of course, the all-important oversized closets giving you a ton of storage space. Got a pet? Ask about our dog-friendly apartments during your tour. When residing in an apartment community, it is important that you choose the right one for your family. This will mean finding a place that offers easy access to everything you need, from shopping and dining to entertainment for young and old alike. You will find the right Everett apartments to meet your needs right here at Timberline Court. We offer a great selection of two- and one-bedroom apartment homes with everything you need, all in a great community. You can enjoy our dog park with a furred companion, take the kids to our onsite playground or enjoy easy access to Silver Lake, local restaurants, or I-5 for longer trips. One visit to our community will help you find a great selection of apartments for rent, whether you desire something for one or require space for a family. Our goal is to exceed all your expectations about apartment living by providing you with a gorgeous home that keeps you close to all you need or want while offering the peace of living outside the hubbub of city life. Whether you want pet-friendly apartments for you and a furred companion or need something larger for your family, Timberline has exactly what you desire. In one quick visit to Timberline Court Apartments in Everett, you will find a great place to live. Our homes offer you a place of peace in a hectic life. Schedule your tour now.Unit Amenities:RefrigeratorGarbage DisposalPantryWalk In ClosetsDishwasherCeiling FansWood Burning Fireplaces (3rd Floor Only)Renovated InteriorsVaulted Ceilings (3rd Floor Only)*In Select HomesCommunity Amenities:Amazon Hub LockersPlaygroundOnsite Laundry FacilityDog ParkCall:  show contact info
For more information, visit us at: https://livecushwake.com/7bgwtlbq/timberline-court*Equal housing opportunity*"	https://seattle.craigslist.org/see/apa/d/everett-playground-walk-in-closets-bd/7698544348.html
7702786877	New Package Lockers, Appliances, & Fitness Equipment! APPLY QUICK!	2062	renton	blacklisted_description	95 Burnett Ave S, Renton, WA	(47.483106, -122.208255)	False	"95 Burnett Ave S, Renton, WA 98057Welcome to 95 Burnett Apartments, an intimate community with a charming atmosphere. Our apartment community is located in Downtown Renton, Washington a vibrant neighborhood brimming with boutique shops, restaurants and parks, all within walking distance from your front door. Choose from eight spacious floor plans with studio, one, two and three bedroom options including two level townhomes. Each home is tailored with amenities such as hardwood floors, 9 ceilings, private balconies/patios, fully equipped kitchens with granite countertops, in-home washer and dryer and select homes feature vaulted ceilings. Plus, enjoy our year round firepit and BBQ gazebo and play ping pong, cornhole, or putt-putt golf with your friends, family or neighbors on our second floor patio deck!,Living at 95 Burnett Apartments in Renton gives you easy access to I-405, and we are just a few miles from Tukwila Station for a quick commute to Seattle and Tacoma on the Sounder train. Flying out for business or pleasure?  We're just six miles from Seattle-Tacoma International Airport.  Our convenient location also puts you within minutes to Boeing, Renton Landing, Southcenter Mall, Gene Coulon Memorial Beach Park and Cedar River Park. Wed love to have you call 95 Burnett your new home. Give us a call to schedule your tour today!,Unit Amenities:All-electric KitchenBreakfast BarCarpeted FloorsCovered Parking GarageDen or Study*GarageHardwood FloorsMini BlindsRefrigeratorTrack and Pendant Lighting*In Select HomesCommunity Amenities:Pet-friendly staff (with dog treats in the office)CourtyardClose to shoppingSoaker tubCopy and fax servicesSpacious floorplansCall:  show contact info
For more information, visit us at: https://livecushwake.com/3nvdbr6h/95-burnett*Equal housing opportunity*"	https://seattle.craigslist.org/see/apa/d/renton-new-package-lockers-appliances/7702786877.html
7697589632	Open concept plan! Must see 1BR apt, WOW SAVINGS!! W/D, Modern kitchen	1769	first hill	blacklisted_description	Seattle, Capitol Hill, First Hill	(47.612392, -122.326902)	False	"**SAVINGS! Get 8 WEEKS FREE** December Move-Ins ONLY – Listed price includes 8 weeks free special!This apartment features:Spacious floor planBright, open living roomFully-equipped kitchens with microwavesWasher & dryer insideLarge closetsGarage parking available!Preferred floor levels available, ask us for details!Come Visit us!Vesper Apartments1321 Minor AveSeattle, WA 98101https://livecreativejuices.com/7pr4r7zc/vesper-apartmentsContact us today to schedule a tour! Call  show contact info
Office Hours Tuesday - Saturday 9:00 AM - 6:00 PMClosed Sunday & Monday Photos in ad may not be of actual apartment, however we try our best to use photos similar to the floor plan."	https://seattle.craigslist.org/see/apa/d/seattle-open-concept-plan-must-see-1br/7697589632.html
7694274801	Animal lover? This is the purrfect place for you! We are pet friendly!	1850	seattle	blacklisted_description	Seattle	(47.503121, -122.335395)	False	"-- Garden Pointe --$500 off First Month's Rent. Monthly Rent:  $1850 Apartment: 1 Bedroom | 1 Bathroom  Square Footage:  700 sq ft Your search to find available apartments in Seattle, WA has led you to the right place. Just by clicking on a few buttons you will have a list of our current availabilities at your fingertips. View our photo gallery and catch a glimpse of Seattle living at its finest. 

Schedule a Tour: https://www.gardenpointeapthomes.com/?utm_knock=cl&doorway=schedulePet Policy: Pets Welcome Upon Approval.
There will be a $300.00 pet fee required for dogs and cats.
Breed restrictions apply.
Sorry, no aggressive breeds will be allowed.
Service animals are permitted.
Please call our office for more details.Check out our beautiful community featuring: ◾ 24 Hour Availability◾ 24-Hour Maintenance Guarantee◾ Cabana◾ Clubhouse◾ Courtesy Patrol◾ Covered Parking◾ Fitness Center◾ Multi Use Room◾ Online Rent Payments◾ TV Lounge◾ Access to Public Transportation◾ Bilingual Staff◾ Corporate Suites◾ Discounts Available◾ Easy Access to Freeways◾ Easy Access to Shopping◾ Housing Vouchers Welcome◾ Indoor Pool and Spa◾ Professional Management◾ Security SystemApartment features include:  ◾ Cable Ready◾ Carpet◾ Ceiling Fans◾ Deck◾ Dining Room◾ Dishwasher◾ Heating◾ Oven/Range◾ Pantry◾ Window Coverings◾ Balcony/Patio◾ Discounts Available◾ Double Pane Windows◾ Fireplace◾ Handrails◾ Sparkling Pool◾ Vaulted Ceiling◾ Views◾ Walk-In Closets◾ Wheelchair Accessible (Rooms)Phone:  show contact info
Mon - Fri: 9:00 AM - 5:00 PMSaturday: By Appointment Only.  Website: https://www.gardenpointeapthomes.com/?utm_knock=cl130 SW 112th Street Seattle, WA 98146Lease Terms: 6-Month, 7-Month, 8-Month, 9-Month, 10-Month, 12-MonthAvailability and pricing are subject to change dailyEQUAL HOUSING OPPORTUNITY4AE835803A5D4D"	https://seattle.craigslist.org/see/apa/d/seattle-animal-lover-this-is-the/7694274801.html
7699039927	Spacious, comfortable 915 Sq Ft 2 bed, 2 bath! Now showing!	2150	seattle	blacklisted_description	Seattle	(47.503121, -122.335395)	False	"Welcome to Garden Pointe Rental Information  Pricing: $2150/Month | 2 Bedroom 2 Bath | 915 sq ftLease Term: 6-Month, 7-Month, 8-Month, 9-Month, 10-Month, 12-Month show contact info
Apartment Amenities   ✓ Cable Ready✓ Carpet✓ Ceiling Fans✓ Dining Room✓ Disposal✓ Heating✓ Pantry✓ Playground✓ Refrigerator✓ Window Coverings✓ Balcony/Patio✓ Discounts Available✓ Double Pane Windows✓ Fireplace✓ Sparkling Pool✓ Vaulted Ceiling✓ Views✓ Walk-In Closets✓ Washer and Dryer in Home✓ Wheelchair Accessible (Rooms)Community Features  ✓ 24 Hour Availability✓ 24-Hour Maintenance Guarantee✓ Cabana✓ Courtesy Patrol✓ Fenced Lot✓ Fitness Center✓ Multi Use Room✓ Online Rent Payments✓ On-Site Maintenance✓ TV Lounge✓ Access to Public Transportation✓ Bilingual Staff✓ Corporate Suites✓ Easy Access to Freeways✓ Extra Storage✓ Housing Vouchers Welcome✓ Online Resident Services✓ Professional Management✓ Recreation Room✓ Short-term Leasing AvailableAbout CommunityDescription: Your search to find available apartments in Seattle, WA has led you to the right place. Just by clicking on a few buttons you will have a list of our current availabilities at your fingertips. View our photo gallery and catch a glimpse of Seattle living at its finest. 

Schedule a Tour: https://www.gardenpointeapthomes.com/?utm_knock=cl&doorway=schedule  Location: 130 SW 112th Street  Seattle, WA 98146  show contact info
Office Hours: Mon - Fri: 9:00 AM - 5:00 PMSaturday: By Appointment Only.Additional InformationPet Policy: Pets Welcome Upon Approval.
There will be a $300.00 pet fee required for dogs and cats.
Breed restrictions apply.
Sorry, no aggressive breeds will be allowed.
Service animals are permitted.
Please call our office for more details. Website: https://www.gardenpointeapthomes.com/?utm_knock=clAvailability and pricing are subject to change dailyEQUAL HOUSING OPPORTUNITY5F9ACF88D85E4AF"	https://seattle.craigslist.org/see/apa/d/seattle-spacious-comfortable-915-sq-ft/7699039927.html
7700467404	Enjoy the convenience of an in-home washer and dryer! Large space!	1675	south seattle	blacklisted_description	Seattle	(47.564714, -122.313561)	False	"Harlow Heights Apartments4351 15th Ave S Seattle, WA 98108A wonderful home in Seattle is waiting for you!We currently have a gorgeous 1 bedroom 1 bathroom renting for $1675 per month. This unit comes with 520 - 524 sq ft. Welcome home to Harlow Heights. A contemporary community in the heart of Seattle, Washington. Our prime location places you near Lake Washington, Jefferson Park Golf Course, and Interstate 5. Enjoy easy access to shopping, family eateries, local shops, and entertainment hots spots.

Schedule a Tour: http://www.harlowheights.com/?utm_knock=cl&doorway=schedule show contact info
Community Highlights:➢ Controlled Access➢ Courtyard➢ Gated Access➢ Concierge➢ Elevator➢ SundeckUnit Highlights:➢ Disability Access➢ Disposal➢ Eat-in Kitchen➢ High Speed Internet Access➢ Microwave➢ Refrigerator/Freezer➢ Storage Units➢ Tub/Shower➢ Vinyl Flooring➢ Window Coverings➢ Balcony or Patio in Select Homes➢ Breakfast Bar in Select Homes➢ Central Air and Heating➢ Concierge➢ Double Pane Windows➢ In Unit Washer & Dryer➢ Island Kitchen➢ Massive Windows➢ Views Available➢ Walk-in Closets in Select UnitsContact:  show contact info
 Website: http://www.harlowheights.com/?utm_knock=clLeasing Options: 6-Month, 7-Month, 8-Month, 9-Month, 10-Month, 11-Month, 12-MonthPet Policy: Pets Welcome Upon Approval.
Maximum adult weight is 20 pounds.
One pet allowed per household.
Pet deposit is $250. Availability and pricing are subject to change daily EQUAL HOUSING OPPORTUNITY2FC80CD641C740"	https://seattle.craigslist.org/see/apa/d/seattle-enjoy-the-convenience-of-an-in/7700467404.html
7699466549	You'll love our 1 Bed, 1 bath! Full size washer and dryer included	1675	south seattle	blacklisted_description	Seattle	(47.5413, -122.3129)	False	"Harlow Heights Apartments4351 15th Ave S Seattle, WA 98108Pricing: $1675/Month*Bedrooms: 1  Bathrooms: 1 Square Footage: 520 - 524 sq ft show contact info
 Features in this apartment home:− Cable Ready− Disability Access− Disposal− Eat-in Kitchen− High Speed Internet Access− Microwave− Oven− Storage Units− Tub/Shower− Window Coverings− All-electric Kitchen− Balcony or Patio in Select Homes− Breakfast Bar in Select Homes− Central Air and Heating− Concierge− Double Pane Windows− In Unit Washer & Dryer− Massive Windows− Views Available− Walk-in Closets in Select UnitsAbout the community:  Welcome home to Harlow Heights. A contemporary community in the heart of Seattle, Washington. Our prime location places you near Lake Washington, Jefferson Park Golf Course, and Interstate 5. Enjoy easy access to shopping, family eateries, local shops, and entertainment hots spots.

Schedule a Tour: http://www.harlowheights.com/?utm_knock=cl&doorway=schedule Amenities at our property:− Controlled Access− Courtyard− Gated Access− Concierge− Elevator− SundeckAdditional information:Terms: 6-Month, 7-Month, 8-Month, 9-Month, 10-Month, 11-Month, 12-MonthPets: Pets Welcome Upon Approval.
Maximum adult weight is 20 pounds.
One pet allowed per household.
Pet deposit is $250.Website: http://www.harlowheights.com/?utm_knock=clPhone:  show contact info
 *Prices are subject to change without notice Availability and pricing are subject to change dailyEQUAL HOUSING OPPORTUNITY2FC80CD641C740"	https://seattle.craigslist.org/see/apa/d/seattle-youll-love-our-bed-bath-full/7699466549.html
7703273477	Spacious 1 BR in Classic Brick Building	1895	wallingford	blacklisted_description	Wallingford	(47.6633, -122.3022)	False	"Florimei Apartments: Redsidepartners.com 
Neighborhood: Wallingford
Address: 260 NE 45th St.  
Bedrooms/Baths: 1 Bedroom/1 Bath
Square Footage: 750  
Rent: $1,895 a Month
Parking: Street Parking  
Fees: $45 Application Fee per person: https://www.redsidepartners.com/property/florimei-apartments/#vacancy
Deposit: Security Deposit $750
Lease: 1-Year Lease
Pets: Cats allowed 
Description: Large one bedroom available in small 1920's brick building. Hardwood floors, original fixtures, SW facing with lots of sunlight and a view of downtown, tons of closet/storage space and great central location. 

Available: January 15th
Contact: Please contact resident manager by responding to this ad to set up an appointment to view."	https://seattle.craigslist.org/see/apa/d/seattle-spacious-br-in-classic-brick/7703273477.html
7701410679	Bottom Floor Corner Unit! Full Size Washer & Dryer!	2230	first hill	blacklisted_description	First Hill	(47.604973, -122.318368)	False	"Being in an undeniably cool area in downtown Seattle, Washington, Vantage Park Apartments brings you home to one of the most dynamic destinations in the city.This is your chance to start fresh, to turn a new page, and to be connected to anything and everything in the Emerald City. From coffee dates at Caffe Vita to kicking back in your one or two bedroom apartment, this is the place to be any day of the week.At Vantage Park Apartments, you’ll find contemporary yet attainable livability in Seattle. This is a home where experiences are never shy and new possibilities are lurking around every street block. Monday through Friday, hop on the streetcar and head to your corporate headquarters. On Saturday and Sunday, unleash your inner weekend warrior with trips to Discovery Park, Bainbridge Island, or Mount Rainier National Park.Call:  show contact info
For more information, visit us at: https://livewithapm.com/gfdw6ky5/vantage-park"	https://seattle.craigslist.org/see/apa/d/seattle-bottom-floor-corner-unit-full/7701410679.html
7703273241	Personal Training Services, Chef-style Kitchens, Custom Cabinetry	2710	downtown	blacklisted_description	Steps Away From The Pike Place Market & All Seattle Gem	(47.61042, -122.341137)	False	"1 Bedroom, 1 Bath | Approximately 556 Sq. Ft.Follow This Link for More Information:https://greystar.leasehomenow.com/2108hkEvery Good Time Deserves a Repeat!Call Now -  show contact info
 x 19OR Text 19 to  show contact info
 to text our team. Community Info:At Sequel, we take Seattle Apartments to the next level. We emphasize the urge to replicate a good experience by living your life to it's fullest, always having fun and turning your days into timeless adventures. We are providing a new community that follows through and makes our residents feel fulfilled in the place that they have chosen to call home. Living at Sequel in the heart of downtown Seattle, you will be a short walk from Pike Place Market, easy access to bus lines and walking distance to local companies including Zillow, Amazon and Porch.Enjoy all Seattle has to offer at Sequel featuring world class amenities and a location-centric lifestyle. In the hub of Belltown, business and fun are at your fingertips. Walk outside to an array of local restaurants featuring Tom Douglas and other happy hour hot spots. Be sure to ask about our concierge and housekeeping services to supplement your living environment.Residence Features: ✩  Refrigerator with Water & Ice Dispensers ✩  Full Size Washer & Dryer ✩  Soaking Bathtubs ✩  In-Vanity Lighting ✩  Gas Hot Water ✩  Dishwasher  ✩  Chef-style Kitchens ✩  Energy Star Stainless Steel Appliances ✩  Floor-to-Ceiling Windows ✩  Designer Quartz Countertops  ✩  Custom Cabinetry ✩  Wall-to-wall Plank Wood Flooring ✩  Open Layout ✩  Exposed Ceilings ✩  Wall Mounted Air ConditionersCommunity Features: ✩  Controlled Access Features ✩  100 Transit Score ✩  Dry Cleaning Service ✩  24-hour Valet Parking ✩  Discounted SAC Membership ✩  Pet Friendly ✩  24-hour Fitness Center ✩  Discounted Hotel Services ✩  24-hour Rooftop Patio  ✩  Personal Training Services ✩  Preferred Rooftop Bar Seating ✩  Housekeeping Service ✩  99 Walk Score ✩  Guest Hotel & Parking Discounts ✩  Room Service ✩  Dog Walking Reservations ✩  Parcel Delivery Service ✩  In-Residence Spa Massage ✩  24-hour Concierge Service ✩  24-hour Dog Run ✩  Peloton BikesPet Policy:Sequel is a Pet Friendly Community and located near pet supply shops! Ask us for more details! Income Requirements:3x Monthly Rent VerifiableDriving Directions:Are you driving from South Seattle?Take EXIT 164A and stay to the LEFT. Exit to MADISON St. Keep to the left to continue onto 7th Ave. Take the first RIGHT onto SPRING ST. and a LEFT onto 8th Ave. Follow 8th Ave. to Stewart St. and make a LEFT. The Thompson Hotel and Valet Parking is located at the intersection of 1st Ave. and Stewart St.Are you driving from North Seattle?Take EXIT 166 to Stewart St. The Thompson Hotel and Valet Parking is located at the intersection of 1st Ave. and Stewart St.Office Hours:Monday-Friday:9:00AM-6:00PM We do not accept Comprehensive Reusable Tenant Screening Reports as defined by and pursuant to RCW 59.18.* Floor plans are artist’s rendering. All dimensions are approximate. Actual product and specifications may vary in dimension or detail. Not all features are available in every rental home. Pricing and availability are subject to change. Rent is based on monthly frequency. Additional fees may apply, such as but not limited to package delivery, trash, water, amenities, etc. Deposits vary. Please see a representative for details.Equal Housing OpportunityFVT0UsRz8pJ"	https://seattle.craigslist.org/see/apa/d/seattle-personal-training-services-chef/7703273241.html
7702115296	Concealed Architectural Lighting, Hardwood Floors	1995	downtown	blacklisted_description	606 2nd Avenue, Seattle, WA	(47.6036, -122.3256)	False	"Welcome to CoronaFrom the moment you enter The Corona Loft Apartments in downtown Seattle's Pioneer Square you notice the details that set these apartments apart. Experience the original marble lobby and staircase with beautiful millwork and ornate cast iron column. Spacious open apartment floor plans provide an opportunity to create your own personal living space. Apartment interiors feature hardwood floors, exposed brick walls and large picture windows artfully integrated with custom, modern kitchens and generous sized bathrooms. Amenities include affordable parking options in local garage, bike storage and on-site storage units. The Corona Loft Apartments are available for rent.The Corona Lofts are located at 606 Second Avenue in the vibrant and historic Pioneer Square neighborhood, where you’ll find a host of galleries, bookstores, boutiques, restaurants, outdoor spaces and all the amenities that downtown Seattle has to offer.Apartment Features:Hardwood FloorsExposed Brick WallsOriginal MillworkFive-Panel Mahogany Doors10' - 13' Ceilings (Varies Per Floor)Concealed Architectural LightingKitchen open to living spaceOversized Picture WindowsWasher & DryerDesigner Open KitchenStainless Steel FinishesSolid Black Epoxy CountersAppliancesGlass-Top Range with Self-Cleaning OvenDishwasherGarbage DisposalAdded Cupboard SpaceSpacious White Tiled BathroomBuilt in VanityLarge Above Counter BasinCommunity Features:Historic landmark building built in 1903Loft plans from 646 sf - 1356 sfConcealed architectural lightingDesigner modern kitchen with above counter lighting, stainless steel backsplash and solid black epoxy countersAppliances include dishwasher, disposal, glass-top range and washer & dryer in each unitSpacious white tiled bathrooms feature built-in vanity and above counter basinHigh speed internet access availableCustom AmenityElectronic key card access to buildingDogs & cats welcome, pet friendly apartmentsOn-site storage units availableBicycle storageParking available at the Butler Garage across the street, with special discounted monthly rates for residentsCall:  show contact info
For more information, visit us at: https://samis-living.com/fr25zuhx/corona*Pricing and availability are subject to change daily. Photos may not be of the exact advertised unit. Please contact us today for the most up to date information!"	https://seattle.craigslist.org/see/apa/d/seattle-concealed-architectural/7702115296.html
7703272883	Luxury Apt with fabulous rooftop deck	2209	wallingford	blacklisted_description	Wallingford	(47.6733, -122.3426)	False	"SIGNING BONUS! $2549 move in bonus! First month is free. Rent is $2549 for 7.5 months. Rent shown is prorated after move in bonus. 
Luxury 1 br apartment in new building in Wallingford. West facing. Full length windows. Gorgeous rooftop deck. Great for dinner parties etc. High end laundry machines in the Apt. Exercise room down the hall. Full time managers onsite. Only one tenant has lived in it. Pristine. Garage parking available ($). Flexible move in date. Could be rented furnished (neg.)."	https://seattle.craigslist.org/see/apa/d/seattle-luxury-apt-with-fabulous/7703272883.html
7698099617	**ONE MONTH FREE RENT** Call To Schedule A Tour!	1695	burien	blacklisted_description	Seattle/Burien	(47.494667, -122.333938)	False	"Alcove, located at 12037 1st Ave S Seattle, WA 98168. Description........ Come home to the lifestyle you have been searching for at The Alcove Apartments in Burien, Washington. Our pet-friendly community is perfectly situated walking distance to downtown Burien and 15 minutes from downtown Seattle giving you easy access to shopping, entertainment, and the Puget Sound waterfront nearby. In addition, there are numerous parks and trails, all close by. Come see for yourself why The Alcove Apartments should be your next new home.

Schedule a Tour: https://www.liveatalcove.com/?utm_knock=cl&doorway=schedule show contact info
 Bedrooms........... 1  Bathrooms......... 1  Sq Footage......... 660 sq ftUnit Price........... $1695/Month Lease Term........ 6-Month, 7-Month, 8-Month, 9-Month, 10-Month, 11-Month, 12-MonthAmenity List...... ❖ Covered parking❖ Public Transportation❖ Secure building access❖ Easy access to public transportation❖ Easy access to shopping❖ Luxor package lockers-Coming soonUnit Features.....❖ Balcony or patio❖ Cable ready❖ Carpeted floors❖ Refrigerator❖ In Unit Washer & Dryer❖ Quartz countertops in Select Homes❖ Stainless Steel Appliances❖ Vinyl Flooring Our Pet Policy... Pets are Welcome Upon Approval. Please call the office for details. Leasing Hours...  Mon: 9:00 AM - 5:00 PMTue - Fri: 9:00 AM - 6:00 PMSat: 10:00 AM - 6:00 PMAppointment Only Call our Office... at  show contact info
 to schedule a private tour today. Our Location.....12037 1st Ave S Seattle, WA 98168 Website: https://www.liveatalcove.com/?utm_knock=cl Availability and pricing are subject to change dailyEQUAL HOUSING OPPORTUNITYC608C7F0825441A"	https://seattle.craigslist.org/see/apa/d/seattle-one-month-free-rent-call-to/7698099617.html
7701459819	Non-Smoking Community, Pet Friendly, Walk-In Closets	1660	south seattle	blacklisted_description	3701 S Hudson St, Seattle, WA	(47.556581, -122.285661)	False	"3701 S Hudson St, Seattle, WA 98118Greenhouse Apartments features unique one- and two-bedroom apartment homes that are designed to give residents a foundation for colorful and creative residential living. From the lush carpeting and wood flooring to the illuminating windows and dramatic nine-foot ceilings, our Columbia City, Seattle apartments offer just the right blend of ingredients for residents to create homes full of personality and comfort.If youve been searching for a community of apartments filled with upscale amenities and convenient features, look no further. Our spacious apartments include touches like ceiling fans, granite counter-tops, expansive closets throughout and abundant kitchen storage as well. Our community boasts a rooftop fire pit, a sundeck, 24 hour fitness center and 24 hour clubhouse both with WiFi its clear that community spirit is alive and well at Greenhouse apartments in Seattle.Unit Amenities:Front Loading Washer and DryerContemporary Kitchens with Abundant Storage and Built-in PantryEnergy Star Silver Metallic AppliancesStylish Granite CountertopsExtra-Large Windows Featuring Trickle Ventilators Allow for Natural Light, Fresh Air and Territorial ViewsRoomy 9-Foot High CeilingsCeiling FansKarndean Wood Floors Entry to Kitchen and Carpeted Living Spaces and BedroomsWalk-In Closets*Ground-Level Patio with Outdoor Access**In Select HomesCommunity Amenities:Complementary Common Area Wi-FiPublic Transportation options nearby, Including Link Light Rail24 Hour Fitness CenterBike StoragePet FriendlyNon-Smoking CommunityCall:  show contact info
For more information, visit us at: https://livecushwake.com/3f36ear4/greenhouse-apartments*Equal housing opportunity*"	https://seattle.craigslist.org/see/apa/d/seattle-non-smoking-community-pet/7701459819.html
7697902009	1 Bedroom 1 Bathroom Apartment **NEWLY RENOVATED**	1695	burien	blacklisted_description	Seattle/Burien	(47.494681, -122.333917)	False	"Alcove 12037 1st Ave S Seattle, WA 98168  show contact info
Unit Information: 1 Bedroom | 1 Bath  Unit Size: 660 sq ft  Monthly Rent: $1695 Lease Terms: 6-Month, 7-Month, 8-Month, 9-Month, 10-Month, 11-Month, 12-Month Unit Includes:➢ Balcony or patio➢ Cable ready➢ Carpeted floors➢ Refrigerator➢ In Unit Washer & Dryer➢ Quartz countertops in Select Homes➢ Stainless Steel Appliances➢ Vinyl FlooringProperty Description: Come home to the lifestyle you have been searching for at The Alcove Apartments in Burien, Washington. Our pet-friendly community is perfectly situated walking distance to downtown Burien and 15 minutes from downtown Seattle giving you easy access to shopping, entertainment, and the Puget Sound waterfront nearby. In addition, there are numerous parks and trails, all close by. Come see for yourself why The Alcove Apartments should be your next new home.

Schedule a Tour: https://www.liveatalcove.com/?utm_knock=cl&doorway=scheduleProperty Amenities: ➢ Covered parking➢ Public Transportation➢ Secure building access➢ Easy access to public transportation➢ Easy access to shopping➢ Luxor package lockers-Coming soon Website: https://www.liveatalcove.com/?utm_knock=clCall us today!  show contact info
Mon: 9:00 AM - 5:00 PMTue - Fri: 9:00 AM - 6:00 PMSat: 10:00 AM - 6:00 PMAppointment OnlyPet Ownership Policy: Pets are Welcome Upon Approval. Please call the office for details.Availability and pricing are subject to change dailyEQUAL HOUSING OPPORTUNITYC608C7F0825441A"	https://seattle.craigslist.org/see/apa/d/seattle-bedroom-bathroom-apartment/7697902009.html
7702714978	You will love this 1 bed / 1 bath. A Higher Quality of Living!	2570	shoreline	blacklisted_description	Shoreline - Shoreline Park and Ride	(47.7377, -122.3431)	False	"Echo Lake Apartment Homes1150 N 192nd St Shoreline, WA 98133A wonderful home in Shoreline is waiting for you!We currently have a gorgeous 1 bedroom 1 bathroom renting for $2570 - $3690 per month. This unit comes with 1176 sq ft. The heart of the Echo Lake community is our exquisite resident clubhouse with a spacious sun deck and heated swimming pool. The common outdoor area includes a barbecue grill, picnic venue, and colorful umbrellas for shade. Inside the clubhouse is the state-of-the-art, twenty-four-hour fitness studio. show contact info
Community Highlights:◾ BBQ/Picnic Area◾ Clubhouse◾ Elevator◾ Garage◾ Maintenance on site◾ Office Staff On-site◾ Smoke Free◾ Sparkling Pool◾ Fitness Center with Free Weights◾ Package Service◾ Recreation Room◾ ViewUnit Highlights:◾ Cable Ready◾ Carpeting◾ Dishwasher◾ Disposal◾ High Speed Internet Access◾ Ice Maker◾ Range◾ Refrigerator◾ Wheelchair Access◾ Window Coverings◾ Extra Storage◾ In Unit Washer & Dryer◾ Large Closets◾ Microwave◾ Patio/Balcony◾ Stainless Steel Appliances in Select Homes◾ Storage Units◾ Upgraded Homes AvailableContact:  show contact info
 Website: https://www.echolakeapartments.com/?utm_source=craigslistLeasing Options: 4-Month, 5-Month, 6-Month, 7-Month, 8-Month, 9-Month, 10-Month, 11-Month, 12-MonthPet Policy: Limit 2 Pets Per Home. 

1 Pet - $30 Pet Rent per month, $200 Pet Deposit (Refundable), $200 Pet Fee (Non-Refundable). Breed Restrictions Apply. Photos may not be of the actual unit. EQUAL HOUSING OPPORTUNITYSPRCL30B143289203A3487"	https://seattle.craigslist.org/see/apa/d/seattle-you-will-love-this-bed-bath/7702714978.html
7697882235	Home is Where the Heart is – Make Yours Shine Brightly Here!	1699	burien	blacklisted_description	Burien	(47.444753, -122.331022)	False	"Wellington PlaceLocated at: 327 S 177th Pl Burien, WA 98148Featured unit: 1 bed | 1 bath | 720 sq ft Prices start at: $1699/month Call Today!  show contact info
 Our residents enjoy some of the best community amenities in the business. Relax in our fabulous clubhouse or cool off after a long day in our seasonal outdoor swimming pool. There is something for everyone here like our courtesy patrol, covered parking, online resident services, and spectacular skyline views. Come let the staff at Wellington Place pamper you in your new home.Wonderful Amenities!➢ Clubhouse➢ Courtesy Patrol➢ Covered Parking➢ Fitness Center➢ Maintenance on site➢ Smoke Free➢ Wheelchair Accessible (Rooms)➢ Easy Access to Public Transportation➢ Fantastic Schools Nearby➢ Great Commuter Routes➢ Minutes to Shopping➢ Online Resident Services➢ Seasonal Outdoor Swimming Pool➢ Storage UnitsApartment Features!➢ Carpet➢ Ceiling Fans in Select Units➢ Dining Room➢ Dishwasher➢ Disposal➢ Oven➢ Refrigerator➢ Window Coverings➢ Balcony or Patio➢ Fireplace➢ Heating➢ Individual Climate Control➢ Vaulted Ceilings in Select Units➢ Walk-in Closets in Select Units➢ Washer and Dryer in Home  show contact info
Hours: Mon - Fri: 10:00 AM - 6:00 PM Website: https://www.wellingtonplaceapartments.com/?utm_knock=clTerms: CallPet Policy: Pets Welcome Upon Approval. Breed restrictions apply. Limit of 2 pets per home. Maximum adult weight is 35 pounds. 
Pet deposit is $200 per pet. 
The non-refundable pet fee is $200 per pet.EQUAL HOUSING OPPORTUNITYAE850EF2E07B45CA"	https://seattle.craigslist.org/see/apa/d/seattle-home-is-where-the-heart-is-make/7697882235.html
7697075697	Live in the heart of it all! Burien's prime neighborhood awaits.	1699	burien	blacklisted_description	Burien	(47.4441, -122.3249)	False	"Welcome to Wellington Place!327 S 177th Pl Burien, WA 98148Rental Size: 1 BR - 1 BA - 720 sq ft | Per Month: $1699 | Lease Length: Call show contact info
Wellington Place is proud to offer eight-floor plans with one, two, and three-bedroom apartments for rent. Our unique and spacious floor plans were designed with your comfort and convenience in mind. Your new home will include a balcony or patio, ceiling fans, individual climate control, window coverings, and an in-home washer and dryer. We are a pet-friendly community and welcome your entire family.  Our community features:   ❖ Clubhouse❖ Courtesy Patrol❖ Covered Parking❖ Fitness Center❖ Maintenance on site❖ Smoke Free❖ Wheelchair Accessible (Rooms)❖ Easy Access to Public Transportation❖ Fantastic Schools Nearby❖ Great Commuter Routes❖ Minutes to Shopping❖ Online Resident Services❖ Seasonal Outdoor Swimming Pool❖ Storage Units  Our unit features: ❖ Carpet❖ Ceiling Fans in Select Units❖ Dining Room❖ Dishwasher❖ Disposal❖ Oven❖ Refrigerator❖ Window Coverings❖ Balcony or Patio❖ Fireplace❖ Heating❖ Individual Climate Control❖ Vaulted Ceilings in Select Units❖ Walk-in Closets in Select Units❖ Washer and Dryer in Home   Contact us for more information! --  show contact info
 --Our Pet-Policy: Pets Welcome Upon Approval. Breed restrictions apply. Limit of 2 pets per home. Maximum adult weight is 35 pounds. 
Pet deposit is $200 per pet. 
The non-refundable pet fee is $200 per pet.Website: https://www.wellingtonplaceapartments.com/?utm_knock=clEQUAL HOUSING OPPORTUNITYAE850EF2E07B45CA"	https://seattle.craigslist.org/see/apa/d/seattle-live-in-the-heart-of-it-all/7697075697.html
7702782215	Over-sized Walk-In Closets, Double Sinks, 2/BD 1/BA	1853	seattle	blacklisted_description	25102 62nd Avenue South, Kent, WA	(47.3776, -122.2854)	False	"25102 62nd Avenue South, Kent, WA 98032Signature Pointe Apartments lies alongside the Green River in Kent and is surrounded by tall evergreen trees. The community offers many amenities for residents to enjoy year-round, from outdoor tennis courts, playgrounds, and fire pits, to indoor fitness centers and pools. You'll always find something to keep you busy here at Signature Pointe.Apartment Features:Top Floor Units Feature 19-ft CeilingsFull-Size Washer/DryerBuilt-In BookshelvesSeparate Dining RoomOver-sized Walk-In ClosetsDouble SinksCommunity Features:Outdoor BBQs & FirepitsHeated Indoor Pool, Sauna, & SpaFlexible Monthly Payments with Flex RentZero Deposit CommunityClose to Schools, Restaurants, & ShopsGarages & Carports AvailableCall:  show contact info
For more information, visit us at: https://gre-apartments.com/5xf422do/signature-pointePlease leave your name and contact number when replying to this posting.*Pricing and availability are subject to change daily. Photos may not be of the exact advertised unit. Please contact us today for the most up to date information!"	https://seattle.craigslist.org/see/apa/d/seattle-over-sized-walk-in-closets/7702782215.html
7699725302	Ready now! Offering 12 or 18 month lease terms!	3150	seattle	blacklisted_description	Seattle	(47.489821, -122.258258)	False	"Rainier View HomesLocated at: 6013 South 127th Lane Seattle, WA 98178Featured unit: 3 bed | 2 bath | 1330 sq ft Prices start at: $3150/month Call Today!  show contact info
 The Rainier View Homes is a newly-built development, featuring 11 detached cottage-style units, all designed with the environment in mind. Currently underway to be certified 4-Star Built Green and solar-ready. Each home features an open concept floor plan, large windows for natural light, and engineered wood floors. Beautiful kitchens built with contemporary cabinetry, quartz countertops, and stainless steel appliances. Other unit features include a washer/dryer, air conditioning, spacious patios, and plenty of storage. Property amenities include a community park and 22 parking spaces.Ready now! Offering 12 or 18 month lease terms!3 bd, 2 ba | Available NowThe Rainier View Homes is a newly-built development, featuring 11 detached cottage-style units, all designed with the environment in mind.3 Bedroom 2 Bathroom Home Ready Now!1330 square feet - 2 Stories$3150.00 + $200 sewer and garbage*resident is responsible for their own electric and water billMove In Special - Move In with a 18-month lease and get 2 months free rent! Move in with a 12-month lease and get 1-month free rent! Take your 3D tour here - https://my.matterport.com/show/?m=UUH8KN5ofHt&brand=0UNIT FEATURES:HIGH CEILINGSLARGE WINDOWSOPEN FLOORPLANSWASHER/DRYER IN UNITAIR CONDITIONINGCONTEMPORARY CABINETRYQUARTZ COUNTERTOPSSTAINLESS STEEL APPLIANCESSTORAGEPRIVATE BALCONIESCOMMUNITY FEATURES:BUILT IN 2019ON-SITE PARKINGCOMMUNITY PARKPET FRIENDLYSMOKE FREEWe have side street parking for guests as wellApply now - https://www.iconre.org/apply-nowRental TermsRent: $3,150Application Fee: $64Security Deposit: $600Available NowPet PolicyCats allowedDogs allowedWonderful Amenities!● Courtyard● Garden● Porch● Public Transportation● Spa● Sprinkler System● Individual Locking Bedrooms● Private BathroomApartment Features!  show contact info
Hours: Tue - Fri: 9:00 AM - 6:00 PMSat: 10:00 AM - 5:00 PM Website: https://www.iconre.org/rainierviewhomesTerms: 12-MonthPet Policy: EQUAL HOUSING OPPORTUNITY81E11CF9D2D6421"	https://seattle.craigslist.org/see/apa/d/seattle-ready-now-offering-12-or-18/7699725302.html
7700514271	Great place, great price! Come visit us today! 1 bed, 1 bath!	2067	belltown	blacklisted_description	Seattle - Belltown	(47.61472, -122.342537)	False	"Welcome to The Shelby!2201 4th Ave Seattle, WA 98121Rental Size: 1 BR - 1 BA - 610 sq ft | Per Month: $2067 | Lease Length: Variable, Monthly show contact info
Have you been looking for immaculate apartment home living in Seattle, WA? Congratulations, you've found it! The Shelby offers all the comforts of home in a pristine setting that is second to none. Our apartment community is nestled in the heart of Seattle, Washington, where everything you love is just a short drive away. We are ideally located right around the corner from local shopping, dining, and entertainment. It's time to pamper yourself with the lifestyle you deserve!

Schedule a Tour: https://www.theshelby.com/?utm_knock=cl&doorway=schedule  Our community features:   ◾ Bike Racks◾ Clubhouse◾ Courtyard◾ Elevator◾ Extra Storage◾ Lounge◾ Package Service◾ Sundeck◾ Butterfly MX Video Callbox◾ Conference Center with Wi-Fi◾ Controlled Access◾ Controlled Access Gates◾ Health Club Discount◾ Laundry Facilities◾ Luxer One Package Lockers◾ Maintenance on site◾ Picnic Area With Barbecue◾ State-of-the-art Fitness Center  Our unit features: ◾ Cable Ready◾ Ceiling Fans◾ Den in Select Units◾ Dining Room◾ Dishwasher◾ Disposal◾ Heating◾ Microwave◾ Range◾ Wi-Fi◾ Carpeted Floors◾ Eat-in Kitchen◾ French Doors in Select Units◾ Granite Countertops◾ Hardwood Floors◾ High Speed Internet Access◾ Refrigerator◾ Walk-In Closets◾ Washer and Dryer in Home◾ Window Coverings   Contact us for more information! --  show contact info
 --Our Pet-Policy: Life is PAWSOME here. Relax in comfort with your furry friend at your side! Pets Welcome Upon Approval. Breed restrictions apply. Limit of 2 pets per home. Pet deposit is $250 per pet. Monthly pet rent of $50 will be charged per pet.Website: https://www.theshelby.com/?utm_knock=clAvailability and pricing are subject to change dailyEQUAL HOUSING OPPORTUNITYD654E2FAF918448"	https://seattle.craigslist.org/see/apa/d/seattle-great-place-great-price-come/7700514271.html
7701428461	Garage Parking, Granite Countertops, Berber Carpet	1937	downtown	blacklisted_description	801 Pine St, Seattle, WA	(47.612966, -122.332747)	False	"Eight Weeks Free on Select Apartment Homes!*Applies to select apartment homes and is based on approved credit.801 Pine St, Seattle, WA 98101Tower 801 Is the Destination. Seattle Is the Stomping Ground.Tower 801 apartment homes is your new favorite destination in the city – and for good reason! This trendy Seattle, Washington, hot spot was built for a leveled-up lifestyle.Play in the city, make moves at the office downtown, or catch your next class at Pike Place Market. Then, come home to a seriously stylish – and upgraded – pet-friendly studio, one, two, or three bedroom apartment in the Pike/Pine corridor.This is Seattle living as it should be – so keep scrolling and say hello to your new downtown address.Apartment Features:Private BalconyGranite CountertopsAll-Electric, Stainless-Steel Appliance PackageUpgraded Studio, 1, 2 & 3 Bedroom ApartmentsBerber CarpetAir ConditioningMicrowaveGarbage DisposalHigh-Speed Internet AccessFull-Size BOSCH® Ventless Washer & DryerCommunity Features:Garage ParkingClubhouse Lounge w/ TVs, Shuffleboard & Entertainment KitchenBlocks From Capitol HillClose to Cal Anderson ParkOnSite Maintenance & Management Team0.8 Miles From Seattle UniversityLounge Seating & Sunning DeckOnline Payments AvailableContemporary Fitness Center w/ Cardio & Weight EquipmentCall:  show contact info
For more information, visit us at: https://livepui.com/ms3lii5u/tower-801Pricing and availability are subject to change."	https://seattle.craigslist.org/see/apa/d/seattle-garage-parking-granite/7701428461.html
7695524390	Spacious and extensively upgraded 2 bed, 1 bath in Lake Forest Park	2100	lake forest park	blacklisted_description	Lake Forest Park	(47.741464, -122.288041)	False	"Sheridan Beach TerraceLocated at: 15530 Bothell Way NE Lake Forest Park, WA 98155Featured unit: 2 bed | 1 bath | 910 sq ft Prices start at: $2100/month Call Today!  show contact info
 Nestled into the wooded surroundings of Lake Forest Park, Sheridan Beach Terrace is an idyllic place to call home. Views of Lake Washington complement our beautiful property surroundings. Your new home offers a community garden, terraced community areas with stunning views, access to local biking/running trails, and much more.

Schedule a Tour: https://liveatsheridanbeachterrace.com/?utm_knock=cl&doorway=scheduleWonderful Amenities!● Community Garden● Community Grill● Dog Park● Elevator● Lake Washington Views● Maintenance on site● Recycling● Rooftop Terrace● Smoke Free● Sundeck● Credit Builder Program● Picnic Area/Grilling Station● Planned Social Activities● Public Transportation● Renters Insurance Program● Rooftop Terrace● Storage Space● Trash Pickup - Door to Door● WaterfrontApartment Features!● Balcony/Patio● Balcony/Patio● Den● Den● Dishwasher● Dishwasher● Oven/Range● Oven/Range● Tub/Shower● Tub/Shower● Heating● In Unit Washer & Dryer● Modern Cabinetry● Natural Lighting● Stainless Steel Appliances● Stunning Views● Three Panel Sliding Doors● Wood-style Plank Flooring● Wrap Around Balcony's● Wrap Around Balcony'S  show contact info
Hours: Mon - Thu: 9:00 AM - 6:00 PMFri: 9:00 AM - 4:00 PMSat: 10:00 AM - 3:00 PMSundayClosed.  Website: https://liveatsheridanbeachterrace.com/?utm_knock=clTerms: Variable, 12-MonthPet Policy: Please ask management for details regarding our pet policies. 2 pet maximum per household. No aggressive breeds. Weight limit of 70 lbs.EQUAL HOUSING OPPORTUNITY8171D298507647A"	https://seattle.craigslist.org/see/apa/d/seattle-spacious-and-extensively/7695524390.html
7697757776	For an easy commute by bus, come home to Sheridan Beach Terrace	2685	lake forest park	blacklisted_description	Lake Forest Park	(47.7559, -122.3003)	False	"Sheridan Beach Terrace Bedroom: 2 | Bathroom: 2Square Footage: 1050 sq ftMonthly Rent: $2685 show contact info
  Community Description  The nearby Ballards Farmers Market is a local favorite, or you can enjoy some time in Ballard Park. As for our apartment homes, we offer variously sized homes from 1- to 3 bedrooms. These units feature stunning amenities, including quartzite countertops. large sliding glass doors, and other window features that invite in natural light at every opportunity.

We also offer several other amenities to provide a place to call home. Schedule a tour today and find out why the Sheridan Beach Terrace apartments are calling you home!

Schedule a Tour: https://liveatsheridanbeachterrace.com/?utm_knock=cl&doorway=schedule    Community Amenities❖ Community Garden❖ Community Grill❖ Dog Park❖ Elevator❖ Lake Washington Views❖ Maintenance on site❖ Recycling❖ Rooftop Terrace❖ Smoke Free❖ Sundeck❖ Credit Builder Program❖ Picnic Area/Grilling Station❖ Planned Social Activities❖ Public Transportation❖ Renters Insurance Program❖ Rooftop Terrace❖ Storage Space❖ Trash Pickup - Door to Door❖ WaterfrontUnit Features❖ Balcony/Patio❖ Balcony/Patio❖ Ceiling Fans❖ Ceiling Fans❖ Den❖ Dishwasher❖ Dishwasher❖ Oven/Range❖ Tub/Shower❖ Tub/Shower❖ Double Pane Windows❖ Heating❖ In Unit Washer & Dryer❖ Large Floor To Ceiling Closets❖ Natural Lighting❖ Quartz Countertops❖ Stunning Views❖ Three Panel Sliding Doors❖ Wrap Around Balcony's❖ Wrap Around Balcony'S  Contact InformationVisit Us: 15530 Bothell Way NE Lake Forest Park, WA 98155 show contact info
 Hours: Mon - Thu: 9:00 AM - 6:00 PMFri: 9:00 AM - 4:00 PMSat: 10:00 AM - 3:00 PMSundayClosed.  Website: https://liveatsheridanbeachterrace.com/?utm_knock=cl   Additional DetailsPet Policy: Please ask management for details regarding our pet policies. 2 pet maximum per household. No aggressive breeds. Weight limit of 70 lbs.Lease Terms: Variable, 12-Month Price is subject to change without prior noticeEQUAL HOUSING OPPORTUNITYEEB433833F5045E"	https://seattle.craigslist.org/see/apa/d/seattle-for-an-easy-commute-by-bus-come/7697757776.html
7703270056	SNOW BIRDS. HOME FACING ENSENADA BAY	2000	tecate		Colonia Puerto Escondido Ensenada, BC Mexico	(31.725079, -116.692883)	False	"The house is about 2,500 square feet, with 12 foot high beamed ceiling and terra cotta colored tiled floors.  The front of the house faces west, with a covered porch, Sonoran patio furniture and desert plants.  Only one two inch step into house.  Otherwise no steps, completely disabled accessible.

The entrance is an antique weathered door that leads to a pleasant hall.  On the left is the first bedroom, large, and with a large closet, an office desk and twin beds.  On the right side of the entrance hall is the first bathroom, with Mexican tiled shower (walk in) and Mexican decorated sink.

At the end of the hall, on the left, is a large Mexican tiled kitchen with glassed cabinets, a window facing the bay, gas stove and electric refrigerator.  From the kitchen you enter a laundry room with a washer and dryer and plenty of storage space.  A Mexican tiled breakfast bar has two large Mexican stools.  Opposite the kitchen is the dinning room, furnished with a colorful dinning set and Mexican decorations. 

The well lite livingroom (has two large sliding doors) has comfortable furniture and Mexican decorations, some of which are antiques.  Those two sliding doors lead to a back patio, which provides the most appealing aspect of the whole house:  THE VIEW!!  The patio faces west towards the ocean and the bay which day or night is gorgeous.  Just think of sitting watching the Ensenada lights at night holding a glass of the local wine!!!!

Now the master bedroom.  There is a sliding door that faces the back patio.  There are comfortable reading chairs and a double bed.  On the way to the second bathroom you pass a walk-in closet and then you enter the Mexican tiled bathroom with a walk-in shower. 

The back yard is fenced (to let your dog run loose).  Along the side of the house is a cemented incline walk to the basement (about 1,000 square feet)which contains a propane gas tank and a ""grey"" water container to water the plants in back.

THE PROPERTY  The neighborhood is mostly retired American and Mexican families.  We all contribute a monthly fee to a security company to guard our properties. RENT IS $1200 PER MONTH    Satellite internet security guard service and garbage pickup included.  Gas, water and electricity not included. 




THE GENERAL LOCATION

Ensenada is about one hour south of San Diego.  The toll road is safe and beautiful.  Ensenada, I consider to be very attractive city and port with fine restaurants and world famous Valle de Guadalupe, with is gourmet restaurants, boutique hotels, and wine growing. 

The weather in Ensenda varies from th 60's to the 90's year round. 

My house, which is on a hilltop is generally cooler, and the sliding doors provide good cross ventilation.  Puerto Escondido (which means hidden port) is one half hour south of Ensenada (heading towards La Bufadora (the blow hole).  La Bufadora, with its fish specialities is 15 minutes from the house.  Heading back to Ensenda you must pass Maneadero,a small town, with a very good supermarket (Calimax) with American and Mexican products, (and really good Mexican sweet breads!) If you like menudo or pozole or tamales, Maneadero is the place.  About 5 minutes away from Maneadero, heading back to town, is a country golf course open to the public.  Back at La Bufadora, you can rent kayaks or go diving (or even fishing).  From the house the beaches are ten minutes away.  There is even a ""secret"" beach near the house!!!! And good hiking areas. 
Please text interest."	https://seattle.craigslist.org/see/apa/d/tecate-snow-birds-home-facing-ensenada/7703270056.html
7702063292	Renovated Interiors, Dishwasher, Pantry	1788	north seattle	blacklisted_description	1020 112th St SW , Everett, WA	(47.896169, -122.248251)	False	"1020 112th St SW, Everett, WA 98204Welcome home to Timberline Court. Come and see our spacious, newly renovated apartments for rent in Everett, WA, and schedule a tour of Timberline Court Apartments. We have a wide selection of floor plans, including one- and two-bedroom apartments with plenty of room for you and yours to stretch out and relax. Each of our homes comes with a complete appliance package, including a dishwasher, range, oven, and refrigerator, wood-style flooring in common areas, carpeted bedrooms, and of course, the all-important oversized closets giving you a ton of storage space. Got a pet? Ask about our dog-friendly apartments during your tour. When residing in an apartment community, it is important that you choose the right one for your family. This will mean finding a place that offers easy access to everything you need, from shopping and dining to entertainment for young and old alike. You will find the right Everett apartments to meet your needs right here at Timberline Court. We offer a great selection of two- and one-bedroom apartment homes with everything you need, all in a great community. You can enjoy our dog park with a furred companion, take the kids to our onsite playground or enjoy easy access to Silver Lake, local restaurants, or I-5 for longer trips. One visit to our community will help you find a great selection of apartments for rent, whether you desire something for one or require space for a family. Our goal is to exceed all your expectations about apartment living by providing you with a gorgeous home that keeps you close to all you need or want while offering the peace of living outside the hubbub of city life. Whether you want pet-friendly apartments for you and a furred companion or need something larger for your family, Timberline has exactly what you desire. In one quick visit to Timberline Court Apartments in Everett, you will find a great place to live. Our homes offer you a place of peace in a hectic life. Schedule your tour now.Unit Amenities:RefrigeratorCeiling FansVaulted Ceilings (3rd Floor Only)Renovated InteriorsDishwasherWood Burning Fireplaces (3rd Floor Only)Garbage DisposalPantryWalk In Closets*In Select HomesCommunity Amenities:PlaygroundOnsite Laundry FacilityAmazon Hub LockersDog ParkCall:  show contact info
For more information, visit us at: https://livecushwake.com/wcg6axsr/timberline-court*Equal housing opportunity*"	https://seattle.craigslist.org/see/apa/d/everett-renovated-interiors-dishwasher/7702063292.html
7699731612	Gorgeous One Bedroom On The First Floor	1827	renton	blacklisted_description	Renton	(47.476132, -122.221148)	False	"200 SW 5th Pl, Renton, WA 98057Welcome to Plum Tree Park Apartments in Renton, WA. We are just minutes from all that Seattle, Bellevue, and Kirkland offer, with easy access to I-5, I-405, and Highway 167. We are conveniently located within walking distance of Fred Meyer, Safeway, and much more! The Landing is 5 minutes away where you'll find Target, Red Robin, Movie Theatre, Pet's Mart, LA Fitness, Lowes, Jimmy John's, and much more! Yes...Starbucks is nearby too! Call or stop by today to take a tour of our Renton, WA apartments for rent!Unit Amenities:ViewDishwasherWasher/Dryer in UnitLarge ClosetsPatio/BalconyStorage SpaceCarpetingFireplace*In Select HomesCommunity Amenities:Refreshing PoolHigh Speed Internet AvailableNear Public TransitShort Term Lease24 Hour Emergency MaintenanceCall:  show contact info
For more information, visit us at: https://livecushwake.com/ytukfs3u/plum-tree-park*Equal housing opportunity*"	https://seattle.craigslist.org/see/apa/d/renton-gorgeous-one-bedroom-on-the/7699731612.html
7699841291	Make yourself at home in comfort and style! 1 Bed / 1 Bath 717 SqFt	2270	central district	blacklisted_description	Seattle	(47.59922, -122.308936)	False	"Pratt Park Apartments Featured Floorplan: 1-bed / 1-bath / 717 sq ftMonthly Rent: $2270 - $2960Deposit: $500 Up to 8 weeks free on select studio apartments; Up to 6 weeks free on select 1- & 2-bedroom apartments! Lease terms and restrictions apply. Contact the leasing office for more information!Description: We know that amenities are an important consideration in your search for Seattle apartments for rent. At Pratt Park Apartments we have what you're looking for in a new home. Our apartments set the standard for urban living with premium interior finishes, and we offer an outstanding amenity package.Lease Terms: 6-Month, 7-Month, 8-Month, 9-Month, 10-Month, 11-Month, 12-Month, 13-Month, 14-MonthPet Policy: Pratt Park Apartments is a pet friendly community. We allow two (2) pets max per household with a maximum weight of 80 lbs full grown. $25/pet, pet rent per month $200 pet deposit. Breed Restrictions apply.Apartment Amenities:◾ Carpet◾ Den◾ Dining Room◾ Dishwasher◾ Freezer◾ Heating◾ Ice Maker◾ Kitchen◾ Range◾ Tub/Shower◾ Ceiling Fans in Select Homes◾ Expansive Dual Tilt and Turn, High Efficiency Windows◾ Fireplace in Select Homes◾ Granite Countertops◾ In Unit Washer & Dryer◾ Patio/Balcony◾ Refrigerator◾ Security System◾ Undermount Sinks◾ Walk-In Closets in select homes Community Features:◾ Business Center◾ Clubhouse◾ Composting◾ Conference Room◾ Courtyard◾ Dog Wash Room◾ Easy Highway Access◾ Elevator◾ Package Service◾ Roof Terrace◾ 24 Hour State of the Art Fitness Center◾ Access to Large City Park◾ Additional Storage Units Available◾ BBQ Grill Lounge with Outdoor Covered TV◾ Close to public transportation◾ Controlled Access Gated Community◾ Dry Cleaning Service◾ Easy Access to Public Transit◾ Short Term Lease Options Available◾ Views of Mt. Rainer Call us:  show contact info
  1800 S Jackson St Seattle, WA 98144Mon - Thu: 10:00 AM - 6:00 PMFri - Sat: 10:00 AM - 5:00 PMWebsite: https://home.securityproperties.com/prattpark/?utm_source=craigslist EQUAL HOUSING OPPORTUNITY50C10EB3F8B345C"	https://seattle.craigslist.org/see/apa/d/seattle-make-yourself-at-home-in/7699841291.html
7701457609	Comfortable 1 BR / 1 BA with private washer and dryer	2270	central district	blacklisted_description	Seattle	(47.59922, -122.308936)	False	"Welcome to Pratt Park Apartments Rental Information  Pricing: $2270 - $2720/Month | 1 Bedroom 1 Bath | 768 sq ftLease Term: 6-Month, 7-Month, 8-Month, 9-Month, 10-Month, 11-Month, 12-Month, 13-Month, 14-MonthUp to 8 weeks free on select studio apartments; Up to 6 weeks free on select 1- & 2-bedroom apartments! Lease terms and restrictions apply. Contact the leasing office for more information!Apartment Amenities   ➢ Cable Ready➢ Dining Room➢ Freezer➢ Garden➢ Ice Maker➢ Kitchen➢ Loft Layout➢ Tile Floors➢ Views➢ Wi-Fi➢ Breakfast Nook➢ Fireplace in Select Homes➢ In Unit Washer & Dryer➢ Internet/Cable Ready➢ Refrigerator➢ Security System➢ Stainless Steel Appliances➢ Vaulted Ceiling➢ Wheelchair Access➢ Window CoveringsCommunity Features  ➢ Bike Storage➢ Composting➢ Courtyard➢ Disposal Chutes➢ Easy Highway Access➢ Elevator➢ Grocery Service➢ Recycling➢ Self-Guided Tours➢ Smoke Free➢ 24 Hour Availability➢ Additional Storage Units Available➢ Close to public transportation➢ Community Clubroom with Fireplace, Big Screen TV➢ Dry Cleaning Service➢ Easy Access to Public Transit➢ Media Center/Movie Theatre➢ Underground Parking➢ Views of Puget Sound➢ Walking/Biking TrailsAbout CommunityDescription: Pratt Park Apartments is conveniently located in the heart of the Central District, a neighborhood dotted with boutique shops, quaint coffee spots, and local parks! Situated just off Downtown Seattle, we are minutes to an array of options.  Location: 1800 S Jackson St  Seattle, WA 98144  show contact info
Office Hours: Mon - Thu: 10:00 AM - 6:00 PMFri - Sat: 10:00 AM - 5:00 PMAdditional InformationPet Policy: Pratt Park Apartments is a pet friendly community. We allow two (2) pets max per household with a maximum weight of 80 lbs full grown. $25/pet, pet rent per month $200 pet deposit. Breed Restrictions apply. Website: https://home.securityproperties.com/prattpark/?utm_source=craigslistEQUAL HOUSING OPPORTUNITY9D46DBB5B220431"	https://seattle.craigslist.org/see/apa/d/seattle-comfortable-br-ba-with-private/7701457609.html
7695419211	3/bd 2/ba, Full-Size Washer & Dryer, Interior Bike Storage	2082	lake city	blacklisted_description	12548 Lake City Way NE, Seattle, WA	(47.720578, -122.293712)	False	"12548 Lake City Way NE, Seattle, WA 98125WELCOME TO POLARIS AT LAKE CITYPolaris at Lake City is a brand new affordable community near the beautiful Seattle waterfront. Our purpose is to be more than just an apartment community, but rather enhance our resident’s way of life. We want to provide a lifestyle for our residents that fosters ongoing education, holistic health enhancements, personal assistance, and preventative support.There’s so much to discover in this affordable community in the heart of Seattle, Washington!Let us be your guiding star.The landlord will not accept a comprehensive reusable tenant screening report made available to the landlord by a consumer reporting agency.Apartment Features:Stylish Studio, 1, 2 & 3 Bedroom HomesFull-Size Washer & DryerFully Equipped Kitchens With Stainless Steel AppliancesSpacious Bedrooms With Large ClosetsLuxury Vinyl Plank Flooring ThroughoutCarpeting In BedroomsCommunity Features:Community Multi Purpose RoomFitness CenterMovie TheaterGame RoomInternet CafeInternal MailroomEnclosed Private CourtyardPlaygroundInterior Bike StorageOn-Site ParkingPet Friendly CommunityEasy Access to Transit, Retail, ShoppingNon-Smoking CommunityCall:  show contact info
For more information, visit us at: https://liveataxisresidential.com/mcqhxdqx/polaris-at-lake-cityPricing and availability are subject to change."	https://seattle.craigslist.org/see/apa/d/seattle-bd-ba-full-size-washer-dryer/7695419211.html
7699858717	On-Site Maintenance, Live-Work Homes, Dishwasher	3392	green lake	blacklisted_description	6900 East Green Lake Way N, Seattle, WA	(47.678804, -122.325617)	False	"6900 East Green Lake Way N, Seattle, WA 98115Discover a new standard of upscale living at Circa Greenlake Apartments. Our meticulously designed apartments feature modern layouts and luxury finishes, offering residents both elegance and comfort. Take advantage of our proximity to Green Lake's recreational opportunities and the lively neighborhood scene. Whether you're enjoying the stunning views from your apartment or exploring the nearby shops and restaurants, Circa Greenlake embodies the essence of sophisticated urban livingUnit Amenities:Huge Walk-In ClosetsWasher & Dryer in Every UnitCable ReadyHardwood FloorsHigh CeilingsNookPartial Lake ViewLive-Work HomesNatural LightWindow Coverings*In Select HomesCommunity Amenities:Short Term LeasesViews of Green LakeWiFi Access in Common AreasOnsite Office TeamGreen BuildingSteps from Green LakeCall:  show contact info
For more information, visit us at: https://livecushwake.com/ez4vuabu/circa-greenlake*Equal housing opportunity*"	https://seattle.craigslist.org/see/apa/d/seattle-on-site-maintenance-live-work/7699858717.html
7699178786	Available soon! Get ready! Most desired 2x2 floor plan!	2659	edmonds	blacklisted_description	Edmonds	(47.78723, -122.341852)	False	"Now Offering One Month Free + $1,000 Amex GC on Select Homes!Hazel Apartments in EdmondsApartment Features:Washer & DryerCeiling Fans in BedroomsAC PortsCable ReadyLarge Windows with Natural LightStainless Steel AppliancesCommunity Features:Pet FriendlyBike Workshop Lounge & Indoor Bike StorageFlexible Monthly Payments with Flex RentFitness Center with Private Yoga StudioExpansive Outdoor Patio with BBQs, Fire Pit, and Ping PongOutdoor Dog RunCall:  show contact info
For more information, visit us at: https://gre-apartments.com/wfz55c77/hazel-apartmentsPlease leave your name and contact number when replying to this posting.Please leave your name and contact number when replying to this posting.*Pricing and availability are subject to change daily. Photos may not be of the exact advertised unit. Please contact us today for the most up to date information!"	https://seattle.craigslist.org/see/apa/d/mountlake-terrace-available-soon-get/7699178786.html
7700501922	2 Sunrooms with Deck, Controlled Access/Gated, Game Room	1925	shoreline	blacklisted_description	1140 N 192nd St, Shoreline, WA	(47.768473, -122.344508)	False	"3 Months FreeDon't miss your opportunity to receive 3 Months Free Rent*! PLUS if you tour and move before January 1, 2024 you can unlock additional savings. Call to schedule your tour and learn more! *Valid on new leases, subject to change, based on availability and select units.The Blakely Senior Living Community is a Senior apartment community for those age 55+ nestled at the heart of Echo Lake, a residential neighborhood in Shoreline. The Blakely was designed to create a warm and inviting community with multiple unique floor plans to choose from. We are truly a one-of-a-kind 55+ community and we invite you to contact us for a visit. We look forward to welcoming you home!Apartment Features:Fully Equipped Kitchen With Black AppliancesFull Size Washer & DryerWindow CoveringsWood Shaker Style CabinetsWood Inspired FlooringAmple Closet SpaceCommunity Features:2 Sunrooms with DeckCommunity RoomLaundry Rooms Conveniently Located on Each FloorControlled Access/GatedCraft RoomCoffee RoomGame RoomAdjacent to YMCA24-Hour Fitness CenterProfessional Management StaffBusiness CenterBeautiful LandscapingTheater RoomCall:  show contact info
For more information, visit us at: https://liveataxisresidential.com/azram6tu/blakely-at-echo-lakePricing and availability are subject to change."	https://seattle.craigslist.org/see/apa/d/seattle-sunrooms-with-deck-controlled/7700501922.html
7703269085	2 Bed/Backyard/Deck/WD In Unit	2300	central district	blacklisted_name	seattle	(47.5935, -122.302015)	False	"Rent: $2,300
Security Deposit: $1,500
Application Fee: $54 per person
First and Last month's rent due at signing
Available 11/1

Easy access to I-5 and I-90. Walking distance from major bus lines and future light rail stop.

Email to set up a tour."	https://seattle.craigslist.org/see/apa/d/seattle-bed-backyard-deck-wd-in-unit/7703269085.html
7699704842	1 BD, Hardwood Plank Flooring, Courtyard	1998	university district	blacklisted_description	400 Northeast 45th Street, Seattle, WA	(47.6633, -122.3022)	False	"400 Northeast 45th Street, Seattle, WA 98105CosmopolitanApartments is conveniently tucked next to the U District in Wallingford. Take aleisurely stroll down to Lake Union and enjoy lunch on the water at Ivar's orchoose from a variety of cuisine options on NE 45th St. Feel like rocking out? Pop over to the historicBlue Moon Tavern and catch a local band you're sure to love! If you like to bicycle, we are just blocks awayfrom the Burke-Gilman Trail. This trail will lead you to the vibrantneighborhoods of Fremont and Ballard or head in the other direction andadventure to the suburb of Woodinville to enjoy a brew at Red Hook Brewery.With our central Seattle location, whatever you're looking for, you will findit nearby at Cosmopolitan Apartments.Apartment Features:In Unit Washer & Dryer in One & Two Bedroom HomesWalk-In Closets One & Two Bedroom HomesOn-Site Laundry FacilityExtra StorageHardwood Plank FlooringWindow CoveringCommunity Features:City ViewsPet FriendlyCourtyardBroadband Internet AccessElevatorLaundry FacilityCall:  show contact info
For more information, visit us at: https://gre-apartments.com/a4f4p4hd/cosmopolitanPlease leave your name and contact number when replying to this posting.*Pricing and availability are subject to change daily. Photos may not be of the exact advertised unit. Please contact us today for the most up to date information!"	https://seattle.craigslist.org/see/apa/d/seattle-bd-hardwood-plank-flooring/7699704842.html
7701440558	$1000 off! Corner unit, walk in closets & fantastic natural lighting!	2545	first hill	blacklisted_description	First Hill	(47.604973, -122.318368)	False	"Being in an undeniably cool area in downtown Seattle, Washington, Vantage Park Apartments brings you home to one of the most dynamic destinations in the city.This is your chance to start fresh, to turn a new page, and to be connected to anything and everything in the Emerald City. From coffee dates at Caffe Vita to kicking back in your one or two bedroom apartment, this is the place to be any day of the week.At Vantage Park Apartments, you’ll find contemporary yet attainable livability in Seattle. This is a home where experiences are never shy and new possibilities are lurking around every street block. Monday through Friday, hop on the streetcar and head to your corporate headquarters. On Saturday and Sunday, unleash your inner weekend warrior with trips to Discovery Park, Bainbridge Island, or Mount Rainier National Park.Call:  show contact info
For more information, visit us at: https://livewithapm.com/kvcufjjj/vantage-park"	https://seattle.craigslist.org/see/apa/d/seattle-1000-off-corner-unit-walk-in/7701440558.html
7703268269	Stainless Steel Appliances, A Must See, Vinyl Plank Flooring	2152	capital hill	blacklisted_description	seattle	(47.61541, -122.317894)	False	"Sunset Electric1111 E Pine St, Seattle, WA, 98122Call Now -  show contact info
 x 170OR Text 170 to  show contact info
 to text with us.Use this link for more information:https://avenue5.aptfeatures.com/h3xzx1Feel The Electricity - A LEED Platinum Design1 bedroom | 1 bath | 554 square feetFeatures: ✓  Stainless Steel Appliances ✓  White Quartz Countertops ✓  A Must See ✓  City Views and Water Views ✓  Large Walk-In Closets ✓  Open Concept Floorplans ✓  Ice Makers ✓  Vinyl Plank Flooring ✓  Floor-To-Ceiling Windows ✓  Subway Tiling*Direct Entry*In Select Units*Courtyard Patios*Central HeatCommunity Features: ✓  Dog Wash Station ✓  Controlled Access Garage ✓  Interior Open Air Courtyard ✓  Rooftop Deck with WiFi ✓  Tour Today*Smoke Free Building*Reserved Parking*Additional Storage Available*100% Walkscore*BBQAreaCommunity Info:Sunset Electric was developed with the existing character structure of the Sunset Electric Factory, an automotive building dating back to the early 1900s when the local area was known as “Auto Row.” The development of our community focused on the preservation of the unique characteristics of this automotive building.Our community exposes you to electrifying living in Downtown Seattle at our beautiful, industrial-style property. At Sunset Electric, you can enjoy vibrant amenities, like our rooftop deck, and exceptional city views from your new home. Our loft, studio, and one-bedroom apartments have roomy open floor plans and stylish features, like subway tiles, quartz countertops, and floor-to-ceiling windows.You can also enjoy being within walking distance of Capitol Hill’s lively restaurants, shopping, parks, and entertainment opportunities from your new space.Pet Policy:We welcome two pets per apartment home. Breed restrictions apply. Please contact leasing office for complete details. Office Hours:Tuesday-Saturday: 10:00AM-4:30PMEqual Housing OpportunitytaoYURn5WX"	https://seattle.craigslist.org/see/apa/d/seattle-stainless-steel-appliances-must/7703268269.html
7701441408	Onsite Management, In-Home Washer & Dryer, Dishwasher	1735	central district	blacklisted_description	402 22nd Ave S, Seattle, WA	(47.599039, -122.303125)	False	"Lease with Confidence!Ask about our 30-Day Move-in Satisfaction Guarantee and Renter’s Assurance Programs.402 22nd Ave S, Seattle, WA 98144Stylish Urban Apartment HomesSituated in a fantastic neighborhood in Seattle, WA, Verse Seattle is within walking distance of tasty eateries, coffeehouses, and recreation.The neighborhood boasts a rich musical past – it’s where the hard rock notes of Jimi Hendrix and never-heard-before soul sounds of Ray Charles began to take shape – and it’s reflected in the pride of the locals. Our beautifully renovated studio, one, and two bedroom apartments are less than two miles from downtown and offer easy access to I-5 and I-90.With everything you need mere steps from our community, you’ll enjoy urban living at its finest.In an effort to provide the best customer experience, we are now offering virtual tours, self-guided tours. Contact us today to schedule your personalized experienceApartment Features:In-Home Washer & DryerScenic ViewsAir Conditioning Available for RentStainless-Steel AppliancesGarages AvailableEnergy-Efficient AppliancesNewly Renovated floor PlansGarbage DisposalDishwasherCommunity Features:Resident Parcel Mail RoomSecure EntryRecycling CenterWiFi Available24-Hour Fitness CenterCourtyard with Fountain & Barbecue AreaOnsite ManagementCommunity RoomClose to Blue Dog PondGated Electronic EntranceCall:  show contact info
For more information, visit us at: https://livepui.com/6r45cwwo/verse-seattlePricing and availability are subject to change."	https://seattle.craigslist.org/see/apa/d/seattle-onsite-management-in-home/7701441408.html
7700471930	Complimentary Coffee Station, Fitness, EV Charging Stations	2083	seattle	blacklisted_description	1212 Harrison St, Seattle, WA	(47.622133, -122.332664)	False	"Welcome to Sentral SLUWith enviable views of the city skyline and within walking distance of trendy bars and restaurants, Sentral SLU centers you in Seattle. Everyday life is more beautiful in our unfurnished and designer-furnished apartment suites with modern kitchens and flexible, oversized floor plans. Amenities Include:Community EventsKeyless Apartment EntryTesla EV CarsharingParkingFull KitchenFitnessOn-Site ManagementIndoor and Outdoor Entertaining AreasEntertainment LoungeStainless Steel AppliancesQuartz CountertopsFire Pit, Fireplace, or BothCall:  show contact info
For more information, visit us at: https://livewithsentral.com/jpc6dcll/sentral-slu*Pricing and availability are subject to change daily. Photos may not be of the exact advertised unit. Please contact us today for the most up to date information!"	https://seattle.craigslist.org/see/apa/d/seattle-complimentary-coffee-station/7700471930.html
7703265025	On-site Management, Storage Space, Elevator, On-site Maintenance	1828	shoreline	blacklisted_description	Shoreline	(47.7377, -122.3431)	False	"This is a 2 Bedroom, 1 Bath, Approximately 884 Sq. Ft. Interested in more information? See link below:https://fpi.aptrentnow.com/a0070wCall Now -  show contact info
 x 131OR Text 131 to  show contact info
 to text our team.Welcome Home to The AmesburyCommunity Info:Welcome Home to The Amesbury – explore the possibilities of our spacious and bright one and two bedroom apartment homes. Our open-concept floor plans offer both style and convenience. Here at The Amesbury, you will find an extraordinary, newly renovated, pet-friendly community to accommodate the lifestyle you deserve! Browse to learn more and see what else our Seattle, WA apartments for rent have to offer. Contact our leasing team today to schedule a tour!Features: ‣  Renovated* ‣  Open-concept Floor Plans*In Select UnitsCommunity Amenities: ‣  On-site Maintenance ‣  Elevator ‣  Gate ‣  High Speed Internet Available ‣  Storage Space ‣  Garage ‣  On-site ManagementPet Policy:Cats and Dogs Ok Max Weight of Pets: 75lb Pet Monthly Rent Max: $35 Pet Rent Basis: Per Pet Max Number of Pets: 2 Pet Deposit Min/Max: $250 - $500 Pet Policy Fee Min/Max: $250 - $500 Please call our Leasing Office for complete Pet Policy information. Office Hours:Monday-Friday: 9:00AM-6:00PMThe Amesbury13739 Linden Ave N, Seattle, WA, 98133Equal Housing Opportunity4mqE5qbC"	https://seattle.craigslist.org/see/apa/d/seattle-on-site-management-storage/7703265025.html
7698530063	Renovated Interiors, Situated in Everett!, 2/BD	1694	north seattle	blacklisted_description	1020 112th St SW , Everett, WA	(47.896169, -122.248251)	False	"1020 112th St SW, Everett, WA 98204Welcome home to Timberline Court. Come and see our spacious, newly renovated apartments for rent in Everett, WA, and schedule a tour of Timberline Court Apartments. We have a wide selection of floor plans, including one- and two-bedroom apartments with plenty of room for you and yours to stretch out and relax. Each of our homes comes with a complete appliance package, including a dishwasher, range, oven, and refrigerator, wood-style flooring in common areas, carpeted bedrooms, and of course, the all-important oversized closets giving you a ton of storage space. Got a pet? Ask about our dog-friendly apartments during your tour. When residing in an apartment community, it is important that you choose the right one for your family. This will mean finding a place that offers easy access to everything you need, from shopping and dining to entertainment for young and old alike. You will find the right Everett apartments to meet your needs right here at Timberline Court. We offer a great selection of two- and one-bedroom apartment homes with everything you need, all in a great community. You can enjoy our dog park with a furred companion, take the kids to our onsite playground or enjoy easy access to Silver Lake, local restaurants, or I-5 for longer trips. One visit to our community will help you find a great selection of apartments for rent, whether you desire something for one or require space for a family. Our goal is to exceed all your expectations about apartment living by providing you with a gorgeous home that keeps you close to all you need or want while offering the peace of living outside the hubbub of city life. Whether you want pet-friendly apartments for you and a furred companion or need something larger for your family, Timberline has exactly what you desire. In one quick visit to Timberline Court Apartments in Everett, you will find a great place to live. Our homes offer you a place of peace in a hectic life. Schedule your tour now.Unit Amenities:RefrigeratorCeiling FansVaulted Ceilings (3rd Floor Only)Walk In ClosetsDishwasherRenovated InteriorsGarbage DisposalWood Burning Fireplaces (3rd Floor Only)Pantry*In Select HomesCommunity Amenities:Dog ParkOnsite Laundry FacilityAmazon Hub LockersPlaygroundCall:  show contact info
For more information, visit us at: https://livecushwake.com/pleokic2/timberline-court*Equal housing opportunity*"	https://seattle.craigslist.org/see/apa/d/everett-renovated-interiors-situated-in/7698530063.html
7695006570	Luxurious 2 bed / 1 bath available with convenient washer & dryer	2035	seattle	blacklisted_description	Seattle	(47.503121, -122.335395)	False	"Garden Pointe Leasing Office:  130 SW 112th Street Seattle, WA 98146 show contact info
Take a look at what Garden Pointe has to offer! Your search to find available apartments in Seattle, WA has led you to the right place. Just by clicking on a few buttons you will have a list of our current availabilities at your fingertips. View our photo gallery and catch a glimpse of Seattle living at its finest. 

Schedule a Tour: https://www.gardenpointeapthomes.com/?utm_knock=cl&doorway=scheduleRental Information: 2 Bedroom / 1 Bathroom / 880 sq ft / $2035/Month  Lease Terms: 6-Month, 7-Month, 8-Month, 9-Month, 10-Month, 12-MonthApartment Amenities:✓ Cable Ready✓ Ceiling Fans✓ Deck✓ Dishwasher✓ Disposal✓ Heating✓ Pantry✓ Playground✓ Refrigerator✓ Window Coverings✓ Balcony/Patio✓ Discounts Available✓ Double Pane Windows✓ Handrails✓ Sparkling Pool✓ Vaulted Ceiling✓ Views✓ Walk-In Closets✓ Washer and Dryer in Home✓ Wheelchair Accessible (Rooms)Additional Information:✓ 24 Hour Availability✓ Cabana✓ Clubhouse✓ Courtesy Patrol✓ Fenced Lot✓ Fitness Center✓ Multi Use Room✓ Online Rent Payments✓ On-Site Maintenance✓ TV Lounge✓ Access to Public Transportation✓ Corporate Suites✓ Discounts Available✓ Easy Access to Shopping✓ Extra Storage✓ Housing Vouchers Welcome✓ Online Resident Services✓ Professional Management✓ Recreation Room✓ Short-term Leasing Available Leasing Hours: Mon - Fri: 9:00 AM - 5:00 PMSaturday: By Appointment Only. show contact info
Pet Policy: Pets Welcome Upon Approval.
There will be a $300.00 pet fee required for dogs and cats.
Breed restrictions apply.
Sorry, no aggressive breeds will be allowed.
Service animals are permitted.
Please call our office for more details. Website: https://www.gardenpointeapthomes.com/?utm_knock=cl Availability and pricing are subject to change daily EQUAL HOUSING OPPORTUNITYD65A431D94D44A5"	https://seattle.craigslist.org/see/apa/d/seattle-luxurious-bed-bath-available/7695006570.html
7700508637	Your pets deserve the best! Come to our Pet-Friendly 1 BD / 1 BA.	1675	south seattle	blacklisted_description	Seattle	(47.564714, -122.313561)	False	"Harlow Heights Apartments - A place to call home! Bed: 1 / Bath: 1  Sq. Footage: 520 - 524 sq ft Rent: $1675/MonthTerms: 6-Month, 7-Month, 8-Month, 9-Month, 10-Month, 11-Month, 12-Month show contact info
 Welcome home to Harlow Heights. A contemporary community in the heart of Seattle, Washington. Our prime location places you near Lake Washington, Jefferson Park Golf Course, and Interstate 5. Enjoy easy access to shopping, family eateries, local shops, and entertainment hots spots.

Schedule a Tour: http://www.harlowheights.com/?utm_knock=cl&doorway=scheduleOur Apartment Homes Feature:   ❖ Cable Ready❖ Disability Access❖ High Speed Internet Access❖ Microwave❖ Oven❖ Refrigerator/Freezer❖ Storage Units❖ Tub/Shower❖ Vinyl Flooring❖ Window Coverings❖ All-electric Kitchen❖ Balcony or Patio in Select Homes❖ Concierge❖ Double Pane Windows❖ Double Vanities❖ In Unit Washer & Dryer❖ Island Kitchen❖ Massive Windows❖ Views Available❖ Walk-in Closets in Select Units Our Residents Enjoy:  ❖ Controlled Access❖ Courtyard❖ Gated Access❖ Concierge❖ Elevator❖ SundeckContact Info: show contact info
 4351 15th Ave S Seattle, WA 98108 Website: http://www.harlowheights.com/?utm_knock=clMon - Fri: 9:00 AM - 5:00 PMOffice not on site. Pets: Pets Welcome Upon Approval.
Maximum adult weight is 20 pounds.
One pet allowed per household.
Pet deposit is $250. Availability and pricing are subject to change dailyEQUAL HOUSING OPPORTUNITY2FC80CD641C740"	https://seattle.craigslist.org/see/apa/d/seattle-your-pets-deserve-the-best-come/7700508637.html
7701441600	LIMITED AVAILABILITY; APPLY ONLINE QUICKLY! Apts w/ So Much Nearby!	2523	renton	blacklisted_description	95 Burnett Ave S, Renton, WA	(47.483106, -122.208255)	False	"95 Burnett Ave S, Renton, WA 98057Welcome to 95 Burnett Apartments, an intimate community with a charming atmosphere. Our apartment community is located in Downtown Renton, Washington a vibrant neighborhood brimming with boutique shops, restaurants and parks, all within walking distance from your front door. Choose from eight spacious floor plans with studio, one, two and three bedroom options including two level townhomes. Each home is tailored with amenities such as hardwood floors, 9 ceilings, private balconies/patios, fully equipped kitchens with granite countertops, in-home washer and dryer and select homes feature vaulted ceilings. Plus, enjoy our year round firepit and BBQ gazebo and play ping pong, cornhole, or putt-putt golf with your friends, family or neighbors on our second floor patio deck!,Living at 95 Burnett Apartments in Renton gives you easy access to I-405, and we are just a few miles from Tukwila Station for a quick commute to Seattle and Tacoma on the Sounder train. Flying out for business or pleasure?  We're just six miles from Seattle-Tacoma International Airport.  Our convenient location also puts you within minutes to Boeing, Renton Landing, Southcenter Mall, Gene Coulon Memorial Beach Park and Cedar River Park. Wed love to have you call 95 Burnett your new home. Give us a call to schedule your tour today!,Unit Amenities:All-electric KitchenBreakfast BarCarpeted FloorsCovered Parking GarageDen or Study*GarageHardwood FloorsMini BlindsRefrigeratorTrack and Pendant Lighting*In Select HomesCommunity Amenities:Pet-friendly staff (with dog treats in the office)CourtyardClose to shoppingSoaker tubCopy and fax servicesSpacious floorplansCall:  show contact info
For more information, visit us at: https://livecushwake.com/4xksafpt/95-burnett*Equal housing opportunity*"	https://seattle.craigslist.org/see/apa/d/renton-limited-availability-apply/7701441600.html
7703264142	Specials! 1 BR 1 BA 589 SqFt Rooftop Terrace, Bike Storage	2120	queen anne	blacklisted_description	Lower Queen Anne	(47.61872, -122.328937)	False	"Alexan 100100 Denny Way, Seattle, WA, 98109Call Now -  show contact info
 x 98OR Text 98 to  show contact info
 to text our leasing team.Visit This Website to See More:https://avenue5.aptfeatures.com/ycL7c9Life Looks Different Here1 bedroom | 1 bath | 589 square feetFeatures: ✓  Luxury Spa Shower/tub  ✓  Tile Surrounds in tubs ✓  Full size Washers and Dryers ✓  USB outlets ✓  Stainless Steel Appliances ✓  Private Patios* ✓  Custom Closets ✓  Air Conditioning  ✓  Contemporary cabinetry ✓  High Ceilings  ✓  Front-Control Ranges ✓  Undermount Sinks ✓  Quartz Countertops*In select homesCommunity Features: ✓  Strength & Cardio Fitness Center ✓  Controlled Access Parking Garage ✓  Electric Car Charging Stations ✓  Grills ✓  Rooftop Clubroom complete with wifi, a full kitchen, TVs, Fireplace and shuffleboard ✓  On-site Storage ✓  Parcel Delivery to Your Door by Fetch ✓  Amazing Views ✓  Dog Spa ✓  Rooftop Fire feature ✓  Rooftop Dog Run ✓  Multi-level Rooftop Terrace ✓  Bike Storage ✓  Two Skyline LoungesCommunity Info:Imagine a modern architectural space, curated with an eclectic mix of classic and contemporary. Now imagine you live there! Welcome to Alexan 100, Let us provide you a picture-perfect backdrop that is just waiting for you to call it your own. Let's create memories together.Enjoy kitchens featuring quartz countertops, under-mount sinks, stainless steel appliances, full-size washers and dryers, luxurious spa tub/shower combo, and so much more. Located just north of downtown Lower Queen Anne, Alexan 100 is a unique apartment community made for Seattle and you. Just blocks from the waterfront to the west, and the Seattle Center to the east, you’ll find yourself in the perfect spot to explore the city on foot, bicycle, or however, you choose! Your Alexan 100 Team is local, neighborhood-savvy, and always ready to help. Pet Policy:Bring your best friend! Office Hours:Monday-Sunday:9:00AM-6:00PMEqual Housing OpportunityKB9UdY17ay"	https://seattle.craigslist.org/see/apa/d/seattle-specials-br-ba-589-sqft-rooftop/7703264142.html
7694432860	This place will feel like home! 1 bed, 1 bath available! 520 Sq Ft!	1675	south seattle	blacklisted_description	Seattle	(47.564714, -122.313561)	False	"Harlow Heights Apartments show contact info
  Unit Details: 1-BR 1-BA | Square Footage: 520 - 524 sq ft | Rental Rates: $1675/Month! Lease Length: 6-Month, 7-Month, 8-Month, 9-Month, 10-Month, 11-Month, 12-MonthApartment Features:● Cable Ready● Disability Access● Dishwasher● Disposal● Eat-in Kitchen● Microwave● Storage Units● Tub/Shower● Vinyl Flooring● Window Coverings● All-electric Kitchen● Balcony or Patio in Select Homes● Breakfast Bar in Select Homes● Central Air and Heating● Concierge● Double Vanities● Island Kitchen● Massive Windows● Views Available● Walk-in Closets in Select UnitsAbout Our Community:Welcome home to Harlow Heights. A contemporary community in the heart of Seattle, Washington. Our prime location places you near Lake Washington, Jefferson Park Golf Course, and Interstate 5. Enjoy easy access to shopping, family eateries, local shops, and entertainment hots spots.

Schedule a Tour: http://www.harlowheights.com/?utm_knock=cl&doorway=scheduleWonderful Amenities:● Controlled Access● Courtyard● Gated Access● Concierge● Elevator● Sundeck Contact Information:Address: 4351 15th Ave S Seattle, WA 98108  show contact info
 Website: http://www.harlowheights.com/?utm_knock=clPet Policy: Pets Welcome Upon Approval.
Maximum adult weight is 20 pounds.
One pet allowed per household.
Pet deposit is $250.Availability and pricing are subject to change dailyEQUAL HOUSING OPPORTUNITY2FC80CD641C740"	https://seattle.craigslist.org/see/apa/d/seattle-this-place-will-feel-like-home/7694432860.html
7697822973	Convenient full size washer/dryer in your new 1 bed, 1 bath!	1675	south seattle	blacklisted_description	Seattle	(47.564714, -122.313561)	False	"Harlow Heights Apartments Leasing Office:  4351 15th Ave S Seattle, WA 98108 show contact info
Take a look at what Harlow Heights Apartments has to offer! Welcome home to Harlow Heights. A contemporary community in the heart of Seattle, Washington. Our prime location places you near Lake Washington, Jefferson Park Golf Course, and Interstate 5. Enjoy easy access to shopping, family eateries, local shops, and entertainment hots spots.

Schedule a Tour: http://www.harlowheights.com/?utm_knock=cl&doorway=scheduleRental Information: 1 Bedroom / 1 Bathroom / 520 - 524 sq ft / $1675/Month  Lease Terms: 6-Month, 7-Month, 8-Month, 9-Month, 10-Month, 11-Month, 12-MonthApartment Amenities:− Cable Ready− Disability Access− Dishwasher− Disposal− High Speed Internet Access− Microwave− Refrigerator/Freezer− Storage Units− Vinyl Flooring− Window Coverings− All-electric Kitchen− Balcony or Patio in Select Homes− Breakfast Bar in Select Homes− Central Air and Heating− Double Pane Windows− Double Vanities− Island Kitchen− Massive Windows− Views Available− Walk-in Closets in Select UnitsAdditional Information:− Controlled Access− Courtyard− Gated Access− Concierge− Elevator− Sundeck Leasing Hours: Mon - Fri: 9:00 AM - 5:00 PMOffice not on site. show contact info
Pet Policy: Pets Welcome Upon Approval.
Maximum adult weight is 20 pounds.
One pet allowed per household.
Pet deposit is $250. Website: http://www.harlowheights.com/?utm_knock=cl Availability and pricing are subject to change daily EQUAL HOUSING OPPORTUNITY2FC80CD641C740"	https://seattle.craigslist.org/see/apa/d/seattle-convenient-full-size-washer/7697822973.html
7699028349	Simply stunning garden-style 1 Bed / 1 Bath in Seattle	1765	seattle	blacklisted_description	Seattle	(47.73182, -122.296413)	False	"3030 Lake City 3030 NE 143rd St Seattle, WA 98125 2 weeks off if you move in by December 20th!Unit Information: 1 Bedroom | 1 Bath  Unit Size: 731 sq ft  Monthly Rent: $1765 Lease Terms: 6-Month, 7-Month, 8-Month, 9-Month, 10-Month, 11-Month, 12-Month Unit Includes:✓ Cable Ready✓ Carpet✓ Heating✓ High Speed Internet Access✓ Linen Closet✓ Over-sized Windows✓ Range✓ Recycling✓ Refrigerator/Freezer✓ Separate Dining Areas in Select Units✓ Breakfast Bar in select homes✓ Dishwasher & Disposal✓ Eat-in Kitchen✓ Efficient Stainless Steel Appliances✓ Faux Wood Flooring✓ Private Patio or Balcony✓ Quartz Countertops✓ Storage Space in Select Units✓ Walk-In Closets in Select Units✓ Washer/dryer In Select HomesProperty Description: 3030 Lake City offers studio, one- and two-bedroom apartment homes with a certified Green renovation offering energy efficient improvements, reduced utility bills and improved building performance. Residents enjoy beautiful kitchens with quartz countertops, new shaker-style cabinets, stainless steel appliances, wood-style flooring throughout the kitchen and living room, washer and dryers in select homes, and designer carpet in the bedrooms. Community amenities include our dog run, luxury style outdoor lounge with gas barbecues and a fire pit. Stop by for a tour and see why 3030 Lake City is a fantastic place to call home.Property Amenities: ✓ Courtyard✓ Laundry Facilities✓ Maintenance on site✓ Renters Insurance Program✓ Reserved Parking✓ Smoke Free✓ Dog Run With Wash Station✓ Fire Pit✓ Green Building✓ Online Services✓ Outdoor Lounge With Gas BBQ✓ Package Concierge✓ Walking Distance To Bus Lines Website: https://www.3030lakecity.com?rcstdid=MzM=-dkCsfkCKtXI=Call us today!  show contact info
Mon - Fri: 9:00 AM - 6:00 PMPet Ownership Policy: 2 pets per apartment home 
- $50 pet rent per pet 	
- $200 refundable deposit per pet 
The following breed restrictions apply - Akita, Alaskan Malamute, Chow, Dalmatian, Doberman Pinscher, German Shepherd, Great Dane, Husky, Rottweiler, Saint Bernard, Wolf Dog Hybrids and all Pit Bull breeds.EQUAL HOUSING OPPORTUNITY4D82B75F61D44D"	https://seattle.craigslist.org/see/apa/d/seattle-simply-stunning-garden-style/7699028349.html
7695167933	Spacious Two-Bedroom Apartment!	2420	renton	blacklisted_description	seattle	(47.4639, -122.136702)	False	"15300 Southeast 155th Place, Renton, WA 98058Welcome to Valley SpringsValley Springs is a beautiful community offering luxurious 1, 2 and 3 bedroom apartment homes spread across 4 buildings. At Valley Springs we treat you like family - you won't just be a number to us. We take pride in our apartment homes, the community, and our hospitality services and it shows! Call or drop-in to tour an apartment home and our beautifully landscaped grounds. We look forward to making Valley Springs your new place to call home!Unit Amenities:DishwasherMicrowaveFull size washer/dryer in every home.Tons of gorgeous maple wood kitchen cabinets.Romantic, electric fireplace with tile hearth.Gorgeous roman soaking tub.Plenty of closet space.Storage room on your patio/deck.All homes are pre-wired for cable, phone, and internet.Patio/Balcony*In Select HomesCommunity Amenities:PlaygroundCourtyardPremium LocationOutdoor Lover's DreamCommuter's ParadiseBBQCall:  show contact info
For more information, visit us at: https://livecushwake.com/rnefpwxi/valley-springs-apartments*Equal housing opportunity*"	https://seattle.craigslist.org/see/apa/d/renton-spacious-two-bedroom-apartment/7695167933.html
7700498097	Must see! 2BR/2BA apt, Wood-burning fireplace, Situated in Bellevue	2395	redmond	blacklisted_description	Redmond/Bellevue/Microsoft	(47.641477, -122.144477)	False	"Our Bellevue apartments and town homes – adjacent to Goldsmith Park and directly across the street from the Microsoft campus – are surrounded by lush landscaping and soaring trees, feeling as if you are in the secluded country. But with businesses, great shopping and dining close by in downtown Redmond and at Redmond Town Center, you never feel far from anything. Each apartment home provides spacious floor plans, modern kitchens, designer touches, and plenty of storage. Enjoy fabulous amenities as well, including outdoor pools, fitness centers and business lounge.This apartment features:NEW! balcony with BONUS storage closetLocated on top floorOpen concept living, dining and kitchenSpacious BathroomsWood-style flooringConvenient full-size washer and dryer insideWood-burning fireplacePhotos in ad may not be of actual apartment, however we try our best to use photos similar to the floor plan.Come Visit us!Redmond Park Apartments14700 NE 35th StBellevue, WA 98007https://livecreativejuices.com/gwzmcwie/redmond-park-apartmentsContact us today to schedule a tour! Call  show contact info
Office Hours Tuesday - Friday 10:00 am - 6:00 pmSaturday 10:00 am - 4:00 pmClosed Sunday & MondayPhotos in ad may not be of actual apartment, however we try our best to use photos similar to the floor plan.related search terms :::: bellevue, downtown redmond, redmond park, redmond town center, over lake mall, crossroads mall, bellevue square, goldsmith park, lake sammamish, lake washington, marymoor park, bellevue municipal golf course, burke-gillman trail, bellevue college, digipen institute of technology, lake washington technical college, bellevue school district, highway 520, microsoft shuttle, microsoft campus"	https://seattle.craigslist.org/see/apa/d/bellevue-must-see-2br-2ba-apt-wood/7700498097.html
7699398209	Pet friendly community in Seattle! 1 BD / 1 BA *One Month Free Rent*	1695	burien	blacklisted_description	Seattle/Burien	(47.494667, -122.333917)	False	"Alcove Leasing Office:  12037 1st Ave S Seattle, WA 98168 show contact info
Take a look at what Alcove has to offer! Come home to the lifestyle you have been searching for at The Alcove Apartments in Burien, Washington. Our pet-friendly community is perfectly situated walking distance to downtown Burien and 15 minutes from downtown Seattle giving you easy access to shopping, entertainment, and the Puget Sound waterfront nearby. In addition, there are numerous parks and trails, all close by. Come see for yourself why The Alcove Apartments should be your next new home.

Schedule a Tour: https://www.liveatalcove.com/?utm_knock=cl&doorway=scheduleRental Information: 1 Bedroom / 1 Bathroom / 660 sq ft / $1695/Month  Lease Terms: 6-Month, 7-Month, 8-Month, 9-Month, 10-Month, 11-Month, 12-MonthApartment Amenities:− Balcony or patio− Cable ready− Carpeted floors− Refrigerator− In Unit Washer & Dryer− Quartz countertops in Select Homes− Stainless Steel Appliances− Vinyl FlooringAdditional Information:− Covered parking− Public Transportation− Secure building access− Easy access to public transportation− Easy access to shopping− Luxor package lockers-Coming soon Leasing Hours: Mon: 9:00 AM - 5:00 PMTue - Fri: 9:00 AM - 6:00 PMSat: 10:00 AM - 6:00 PMAppointment Only show contact info
Pet Policy: Pets are Welcome Upon Approval. Please call the office for details. Website: https://www.liveatalcove.com/?utm_knock=cl Availability and pricing are subject to change daily EQUAL HOUSING OPPORTUNITYC608C7F0825441A"	https://seattle.craigslist.org/see/apa/d/seattle-pet-friendly-community-in/7699398209.html
7700742180	2 Bedroom 1 Bathroom apartment Home! One Month Free Rent!	1995	burien	blacklisted_description	Seattle/Burien	(47.494696, -122.333928)	False	"AlcoveRENT: $1995 / MONTH SIZE: 883 sq ft  BEDROOMS: 2 BATHROOMS: 1 LEASE TERMS: 6-Month, 7-Month, 8-Month, 9-Month, 10-Month, 11-Month, 12-Month show contact info
UNIT FEATURES:   ● Balcony or patio● Cable ready● Carpeted floors● Refrigerator● In Unit Washer & Dryer● Quartz countertops in Select Homes● Stainless Steel Appliances● Vinyl FlooringCome home to the lifestyle you have been searching for at The Alcove Apartments in Burien, Washington. Our pet-friendly community is perfectly situated walking distance to downtown Burien and 15 minutes from downtown Seattle giving you easy access to shopping, entertainment, and the Puget Sound waterfront nearby. In addition, there are numerous parks and trails, all close by. Come see for yourself why The Alcove Apartments should be your next new home.

Schedule a Tour: https://www.liveatalcove.com/?utm_knock=cl&doorway=schedulePROPERTY FEATURES: ● Covered parking● Public Transportation● Secure building access● Easy access to public transportation● Easy access to shopping● Luxor package lockers-Coming soon PET POLICY: Pets are Welcome Upon Approval. Please call the office for details.VISIT OR CALL US TODAY!  12037 1st Ave SSeattle, WA 98168 show contact info
 Website: https://www.liveatalcove.com/?utm_knock=cl Availability and pricing are subject to change dailyEQUAL HOUSING OPPORTUNITYEFAF494B822646D"	https://seattle.craigslist.org/see/apa/d/seattle-bedroom-bathroom-apartment-home/7700742180.html
7703262127	The Perfect Location! Open 1 Bedroom with Easy Access to Everything!	2225	capital hill	blacklisted_description	seattle	(47.61633, -122.308397)	False	"1 bedroom | 1 bath | 659 square feetInterested in more information? Visit link below:https://blantonturner.touraptnow.com/9h7v84Your journey starts here.Call Now -  show contact info
 x 326OR Text 326 to  show contact info
 to text us. Community Info:When it comes time to find your new place to land, touch down at Lawrence Lofts! Make leaving home a little harder by enjoying our high ceilings, oversized windows, and open interiors. Minimal walls and tall ceilings maximize the sensation of spaciousness. Hone your home chef potential in sleek updated kitchens with convenient stainless-steel appliances, granite countertops, under cabinet lighting, and European-inspired cabinetry. Concrete floors make cleaning a breeze and ensures you never hear a peep from your upstairs neighbors. Things don't end with the apartments! Lawrence Lofts offers a fantastic community as well! Immerse yourself in a true PNW Seattle experience with curated projector videos on every floor. Host with half the hassle with a fully equipped, professionally cleaned guest suite. No more couch surfing, our suite is more affordable than any hotel! Barbeque tastes better when you're enjoying cascade mountain views from our reservable rooftop amenity space. Fur babies are family. All breeds and sizes are allowed with NO pet deposits! And more is just outside your door. Conveniently located only blocks from the Pike/Pine Corridor of Capitol Hill, Lawrence Lofts is hyper-connected. Explore the neighborhood with ease. A local walk score of 94 means all the area has to offer is at your fingertips. Come check out Lawrence Lofts today and see why it is the PERFECT place to call your next home! Residence Features: ✩  Glass-front Cabinets Inspired by European Design ✩  High Ceilings ✩  Deep Tubs ✩  Tile or Concrete Flooring in Living Areas ✩  Decks, Patios, and Rooftop Terraces* ✩  Floor-to-ceiling Windows ✩  Fireplaces ✩  Front-load Washer and Dryers ✩  Granite Countertops ✩  Tile Showers ✩  Stainless Steel Appliances ✩  Dishwashers ✩  Microwaves ✩  Under Cabinet Lighting ✩  Garbage Disposals ✩  Bottom-load Freezers*Included for Some Floor PlansCommunity Features: ✩  Pet Friendly ✩  Convenient Neighborhood ✩  WalkScore of 94 ✩  Rooftop View Deck ✩  Green Spaces Nearby ✩  On-site Retail Spaces ✩  Guest Suite ✩  Virtual Concierge ✩  Professional-grade BBQsPet Policy:Pets are part of the family! We conduct individual pet interviews for our furry residents without breed or size restrictions. Once they’re here, walks at Cal Anderson, Mill, and Seven Hills park are easy to sneak in (under a half-mile away). Office Hours:Monday-Saturday: 9:00AM-6:00PMEqual Housing OpportunityBN4qR5TUqseR"	https://seattle.craigslist.org/see/apa/d/seattle-the-perfect-location-open/7703262127.html
7702135301	Best view in SLU, Corner Unit, 6 Weeks Free!	2580	seattle	blacklisted_description	Seattle	(47.624691, -122.330549)	False	"624 YaleRENT: $2580 / MONTH SIZE: 819 sq ft  BEDROOMS: 1 BATHROOMS: 1 LEASE TERMS: 6-Month, 7-Month, 8-Month, 9-Month, 10-Month, 11-Month, 12-Month6-weeks free on select homes, lease terms, and restrictions apply. Contact our office to book your tour today!UNIT FEATURES:   ● Balcony Or Private Terrace in Select Units● Breakfast Nook● Cable Ready/High Speed Internet Access● Dining Room● Dishwasher● Heating● Linen Closet● Microwave● Open Layouts With Exposed Concrete● Pantry● 80% Solar Blackout Shades● 9.5' Or Better Ceiling in Select Units● Designer open alcove, display shelving● Double and Triple-Paned Windows and Superior Sound Insulation in Select Units● GE Stainless steel appliances● In Unit Washer & Dryer● Island Kitchen● Large Bedrooms● Quartz Countertops● Soft-Close Kitchen Cabinets624 Yale offers numerous, spacious and nicely-appointed floor plans to choose from, you are sure to find a home suited to your taste on South Lake Union.PROPERTY FEATURES: ● 100% Smoke Free Community● 24 Hour Availability● Bike Loan, Storage & Workshop Space● Clubhouse/Conference Room/Game Room● Fitness Center● Grill/Picnic Area● Maintenance on site● Overhead Storage● Recycling● Sprinkler System● Bike Loan, Storage & Workshop Space● Controlled Access● Corporate Suites● Intercom● Lake Access● Online Services● Package Service● Planned Social Activities● Speakeasy Den For Small Gatherings● Two Rooftop Venues PET POLICY: We allow two (2) pets max per household. Please contact the leasing office for more information on pet deposits, fees and rent. For complete Breed Restrictions, please see the link in the Important Links section on our property website.VISIT OR CALL US TODAY!  624 Yale Ave NSeattle, WA 98109 show contact info
 Website: https://home.securityproperties.com/624yale/?utm_source=craigslist EQUAL HOUSING OPPORTUNITY4E3AB395AA9B425"	https://seattle.craigslist.org/see/apa/d/seattle-best-view-in-slu-corner-unit/7702135301.html
7697788450	Where life meets limitless possibilities: Explore our spacious 1 BR.	1699	burien	blacklisted_description	Burien	(47.4441, -122.3249)	False	"Wellington Place show contact info
  Unit Details: 1-BR 1-BA | Square Footage: 720 sq ft | Rental Rates: $1699/Month! Lease Length: CallApartment Features:✓ Carpet✓ Ceiling Fans in Select Units✓ Dining Room✓ Dishwasher✓ Disposal✓ Oven✓ Refrigerator✓ Window Coverings✓ Balcony or Patio✓ Fireplace✓ Heating✓ Individual Climate Control✓ Vaulted Ceilings in Select Units✓ Walk-in Closets in Select Units✓ Washer and Dryer in HomeAbout Our Community:Wellington Place is proud to offer eight-floor plans with one, two, and three-bedroom apartments for rent. Our unique and spacious floor plans were designed with your comfort and convenience in mind. Your new home will include a balcony or patio, ceiling fans, individual climate control, window coverings, and an in-home washer and dryer. We are a pet-friendly community and welcome your entire family.Wonderful Amenities:✓ Clubhouse✓ Courtesy Patrol✓ Covered Parking✓ Fitness Center✓ Maintenance on site✓ Smoke Free✓ Wheelchair Accessible (Rooms)✓ Easy Access to Public Transportation✓ Fantastic Schools Nearby✓ Great Commuter Routes✓ Minutes to Shopping✓ Online Resident Services✓ Seasonal Outdoor Swimming Pool✓ Storage Units Contact Information:Address: 327 S 177th Pl Burien, WA 98148  show contact info
 Website: https://www.wellingtonplaceapartments.com/?utm_knock=clPet Policy: Pets Welcome Upon Approval. Breed restrictions apply. Limit of 2 pets per home. Maximum adult weight is 35 pounds. 
Pet deposit is $200 per pet. 
The non-refundable pet fee is $200 per pet.EQUAL HOUSING OPPORTUNITYAE850EF2E07B45CA"	https://seattle.craigslist.org/see/apa/d/seattle-where-life-meets-limitless/7697788450.html
7697204450	Everything you want and MORE! 984 sq ft 2 bed, 2 bath available!	1995	burien	blacklisted_description	Burien	(47.444753, -122.331022)	False	"Welcome to Wellington Place!327 S 177th Pl Burien, WA 98148Rental Size: 2 BR - 2 BA - 984 sq ft | Per Month: $1995 | Lease Length: Call show contact info
Our residents enjoy some of the best community amenities in the business. Relax in our fabulous clubhouse or cool off after a long day in our seasonal outdoor swimming pool. There is something for everyone here like our courtesy patrol, covered parking, online resident services, and spectacular skyline views. Come let the staff at Wellington Place pamper you in your new home.  Our community features:   ◾ Clubhouse◾ Courtesy Patrol◾ Covered Parking◾ Fitness Center◾ Maintenance on site◾ Smoke Free◾ Wheelchair Accessible (Rooms)◾ Easy Access to Public Transportation◾ Fantastic Schools Nearby◾ Great Commuter Routes◾ Minutes to Shopping◾ Online Resident Services◾ Seasonal Outdoor Swimming Pool◾ Storage Units  Our unit features: ◾ Carpet◾ Ceiling Fans in Select Units◾ Dining Room◾ Dishwasher◾ Disposal◾ Oven◾ Refrigerator◾ Window Coverings◾ Balcony or Patio◾ Fireplace◾ Heating◾ Individual Climate Control◾ Vaulted Ceilings in Select Units◾ Walk-in Closets in Select Units◾ Washer and Dryer in Home   Contact us for more information! --  show contact info
 --Our Pet-Policy: Pets Welcome Upon Approval. Breed restrictions apply. Limit of 2 pets per home. Maximum adult weight is 35 pounds. 
Pet deposit is $200 per pet. 
The non-refundable pet fee is $200 per pet.Website: https://www.wellingtonplaceapartments.com/?utm_knock=clEQUAL HOUSING OPPORTUNITY5DB40D8D94A34767"	https://seattle.craigslist.org/see/apa/d/seattle-everything-you-want-and-more/7697204450.html
7702145522	Zero Deposit Community @ Sigpointe Apartments!	1838	seattle	blacklisted_description	25102 62nd Avenue South, Kent, WA	(47.3776, -122.2854)	False	"25102 62nd Avenue South, Kent, WA 98032Signature Pointe Apartments lies alongside the Green River in Kent and is surrounded by tall evergreen trees. The community offers many amenities for residents to enjoy year-round, from outdoor tennis courts, playgrounds, and fire pits, to indoor fitness centers and pools. You'll always find something to keep you busy here at Signature Pointe.Apartment Features:Top Floor Units Feature 19-ft CeilingsSeparate Dining RoomWood Burning FireplaceDouble SinksBuilt-In BookshelvesOver-sized Walk-In ClosetsCommunity Features:Outdoor BBQs & FirepitsQuick Access to Major FreewaysTranslation Service AvailableFully Equipped Fitness CenterZero Deposit CommunityFlexible Monthly Payments with Flex RentCall:  show contact info
For more information, visit us at: https://gre-apartments.com/fbzf3ywr/signature-pointePlease leave your name and contact number when replying to this posting.*Pricing and availability are subject to change daily. Photos may not be of the exact advertised unit. Please contact us today for the most up to date information!"	https://seattle.craigslist.org/see/apa/d/seattle-zero-deposit-community/7702145522.html
7700384353	Need a rest? Relax in our quiet community! 3 Bed / 2 Ba / 1330 SqFt	3150	seattle	blacklisted_description	Seattle	(47.4924, -122.2359)	False	"Rainier View Homes - A place to call home! Bed: 3 / Bath: 2  Sq. Footage: 1330 sq ft Rent: $3150/MonthTerms: 12-Month show contact info
 The Rainier View Homes is a newly-built development, featuring 11 detached cottage-style units, all designed with the environment in mind. Currently underway to be certified 4-Star Built Green and solar-ready. Each home features an open concept floor plan, large windows for natural light, and engineered wood floors. Beautiful kitchens built with contemporary cabinetry, quartz countertops, and stainless steel appliances. Other unit features include a washer/dryer, air conditioning, spacious patios, and plenty of storage. Property amenities include a community park and 22 parking spaces.6 Weeks free - Call us today! - 3 bedroom 2 bathroom at Rainier View Homes!3 bd, 2 ba | Available NowThe Rainier View Homes is a newly-built development, featuring 11 detached cottage-style units, all designed with the environment in mind.3 Bedroom 2 Bathroom Home ready end of January! 1330 square feet - 2 Stories$3150.00 + $200 sewer and garbage*resident is responsible for their own electric and water bill Move In Special - Move In with a 18-month lease and get 2 months free rent! Move in with a 12-month lease and get 1-month free rent!Take your 3D tour here - https://my.matterport.com/show/?m=UUH8KN5ofHt&brand=0UNIT FEATURES:HIGH CEILINGSLARGE WINDOWSOPEN FLOORPLANSWASHER/DRYER IN UNITAIR CONDITIONINGCONTEMPORARY CABINETRYQUARTZ COUNTERTOPS STAINLESS STEEL APPLIANCESSTORAGEPRIVATE BALCONIESCOMMUNITY FEATURES:BUILT IN 2019ON-SITE PARKINGCOMMUNITY PARKPET FRIENDLYSMOKE FREEWe have side street parking for guests as wellApply now - https://www.iconre.org/apply-nowAmenitiesAssigned ParkingCommunity ParkRental TermsRent: $3,150Application Fee: $62Security Deposit: $600Available NowPet PolicyCats allowedDogs allowedOur Apartment Homes Feature:   Our Residents Enjoy:  ● Courtyard● Garden● Porch● Public Transportation● Spa● Sprinkler System● Individual Locking Bedrooms● Private BathroomContact Info: show contact info
 6017 South 127th Lane - #10 Seattle, WA 98178 Website: https://www.iconre.org/rainierviewhomesTue - Fri: 9:00 AM - 6:00 PMSat: 10:00 AM - 5:00 PM Pets:  EQUAL HOUSING OPPORTUNITY92A99F8E218C430"	https://seattle.craigslist.org/see/apa/d/seattle-need-rest-relax-in-our-quiet/7700384353.html
7694777369	2 Bed / 2 Bath. We welcome your pets! Ask about our pet policy!	2495	belltown	blacklisted_description	Seattle - Belltown	(47.58392, -122.328937)	False	"Welcome to The Shelby Rental Information  Pricing: $2495 - $2534/Month | 2 Bedroom 2 Bath | 969 sq ftLease Term: Variable, Monthly show contact info
Apartment Amenities   ◾ Cable Ready◾ Ceiling Fans◾ Den in Select Units◾ Dining Room◾ Dishwasher◾ Disposal◾ Heating◾ Microwave◾ Range◾ Wi-Fi◾ Carpeted Floors◾ Eat-in Kitchen◾ French Doors in Select Units◾ Granite Countertops◾ Hardwood Floors◾ High Speed Internet Access◾ Refrigerator◾ Walk-In Closets◾ Washer and Dryer in Home◾ Window CoveringsCommunity Features  ◾ Bike Racks◾ Clubhouse◾ Courtyard◾ Elevator◾ Extra Storage◾ Lounge◾ Package Service◾ Sundeck◾ Butterfly MX Video Callbox◾ Conference Center with Wi-Fi◾ Controlled Access◾ Controlled Access Gates◾ Health Club Discount◾ Laundry Facilities◾ Luxer One Package Lockers◾ Maintenance on site◾ Picnic Area With Barbecue◾ State-of-the-art Fitness CenterAbout CommunityDescription: Have you been looking for immaculate apartment home living in Seattle, WA? Congratulations, you've found it! The Shelby offers all the comforts of home in a pristine setting that is second to none. Our apartment community is nestled in the heart of Seattle, Washington, where everything you love is just a short drive away. We are ideally located right around the corner from local shopping, dining, and entertainment. It's time to pamper yourself with the lifestyle you deserve!

Schedule a Tour: https://www.theshelby.com/?utm_knock=cl&doorway=schedule  Location: 2201 4th Ave  Seattle, WA 98121  show contact info
Office Hours: Mon - Fri: 9:00 AM - 6:00 PMSat: 10:00 AM - 6:00 PMAdditional InformationPet Policy: Life is PAWSOME here. Relax in comfort with your furry friend at your side! Pets Welcome Upon Approval. Breed restrictions apply. Limit of 2 pets per home. Pet deposit is $250 per pet. Monthly pet rent of $50 will be charged per pet. Website: https://www.theshelby.com/?utm_knock=clAvailability and pricing are subject to change dailyEQUAL HOUSING OPPORTUNITY1CE92AC61BB644B"	https://seattle.craigslist.org/see/apa/d/seattle-bed-bath-we-welcome-your-pets/7694777369.html
7702685715	Looking for elegant, urban luxury? Come to Sheridan Beach Terrace	2100	lake forest park	blacklisted_description	Lake Forest Park	(47.741464, -122.288041)	False	"-- Sheridan Beach Terrace -- show contact info
 Monthly Rent:  $2100 - $2300 Apartment: 2 Bedroom | 1 Bathroom  Square Footage:  910 sq ft The nearby Ballards Farmers Market is a local favorite, or you can enjoy some time in Ballard Park. As for our apartment homes, we offer variously sized homes from 1- to 3 bedrooms. These units feature stunning amenities, including quartzite countertops. large sliding glass doors, and other window features that invite in natural light at every opportunity.

We also offer several other amenities to provide a place to call home. Schedule a tour today and find out why the Sheridan Beach Terrace apartments are calling you home!

Schedule a Tour: https://liveatsheridanbeachterrace.com/?utm_knock=cl&doorway=schedulePet Policy: Please ask management for details regarding our pet policies. 2 pet maximum per household. No aggressive breeds. Weight limit of 70 lbs.Check out our beautiful community featuring: − Community Garden− Community Grill− Dog Park− Elevator− Lake Washington Views− Maintenance on site− Recycling− Rooftop Terrace− Smoke Free− Sundeck− Credit Builder Program− Picnic Area/Grilling Station− Planned Social Activities− Public Transportation− Renters Insurance Program− Rooftop Terrace− Storage Space− Trash Pickup - Door to Door− WaterfrontApartment features include:  − Balcony/Patio− Balcony/Patio− Ceiling Fans− Ceiling Fans− Den− Den− Dishwasher− Dishwasher− Oven/Range− Tub/Shower− Double Pane Windows− Heating− Large Bedrooms− Large Floor To Ceiling Closets− Modern Cabinetry− Natural Lighting− Quartz Countertops− Stainless Steel Appliances− Wood-style Plank Flooring− Wrap Around Balcony'SPhone:  show contact info
Mon - Thu: 9:00 AM - 6:00 PMFri: 9:00 AM - 4:00 PMSat: 10:00 AM - 3:00 PMSundayClosed.  Website: https://liveatsheridanbeachterrace.com/?utm_knock=cl15530 Bothell Way NE Lake Forest Park, WA 98155Lease Terms: Variable, 12-MonthEQUAL HOUSING OPPORTUNITY8171D298507647A"	https://seattle.craigslist.org/see/apa/d/seattle-looking-for-elegant-urban/7702685715.html
7699460041	For an easy commute by bus, come home to Sheridan Beach Terrace	2100	lake forest park	blacklisted_description	Lake Forest Park	(47.741464, -122.288041)	False	"Sheridan Beach Terrace Bedroom: 2 | Bathroom: 1Square Footage: 910 sq ftMonthly Rent: $2100 - $2300 show contact info
  Community Description  Spend your day experiencing fresh food from the local Ballard farmers market, or explore Hamlin Park. In our area, you will find plenty of open trails, playgrounds, and outdoor adventures. There is truly something for everyone to enjoy at Sheridan Beach.

Schedule a Tour: https://liveatsheridanbeachterrace.com/?utm_knock=cl&doorway=schedule    Community Amenities❖ Community Garden❖ Community Grill❖ Dog Park❖ Elevator❖ Lake Washington Views❖ Maintenance on site❖ Recycling❖ Rooftop Terrace❖ Smoke Free❖ Sundeck❖ Credit Builder Program❖ Picnic Area/Grilling Station❖ Planned Social Activities❖ Public Transportation❖ Renters Insurance Program❖ Rooftop Terrace❖ Storage Space❖ Trash Pickup - Door to Door❖ WaterfrontUnit Features❖ Balcony/Patio❖ Ceiling Fans❖ Ceiling Fans❖ Den❖ Den❖ Dishwasher❖ Oven/Range❖ Oven/Range❖ Tub/Shower❖ Tub/Shower❖ Heating❖ In Unit Washer & Dryer❖ Large Bedrooms❖ Large Floor To Ceiling Closets❖ Modern Cabinetry❖ Natural Lighting❖ Stunning Views❖ Three Panel Sliding Doors❖ Wood-style Plank Flooring❖ Wrap Around Balcony's  Contact InformationVisit Us: 15530 Bothell Way NE Lake Forest Park, WA 98155 show contact info
 Hours: Mon - Thu: 9:00 AM - 6:00 PMFri: 9:00 AM - 4:00 PMSat: 10:00 AM - 3:00 PMSundayClosed.  Website: https://liveatsheridanbeachterrace.com/?utm_knock=cl   Additional DetailsPet Policy: Please ask management for details regarding our pet policies. 2 pet maximum per household. No aggressive breeds. Weight limit of 70 lbs.Lease Terms: Variable, 12-Month Price is subject to change without prior noticeEQUAL HOUSING OPPORTUNITY8171D298507647A"	https://seattle.craigslist.org/see/apa/d/seattle-for-an-easy-commute-by-bus-come/7699460041.html
7701380211	Now showing! Gorgeous 924 Sq Ft 1 bed, 1 bath! Wonderful deal!	2345	central district	blacklisted_description	Seattle	(47.59922, -122.308936)	False	"1 Bedroom  1 Bathroom | 924 sq ft | $2345 - $2725/Month Pratt Park Apartments1800 S Jackson St Seattle, WA 98144 show contact info
Description: Our stylish touches and trendy design are sure to wow you. To further elevate your standard of living, check out our assortment of amenities including a spacious 24-hour fitness center, dog washroom, theater room, package services, business center, posh community spaces and rooftop terraces with amazing views. Move-in day is just around the corner! Apartment Amenities:❖ Freezer❖ Garden❖ Heating❖ Ice Maker❖ Loft Layout❖ Oven❖ Pantry❖ Range❖ Views❖ Wi-Fi❖ In Unit Washer & Dryer❖ Internet/Cable Ready❖ Patio/Balcony❖ Refrigerator❖ Stainless Steel Appliances❖ Subway Tile Backsplash in Kitchen in select homes❖ Surround Sound❖ Undermount Sinks❖ Wheelchair Access❖ Window CoveringsOur Residents Enjoy:❖ Courtyard❖ Disposal Chutes❖ Dog Wash Room❖ Easy Highway Access❖ Grocery Service❖ NightPatrol❖ On-Site Retail❖ Package Service❖ Self-Guided Tours❖ Smoke Free❖ Close to public transportation❖ Community Clubroom with Fireplace, Big Screen TV❖ Controlled Access Gated Community❖ Dry Cleaning Service❖ Media Center/Movie Theatre❖ Relaxing Courtyard with Custom Water Feature❖ Rooftop Firepit Lounge❖ Short Term Lease Options Available❖ Views of Puget Sound❖ Walking/Biking TrailsAdditional Details:Deposit: $500Terms: 6-Month, 7-Month, 8-Month, 9-Month, 10-Month, 11-Month, 12-Month, 13-Month, 14-MonthPets: Pratt Park Apartments is a pet friendly community. We allow two (2) pets max per household with a maximum weight of 80 lbs full grown. $25/pet, pet rent per month $200 pet deposit. Breed Restrictions apply.Up to 8 weeks free on select studio apartments; Up to 6 weeks free on select 1- & 2-bedroom apartments! Lease terms and restrictions apply. Contact the leasing office for more information!Website: https://home.securityproperties.com/prattpark/?utm_source=craigslistEQUAL HOUSING OPPORTUNITY301026C5C8B840"	https://seattle.craigslist.org/see/apa/d/seattle-now-showing-gorgeous-924-sq-ft/7701380211.html
7701437397	Don't miss out! Incredible move in deal on this 1 bed 1 bath!	2670	central district	blacklisted_description	Seattle	(47.59922, -122.308936)	False	"Pratt Park ApartmentsLocated at: 1800 S Jackson St Seattle, WA 98144Featured unit: 1 bed | 1 bath | 717 sq ft Prices start at: $2670 - $3320/month Call Today!  show contact info
 Pratt Park Apartments is conveniently located in the heart of the Central District, a neighborhood dotted with boutique shops, quaint coffee spots, and local parks! Situated just off Downtown Seattle, we are minutes to an array of options.Wonderful Amenities!− Clubhouse− Composting− Conference Room− Courtesy Patrol− Dog Wash Room− Easy Highway Access− Elevator− Grocery Service− Lounge− Roof Terrace− Access to Large City Park− Additional Storage Units Available− BBQ Grill Lounge with Outdoor Covered TV− Built Green - 3 Star Certification− Controlled Access Gated Community− Dry Cleaning Service− Easy Access to Public Transit− Media Center/Movie Theatre− On-site Maintenance/Management− Views of Mt. RainerApartment Features!− Den− Dining Room− Dishwasher− Disposal− Heating− Ice Maker− Kitchen− Loft Layout− Microwave− Tub/Shower− Expansive Dual Tilt and Turn, High Efficiency Windows− Fireplace in Select Homes− Granite Countertops− Hardwood Floors in Select Homes− Patio/Balcony− Refrigerator− Security System− Stainless Steel Appliances− Storage Units− Walk-In Closets in select homes Up to 8 weeks free on select studio apartments; Up to 6 weeks free on select 1- & 2-bedroom apartments! Lease terms and restrictions apply. Contact the leasing office for more information!Hours: Mon - Thu: 10:00 AM - 6:00 PMFri - Sat: 10:00 AM - 5:00 PM Website: https://home.securityproperties.com/prattpark/?utm_source=craigslistTerms: 6-Month, 7-Month, 8-Month, 9-Month, 10-Month, 11-Month, 12-Month, 13-Month, 14-MonthPet Policy: Pratt Park Apartments is a pet friendly community. We allow two (2) pets max per household with a maximum weight of 80 lbs full grown. $25/pet, pet rent per month $200 pet deposit. Breed Restrictions apply.EQUAL HOUSING OPPORTUNITY7BC46396A54E41"	https://seattle.craigslist.org/see/apa/d/seattle-dont-miss-out-incredible-move/7701437397.html
7700473143	Quartz Countertops, Microwave, Paw Spa	2740	queen anne	blacklisted_description	315 1st Ave N, Seattle, WA	(47.621148, -122.355709)	False	"To schedule a tourWe now book our tour appointments online! Please call or text us at  show contact info
 to self-schedule from your phone! Book your appointment online today or anytime 24/7!Property DescriptionIn an effort to provide the best customer experience, we are now offering in person tours and walkins! Contact us today to schedule your personalized experience!Located in the heart of Lower Queen Anne, Astro offers a 95 walk score so you can commute to your South Lake Union or Downtown job in a matter of minutes without the hustle and bustle of the congested streets. You'll find access to grocery stores such as Metropolitan Market and Safeway within blocks.  Coffee shops, restaurants, bars and plenty of shopping is all around you and the new Climate Pledge Arena hosts free festivals and events most weekends offering up incredible entertainment and food for you and your friends to enjoy! Transit is right outside your doorstep, and you'll find Metro, RapidRide, car sharing and bike sharing all available.  Getting around Seattle couldn't be easier.Once you step out on to our rooftop deck you will understand what all the hype is about. Check out 360 views of the Space Needle, Downtown Seattle, Elliott Bay, and the Olympic Mountain Range and you will be awestruck!!For more information, visit us at: https://livecushwake.com/vrtaf5it/astro-apartmentsDetailsPets: Cats, Small Dogs (< 25lb), Large Dogs (> 25lb)Pet notes: Max 2 allowed, Max weight 120 lb each. $270 pet deposit (refundable) Pet Rent: Dog - $50 Cat - $25Deposit: 25% of 1 Months RentLeasing options: 12 monthsLeasing notes: Contact us for actual terms. Deposit (refundable): 25% of 1 Month's Rent Lease terms vary depending upon availability. Leases greater than 12-month's need to be notarized before move-in.Application fee: 50.00Apartment AmenitiesQuartz CountertopsHigh-speed internetMicrowaveGE Stainless Steel Kitchen AppliancesSoft Close CabinetryDishwasherForced Air HeatingCable-readyRefrigeratorMovable Kitchen IslandAir ConditioningHardwood Laminate FlooringUSB Charging OutletsGarbage DisposalRange/OvenCommunity AmenitiesFireplaceRooftop Fire-pit24-Hour Fitness CenterBeautiful City, Mountain, & Water ViewsPaw SpaControlled accessElevatorTheatre RoomRooftop BarbequesRooftop DeskSky Lounge w/Pool TableCourtesy PatrolNon-smoking PropertyOffered by:Astro ApartmentsAstro has a Walkscore of 95!!!Walking distance to Seattle waterfront, Alaskan Way, Marriott Seattle, Edgewater, Pier 60, Amazon, Google, Microsoft, Bill Gates Foundation, Pike Place Market, SAM sculpture park, Seattle Art Museum, Seattle University, University of Washington, Lake Washington, Lake Union, West Seattle, JBLM, Boeing, Zulily, Seattle Times, Starbucks Corporate, Starbucks, Nordstrom, Bellevue, Expo, Alexan 100, LeeAnn, Ellie Passivhaus, Center Steps, Uptown, Elan, Cora, Claredon, 2nd & John, Kirkland, Harbor View medical center, Seattle Cancer Care Alliance, Seattle PD, Seattle Fire, South Lake Union, Seattle Pacific University, Facebook, Vulcan, Carnival Cruise lines, Port of Seattle, Mackay Marine, Ballard, Edmonds, Shoreline, Seattle International Airport, Alaska Airlines, Delta Airlines, FEMA, Army, Navy, Airforce, Marine Corp, Westlake Center, Seattle Aquarium, Climate Pledge Arena, Mariners, Kraken, Seattle Sounders, Seattle Seahawks, Space Needle!Equal Housing OpportunityPricing and availability are subject to change daily. Photos and floor plans may not be of the exact advertised unit. Contact us today for the most up-to-date information!"	https://seattle.craigslist.org/see/apa/d/seattle-quartz-countertops-microwave/7700473143.html
7702742367	6 Weeks Free - Apply Now: Modern Luxury Appliances, In-Home W+D	1800	greenwood	blacklisted_description	Greenwood	(47.691706, -122.356337)	False	"8612 Palatine Ave N, Seattle, WA 98103(Price reflects a 12-month lease with a start date within 7 days of the original posting date. Price is subject to change and varies depending on lease length, move-in date, and more. Visit our website for more detailed pricing information).Find substance, style, and sustainability at The Morrow, brand new luxury apartment homes in the pedestrian-friendly, vibrant neighborhood of Greenwood, Seattle. The Morrow features apartment homes with modern finishes and lavish amenities including a rooftop deck, game room, courtyard and bike storage. This pet-friendly brand new apartment community is where you want to be if you seek upscale living in a convenient location. Join the VIP list or give us a call today to learn more.Unit Amenities:Washer/Dryer In UnitClosets with built-in shelvesWindow CoveringsDark cabinets with subway tile backsplashMountain Views*Semi Private Balcony/Patios*CarpetingRefrigeratorDishwasherMicrowave*In Select HomesCommunity Amenities:Electric Car Charging StationsControlled Access BuildingControlled/Remote Garage EntryGame RoomWalking distance from Greenwood shopping, restaurants and barsClose to I-5Call:  show contact info
For more information, visit us at: https://livecushwake.com/53mwyv2g/morrow*Equal housing opportunity*"	https://seattle.craigslist.org/see/apa/d/seattle-weeks-free-apply-now-modern/7702742367.html
7703257923	Walk to SPU Furnished apartment.4 rooms free internet and utilities	2995	queen anne	blacklisted_description	North Queen Anne	(47.647942, -122.359457)	False	"Private apartment, 1/2 block to Seattle Pacific University, furnished with all amenities including appliances, coffee maker toaster, Full size Microwave, washer dryer, flat top stove. flat has 4 rooms plus Kitchen area and bathroom,
rent includes internet and all utilities, a private covered sitting space and garden area, two entrances.
no pets, no smoking 
deposit 2995 monthly rent 2995.
please text or call, no reply to emails.
phone  show contact info"	https://seattle.craigslist.org/see/apa/d/seattle-walk-to-spu-furnished/7703257923.html
7699842047	2B/2B, Vaulted Ceilings (3rd Floor Only), Walk In Closets	1704	north seattle	blacklisted_description	1020 112th St SW , Everett, WA	(47.896169, -122.248251)	False	"1020 112th St SW, Everett, WA 98204Welcome home to Timberline Court. Come and see our spacious, newly renovated apartments for rent in Everett, WA, and schedule a tour of Timberline Court Apartments. We have a wide selection of floor plans, including one- and two-bedroom apartments with plenty of room for you and yours to stretch out and relax. Each of our homes comes with a complete appliance package, including a dishwasher, range, oven, and refrigerator, wood-style flooring in common areas, carpeted bedrooms, and of course, the all-important oversized closets giving you a ton of storage space. Got a pet? Ask about our dog-friendly apartments during your tour. When residing in an apartment community, it is important that you choose the right one for your family. This will mean finding a place that offers easy access to everything you need, from shopping and dining to entertainment for young and old alike. You will find the right Everett apartments to meet your needs right here at Timberline Court. We offer a great selection of two- and one-bedroom apartment homes with everything you need, all in a great community. You can enjoy our dog park with a furred companion, take the kids to our onsite playground or enjoy easy access to Silver Lake, local restaurants, or I-5 for longer trips. One visit to our community will help you find a great selection of apartments for rent, whether you desire something for one or require space for a family. Our goal is to exceed all your expectations about apartment living by providing you with a gorgeous home that keeps you close to all you need or want while offering the peace of living outside the hubbub of city life. Whether you want pet-friendly apartments for you and a furred companion or need something larger for your family, Timberline has exactly what you desire. In one quick visit to Timberline Court Apartments in Everett, you will find a great place to live. Our homes offer you a place of peace in a hectic life. Schedule your tour now.Unit Amenities:Garbage DisposalRenovated InteriorsWood Burning Fireplaces (3rd Floor Only)Vaulted Ceilings (3rd Floor Only)PantryWalk In ClosetsDishwasherCeiling FansRefrigerator*In Select HomesCommunity Amenities:Dog ParkPlaygroundOnsite Laundry FacilityAmazon Hub LockersCall:  show contact info
For more information, visit us at: https://livecushwake.com/ei7kmqmz/timberline-court*Equal housing opportunity*"	https://seattle.craigslist.org/see/apa/d/everett-2b-2b-vaulted-ceilings-3rd/7699842047.html
7700439184	Must see 2BR 2BA apt :: Spacious plan :: Large patio :: Modern kitchen	2695	belltown	blacklisted_description	Seattle Waterfront, Belltown, Elliott Avenue	(47.612051, -122.347308)	False	"The Elliott Pointe Apartments offers unique studio, one and two bedroom floor plans to suit your desire for luxury apartment living. Our apartments feature fantastic designer-colored walls, luxury plank floor, and stainless steel kitchen appliances.This apartment features:Fireplace!Spacious pool & courtyardStainless Steel Kitchen AppliancesDesigner Surfaces & Fixtures with Luxury Plank Flooring throughoutLarge patio has sliding glass doors to both the living room and bedroom with extra outside storage unitFull-size Washer/Dryer12 month lease availablePhotos in ad may not be of actual apartment, however we try our best to use photos similar to the floor plan.Come Visit us!Elliott Pointe2226 Elliott AveSeattle, WA 98121https://livecreativejuices.com/z7itvf37/elliott-pointeContact us today to schedule a tour! Call  show contact info
Office Hours Tuesday - Saturday 9:00 AM - 6:00 PMClosed Sunday & MondayPhotos in ad may not be of actual apartment, however we try our best to use photos similar to the floor plan.related search terms ::: Elliott Bay, Pike Place Market, Seattle Waterfront, Bell Street Bridge, Belltown, Seattle Art Institute, highway 5, highway 99, Pier 66"	https://seattle.craigslist.org/see/apa/d/seattle-must-see-2br-2ba-apt-spacious/7700439184.html
7703255790	At Last, This Is What You've Been Searching For	1724	queen anne	blacklisted_description	Queen Anne, South Lake Union	(47.625593, -122.344938)	False	"708 Uptown708 6th Ave N, Seattle, WA, 98109Call Now -  show contact info
 x 39OR Text 39 to  show contact info
 to contact our leasing team.Want more info? See the link below:https://greystar.leasehomenow.com/79b855High End Lifestyle with Low Impact Living. Welcome Home!1 bedroom | 1 bath | 622 square feetFeatures: ✓  A Must See ✓  Energy Star Certified Appliances ✓  Loft, 1 & 2 BR ✓  High Ceilings and Full Windows ✓  Unique Floorplans ✓  Fully Equipped Kitchens w Dishwasher ✓  Abundant Natural Light & AC ✓  Hardwood Floors ✓  Breathtaking Views Of The City* ✓  Washer / Dryer*Select Units*Lower Utility Costs*Water Efficient FixturesCommunity Features: ✓  Great Location ✓  State-Of-The-Art Fitness Center ✓  We Look Forward To Meeting You ✓  Tour Today ✓  Garage Parking Avail ✓  EV Charging Stations ✓  Rooftop Deck w/ Sound System, BBQ, & Views ✓  Pet Friendly*LEED Certified—Constructed With Energy *Efficient Green Materials*Zero Net Carbon Footprint*Rooftop Solar PanelsCommunity Info:Live in the heart of this bustling city, surrounded by irresistible amenities and eco-friendly features. 708 Uptown Apartments brings you an engaging collection of Lower Queen Anne apartments that offer the ideal backdrop for your metropolitan lifestyle. Pets welcome!Spectacular views, entertainment, and incredible leisure spots are just some of the highlights of our community. Relax with the city as your backdrop on our splendid rooftop deck. Enjoy morning strolls along the landscaped paths or pick up your bike from our racks and go out for a ride in town. Our green building comes with every convenience you need, including a resident-only fitness center, onsite parking garage, BBQ grills on our rooftop, recycling services, and convenient freeway access. Call Today!Pet Policy:Cats and dogs are welcome. Two pets per home. Contact the leasing office for more information. Office Hours:Monday-Friday: 10:00AM-5:00PMSaturday: 11:00AM-5:00PM We do not accept Comprehensive Reusable Tenant Screening Reports as defined by and pursuant to RCW 59.18.* Floor plans are artist’s rendering. All dimensions are approximate. Actual product and specifications may vary in dimension or detail. Not all features are available in every rental home. Pricing and availability are subject to change. Rent is based on monthly frequency. Additional fees may apply, such as but not limited to package delivery, trash, water, amenities, etc. Deposits vary. Please see a representative for details.Equal Housing OpportunitySeattle apartments Uptownp9xpa4UbmHuN"	https://seattle.craigslist.org/see/apa/d/seattle-at-last-this-is-what-youve-been/7703255790.html
7694274543	Best views in town! Enjoy life in your new 2 Bed, 1 Bath! 880 Sq Ft	2035	seattle	blacklisted_description	Seattle	(47.503548, -122.33712)	False	"Garden PointeLocated at: 130 SW 112th Street Seattle, WA 98146Featured unit: 2 bed | 1 bath | 880 sq ft Prices start at: $2035/month Call Today!  show contact info
 Your search to find available apartments in Seattle, WA has led you to the right place. Just by clicking on a few buttons you will have a list of our current availabilities at your fingertips. View our photo gallery and catch a glimpse of Seattle living at its finest. 

Schedule a Tour: https://www.gardenpointeapthomes.com/?utm_knock=cl&doorway=scheduleWonderful Amenities!● 24 Hour Availability● 24-Hour Maintenance Guarantee● Courtesy Patrol● Fenced Lot● Fitness Center● Multi Use Room● Online Rent Payments● On-Site Maintenance● Recycling● TV Lounge● Access to Public Transportation● Bilingual Staff● Easy Access to Freeways● Extra Storage● Housing Vouchers Welcome● Online Resident Services● Professional Management● Recreation Room● Security System● Short-term Leasing AvailableApartment Features!● Cable Ready● Carpet● Dining Room● Disposal● Heating● Pantry● Playground● Refrigerator● Tub/Shower● Window Coverings● Balcony/Patio● Discounts Available● Fireplace● Handrails● Sparkling Pool● Vaulted Ceiling● Views● Walk-In Closets● Washer and Dryer in Home● Wheelchair Accessible (Rooms)  show contact info
Hours: Mon - Fri: 9:00 AM - 5:00 PMSaturday: By Appointment Only.  Website: https://www.gardenpointeapthomes.com/?utm_knock=clTerms: 6-Month, 7-Month, 8-Month, 9-Month, 10-Month, 12-MonthPet Policy: Pets Welcome Upon Approval.
There will be a $300.00 pet fee required for dogs and cats.
Breed restrictions apply.
Sorry, no aggressive breeds will be allowed.
Service animals are permitted.
Please call our office for more details.Availability and pricing are subject to change dailyEQUAL HOUSING OPPORTUNITYD65A431D94D44A5"	https://seattle.craigslist.org/see/apa/d/seattle-best-views-in-town-enjoy-life/7694274543.html
7697823736	Different views, different sizes, and different prices we have it all!	2035	west seattle	blacklisted_description	Seattle	(47.4995, -122.3603)	False	"Garden PointeLocated at: 130 SW 112th Street Seattle, WA 98146Featured unit: 2 bed | 1 bath | 880 sq ft Prices start at: $2035/month Call Today!  show contact info
 Built on a commitment to our residents, our exceptional standards and services will exceed your expectations. Community features include a fitness center, playground, indoor pool and spa, recreation room, TV lounge, and a clubhouse. We offer a 24-hour maintenance guarantee, covered parking, courtesy patrol, and short-term leasing is available. Call us to schedule a personal tour and let us show you why Garden Pointe Apartments is the best-kept secret in Seattle, WA!

Schedule a Tour: https://www.gardenpointeapthomes.com/?utm_knock=cl&doorway=scheduleWonderful Amenities!● 24 Hour Availability● 24-Hour Maintenance Guarantee● Cabana● Covered Parking● Fenced Lot● Fitness Center● Multi Use Room● Online Rent Payments● On-Site Maintenance● Recycling● Bilingual Staff● Corporate Suites● Discounts Available● Easy Access to Shopping● Housing Vouchers Welcome● Indoor Pool and Spa● Online Resident Services● Professional Management● Recreation Room● Security SystemApartment Features!● Carpet● Ceiling Fans● Deck● Dishwasher● Heating● Oven/Range● Pantry● Playground● Refrigerator● Tub/Shower● Balcony/Patio● Discounts Available● Double Pane Windows● Handrails● Sparkling Pool● Vaulted Ceiling● Views● Walk-In Closets● Washer and Dryer in Home● Wheelchair Accessible (Rooms)  show contact info
Hours: Mon - Fri: 9:00 AM - 5:00 PMSaturday: By Appointment Only.  Website: https://www.gardenpointeapthomes.com/?utm_knock=clTerms: 6-Month, 7-Month, 8-Month, 9-Month, 10-Month, 12-MonthPet Policy: Pets Welcome Upon Approval.
There will be a $300.00 pet fee required for dogs and cats.
Breed restrictions apply.
Sorry, no aggressive breeds will be allowed.
Service animals are permitted.
Please call our office for more details.Availability and pricing are subject to change dailyEQUAL HOUSING OPPORTUNITYD65A431D94D44A5"	https://seattle.craigslist.org/see/apa/d/seattle-different-views-different-sizes/7697823736.html
7703253286	Dog Wash Station, Controlled Access Garage, Rooftop Deck with WiFi	2250	capital hill	blacklisted_description	seattle	(47.61541, -122.317894)	False	"Sunset Electric1111 E Pine St, Seattle, WA, 98122See our property details here:https://avenue5.aptfeatures.com/0ch87hCall Now -  show contact info
 x 169OR Text 169 to  show contact info
 to text with us.Feel The Electricity - A LEED Platinum Design1 Bedroom, 1 Bath | Approximately 614 Sq. Ft.Community Info:Sunset Electric was developed with the existing character structure of the Sunset Electric Factory, an automotive building dating back to the early 1900s when the local area was known as “Auto Row.” The development of our community focused on the preservation of the unique characteristics of this automotive building.Our community exposes you to electrifying living in Downtown Seattle at our beautiful, industrial-style property. At Sunset Electric, you can enjoy vibrant amenities, like our rooftop deck, and exceptional city views from your new home. Our loft, studio, and one-bedroom apartments have roomy open floor plans and stylish features, like subway tiles, quartz countertops, and floor-to-ceiling windows.You can also enjoy being within walking distance of Capitol Hill’s lively restaurants, shopping, parks, and entertainment opportunities from your new space. Unit Highlights ✧  Large Walk-In Closets ✧  Ice Makers ✧  A Must See ✧  Vinyl Plank Flooring ✧  Subway Tiling ✧  City Views and Water Views ✧  White Quartz Countertops ✧  Open Concept Floorplans ✧  Floor-To-Ceiling Windows ✧  Stainless Steel Appliances*In Select Units*Central Heat*Courtyard Patios*Direct EntryCommunity Highlights ✧  Tour Today ✧  Dog Wash Station ✧  Controlled Access Garage ✧  Interior Open Air Courtyard ✧  Rooftop Deck with WiFi*Additional Storage Available*100% Walkscore*BBQArea*Smoke Free Building*Reserved ParkingOffice HoursTuesday-Saturday: 10:00AM-4:30PMPet PolicyWe welcome two pets per apartment home. Breed restrictions apply. Please contact leasing office for complete details. Equal Housing Opportunitysg77ShRvG6U"	https://seattle.craigslist.org/see/apa/d/seattle-dog-wash-station-controlled/7703253286.html
7702105877	Washer/Dryer, On-site parking available, Ceiling fans	3295	downtown	blacklisted_description	111 1st Avenue South, Seattle, WA	(47.6036, -122.3256)	False	"Welcome to Terry DennyThe Terry Denny Lofts & Penthouse Apartments in Downtown SeattleThe Terry Denny Apartment Building in downtown Seattle's Pioneer Square artfully combines old and new with unique live / work spaces designed for urban residents. Historic loft apartment interiors with renovated apartment building amenities feature hardwood floors, exposed brick walls, modern kitchens, and generously sized bathrooms. New construction penthouse loft apartments offer private decks with stunning views of Elliott Bay and downtown Seattle, floor-to-ceiling windows and a second level perfect for a home office or bedroom. Building amenities include affordable parking options, community roof top deck, bike storage and on-site storage units. Terry Denny Loft Apartments and Penthouse Apartments are available for rent.The Terry Denny Lofts & Penthouse Apartments are located at 111 First Avenue South in the vibrant and historic Pioneer Square neighborhood, where you’ll find a host of galleries, bookstores, boutiques, restaurants, outdoor spaces and all the amenities that downtown Seattle has to offer.Apartment Features:Washer/DryerDigital cable availableCeiling fans17 foot ceiling heightFloor-to-ceiling windowsFlexible living space with second level upstairs loftConcealed architectural lightingDesigner modern kitchens with above counter lighting, stainless steel backsplash and solid black epoxy countersSpacious white tiled baths feature built-in vanity and large above counter sink basinAppliances include dishwasher, disposal, glass-top range and washer & dryer in each unitOn-site storage units availableHardwood floors11 to 15 foot ceilingsAdditional closet and kitchen cupboard spaceLarge private decks with breathtaking water and city viewsWheelchair accessCommunity Features:On-Site ManagementAvailability 24 HoursBicycle StorageElectronic key card access to buildingOn-site parking availableOpen flexible living spacesOriginal millworkExposed brick wallsFive-panel oversized mahogany slider doorsHistoric landmark buildingAdditional parking available at nearby garage, with special discounted monthly rates for residentsStainless steel elevatorCommunity roof top deck with Elliott Bay view and gas grillGarageHistoric BuildingCall:  show contact info
For more information, visit us at: https://samis-living.com/f4jwmw7o/terry-denny*Pricing and availability are subject to change daily. Photos may not be of the exact advertised unit. Please contact us today for the most up to date information!"	https://seattle.craigslist.org/see/apa/d/seattle-washer-dryer-on-site-parking/7702105877.html
7700468386	This is the place you've been looking for! 1 BD / 1 BA!	1675	south seattle	blacklisted_description	Seattle	(47.564714, -122.313561)	False	"Harlow Heights Apartments 4351 15th Ave S Seattle, WA 98108  show contact info
 . . . . . . . . . . . . . . . . . . . . . . . . . . . . . . . . . . . . . . . . . . . . . . . . . . . . . . . . . . . . . . . . . . . . . . . . . . . . Rental Size:  1 BR - 1 BA - 520 - 524 sq ft  Per Month: $1675  Lease Length: 6-Month, 7-Month, 8-Month, 9-Month, 10-Month, 11-Month, 12-Month  . . . . . . . . . . . . . . . . . . . . . . . . . . . . . . . . . . . . . . . . . . . . . . . . . . . . . . . . . . . . . . . . . . . . . . . . . . . .  Welcome home to Harlow Heights. A contemporary community in the heart of Seattle, Washington. Our prime location places you near Lake Washington, Jefferson Park Golf Course, and Interstate 5. Enjoy easy access to shopping, family eateries, local shops, and entertainment hots spots.

Schedule a Tour: http://www.harlowheights.com/?utm_knock=cl&doorway=schedule. . . . . . . . . . . . . . . . . . . . . . . . . . . . . . . . . . . . . . . . . . . . . . . . . . . . . . . . . . . . . . . . . . . . . . . . . . . . Features and Amenities: ✓ Controlled Access✓ Courtyard✓ Gated Access✓ Concierge✓ Elevator✓ Sundeck. . . . . . . . . . . . . . . . . . . . . . . . . . . . . . . . . . . . . . . . . . . . . . . . . . . . . . . . . . . . . . . . . . . . . . . . . . . . This Unit Comes With: ✓ Cable Ready✓ Disability Access✓ Disposal✓ Eat-in Kitchen✓ Microwave✓ Oven✓ Storage Units✓ Tub/Shower✓ Vinyl Flooring✓ Window Coverings✓ All-electric Kitchen✓ Balcony or Patio in Select Homes✓ Central Air and Heating✓ Concierge✓ Double Pane Windows✓ Double Vanities✓ Island Kitchen✓ Massive Windows✓ Views Available✓ Walk-in Closets in Select Units. . . . . . . . . . . . . . . . . . . . . . . . . . . . . . . . . . . . . . . . . . . . . . . . . . . . . . . . . . . . . . . . . . . . . . . . . . . . Call us for more information! --  show contact info
 -- Website: http://www.harlowheights.com/?utm_knock=clPets: Pets Welcome Upon Approval.
Maximum adult weight is 20 pounds.
One pet allowed per household.
Pet deposit is $250.. . . . . . . . . . . . . . . . . . . . . . . . . . . . . . . . . . . . . . . . . . . . . . . . . . . . . . . . . . . . . . . . . . . . . . . . . . . .  Availability and pricing are subject to change dailyEQUAL HOUSING OPPORTUNITY2FC80CD641C740"	https://seattle.craigslist.org/see/apa/d/seattle-this-is-the-place-youve-been/7700468386.html
7699469389	Don't wait! This spacious 1 bed, 1 bath will go fast! 520 Sq Ft!	1675	south seattle	blacklisted_description	Seattle	(47.564714, -122.313561)	False	"Welcome to Harlow Heights Apartments!4351 15th Ave S Seattle, WA 98108Rental Size: 1 BR - 1 BA - 520 - 524 sq ft | Per Month: $1675 | Lease Length: 6-Month, 7-Month, 8-Month, 9-Month, 10-Month, 11-Month, 12-Month show contact info
Welcome home to Harlow Heights. A contemporary community in the heart of Seattle, Washington. Our prime location places you near Lake Washington, Jefferson Park Golf Course, and Interstate 5. Enjoy easy access to shopping, family eateries, local shops, and entertainment hots spots.

Schedule a Tour: http://www.harlowheights.com/?utm_knock=cl&doorway=schedule  Our community features:   ❖ Controlled Access❖ Courtyard❖ Gated Access❖ Concierge❖ Elevator❖ Sundeck  Our unit features: ❖ Cable Ready❖ Disability Access❖ Dishwasher❖ Eat-in Kitchen❖ Microwave❖ Oven❖ Storage Units❖ Tub/Shower❖ Vinyl Flooring❖ Window Coverings❖ All-electric Kitchen❖ Balcony or Patio in Select Homes❖ Breakfast Bar in Select Homes❖ Concierge❖ Double Pane Windows❖ Double Vanities❖ Island Kitchen❖ Massive Windows❖ Views Available❖ Walk-in Closets in Select Units   Contact us for more information! --  show contact info
 --Our Pet-Policy: Pets Welcome Upon Approval.
Maximum adult weight is 20 pounds.
One pet allowed per household.
Pet deposit is $250.Website: http://www.harlowheights.com/?utm_knock=clAvailability and pricing are subject to change dailyEQUAL HOUSING OPPORTUNITY2FC80CD641C740"	https://seattle.craigslist.org/see/apa/d/seattle-dont-wait-this-spacious-bed/7699469389.html
7699028456	You'll love our amazing community! Highly desirable neighborhood!	2045	seattle	blacklisted_description	Seattle	(47.73182, -122.296413)	False	"3030 Lake City Visit our community today! 3030 NE 143rd St Seattle, WA 981252 weeks off if you move in by December 20th!Unit Rates:  $2045/month Unit Type: 2-BR 1-BA Unit Size: 930 sq ftLease Terms: 6-Month, 7-Month, 8-Month, 9-Month, 10-Month, 11-Month, 12-MonthPet Policy: 2 pets per apartment home 
- $50 pet rent per pet 	
- $200 refundable deposit per pet 
The following breed restrictions apply - Akita, Alaskan Malamute, Chow, Dalmatian, Doberman Pinscher, German Shepherd, Great Dane, Husky, Rottweiler, Saint Bernard, Wolf Dog Hybrids and all Pit Bull breeds.What you’ll find in our community: ❖ Courtyard❖ Laundry Facilities❖ Maintenance on site❖ Renters Insurance Program❖ Reserved Parking❖ Smoke Free❖ Dog Run With Wash Station❖ Fire Pit❖ Green Building❖ Online Services❖ Outdoor Lounge With Gas BBQ❖ Package Concierge❖ Walking Distance To Bus LinesDescription: 3030 Lake City offers studio, one- and two-bedroom apartment homes with a certified Green renovation offering energy efficient improvements, reduced utility bills and improved building performance. Residents enjoy beautiful kitchens with quartz countertops, new shaker-style cabinets, stainless steel appliances, wood-style flooring throughout the kitchen and living room, washer and dryers in select homes, and designer carpet in the bedrooms. Community amenities include our dog run, luxury style outdoor lounge with gas barbecues and a fire pit. Stop by for a tour and see why 3030 Lake City is a fantastic place to call home.This unit comes with: ❖ Cable Ready❖ Carpet❖ Heating❖ High Speed Internet Access❖ Linen Closet❖ Over-sized Windows❖ Range❖ Recycling❖ Refrigerator/Freezer❖ Separate Dining Areas in Select Units❖ Breakfast Bar in select homes❖ Dishwasher & Disposal❖ Eat-in Kitchen❖ Efficient Stainless Steel Appliances❖ Faux Wood Flooring❖ Private Patio or Balcony❖ Quartz Countertops❖ Storage Space in Select Units❖ Walk-In Closets in Select Units❖ Washer/dryer In Select HomesCall or visit our website to schedule a personal tour! Office Phone:  show contact info
Mon - Fri: 9:00 AM - 6:00 PM Website: https://www.3030lakecity.com?rcstdid=MzM=-dkCsfkCKtXI=EQUAL HOUSING OPPORTUNITYA7A8D2026F7E43"	https://seattle.craigslist.org/see/apa/d/seattle-youll-love-our-amazing/7699028456.html
7702018824	Newly Renovated 1 bedroom apartment home, Jan Move In Ready!	1995	northgate	blacklisted_description	Seattle	(47.69492, -122.317338)	False	"9100 Roosevelt Apartments #204

- 695 sq ft 1 bedroom NEWLY renovated
- W/D
- Dishwasher
- Microwave
- Private Covered Balcony
- Laminate Hardwood Flooring 
- Granite Countertops
- Building Elevator
- Reserved Parking

SCHEDULE TOUR ONLINE:
https://showmojo.com/l/81d3df3071

Call or Text for a Tour - 𝟐𝟎𝟔-𝟒𝟗𝟓-𝟑𝟐𝟐𝟖"	https://seattle.craigslist.org/see/apa/d/seattle-newly-renovated-bedroom/7702018824.html
7700174435	Move In ASAP *Limited Time Move In Special: One Month Free Rent*	1995	burien	blacklisted_description	Seattle/Burien	(47.494674, -122.333906)	False	"Alcove12037 1st Ave S Seattle, WA 98168Pricing: $1995/Month*Bedrooms: 2  Bathrooms: 1 Square Footage: 883 sq ft show contact info
 Features in this apartment home:● Balcony or patio● Cable ready● Carpeted floors● Refrigerator● In Unit Washer & Dryer● Quartz countertops in Select Homes● Stainless Steel Appliances● Vinyl FlooringAbout the community:  Come home to the lifestyle you have been searching for at The Alcove Apartments in Burien, Washington. Our pet-friendly community is perfectly situated walking distance to downtown Burien and 15 minutes from downtown Seattle giving you easy access to shopping, entertainment, and the Puget Sound waterfront nearby. In addition, there are numerous parks and trails, all close by. Come see for yourself why The Alcove Apartments should be your next new home.

Schedule a Tour: https://www.liveatalcove.com/?utm_knock=cl&doorway=schedule Amenities at our property:● Covered parking● Public Transportation● Secure building access● Easy access to public transportation● Easy access to shopping● Luxor package lockers-Coming soonAdditional information:Terms: 6-Month, 7-Month, 8-Month, 9-Month, 10-Month, 11-Month, 12-MonthPets: Pets are Welcome Upon Approval. Please call the office for details.Website: https://www.liveatalcove.com/?utm_knock=clPhone:  show contact info
 *Prices are subject to change without notice Availability and pricing are subject to change dailyEQUAL HOUSING OPPORTUNITYEFAF494B822646D"	https://seattle.craigslist.org/see/apa/d/seattle-move-in-asap-limited-time-move/7700174435.html
7700181019	$1695/ Month ** 1 Bedroom 1 Bathroom Apartment! Call Today To Tour!	1695	burien	blacklisted_description	Seattle/Burien	(47.494681, -122.333896)	False	"Alcove 12037 1st Ave S Seattle, WA 98168  show contact info
 . . . . . . . . . . . . . . . . . . . . . . . . . . . . . . . . . . . . . . . . . . . . . . . . . . . . . . . . . . . . . . . . . . . . . . . . . . . . Rental Size:  1 BR - 1 BA - 660 sq ft  Per Month: $1695  Lease Length: 6-Month, 7-Month, 8-Month, 9-Month, 10-Month, 11-Month, 12-Month  . . . . . . . . . . . . . . . . . . . . . . . . . . . . . . . . . . . . . . . . . . . . . . . . . . . . . . . . . . . . . . . . . . . . . . . . . . . .  Come home to the lifestyle you have been searching for at The Alcove Apartments in Burien, Washington. Our pet-friendly community is perfectly situated walking distance to downtown Burien and 15 minutes from downtown Seattle giving you easy access to shopping, entertainment, and the Puget Sound waterfront nearby. In addition, there are numerous parks and trails, all close by. Come see for yourself why The Alcove Apartments should be your next new home.

Schedule a Tour: https://www.liveatalcove.com/?utm_knock=cl&doorway=schedule. . . . . . . . . . . . . . . . . . . . . . . . . . . . . . . . . . . . . . . . . . . . . . . . . . . . . . . . . . . . . . . . . . . . . . . . . . . . Features and Amenities: ◾ Covered parking◾ Public Transportation◾ Secure building access◾ Easy access to public transportation◾ Easy access to shopping◾ Luxor package lockers-Coming soon. . . . . . . . . . . . . . . . . . . . . . . . . . . . . . . . . . . . . . . . . . . . . . . . . . . . . . . . . . . . . . . . . . . . . . . . . . . . This Unit Comes With: ◾ Balcony or patio◾ Cable ready◾ Carpeted floors◾ Refrigerator◾ In Unit Washer & Dryer◾ Quartz countertops in Select Homes◾ Stainless Steel Appliances◾ Vinyl Flooring. . . . . . . . . . . . . . . . . . . . . . . . . . . . . . . . . . . . . . . . . . . . . . . . . . . . . . . . . . . . . . . . . . . . . . . . . . . . Call us for more information! --  show contact info
 -- Website: https://www.liveatalcove.com/?utm_knock=clPets: Pets are Welcome Upon Approval. Please call the office for details.. . . . . . . . . . . . . . . . . . . . . . . . . . . . . . . . . . . . . . . . . . . . . . . . . . . . . . . . . . . . . . . . . . . . . . . . . . . .  Availability and pricing are subject to change dailyEQUAL HOUSING OPPORTUNITYC608C7F0825441A"	https://seattle.craigslist.org/see/apa/d/seattle-1695-month-bedroom-bathroom/7700181019.html
7702138277	Enjoy the comfort of your new 1 bed / 1 bath! Washer/dryer included!	1605	shoreline	blacklisted_description	Shoreline - Shoreline Park and Ride	(47.7377, -122.3431)	False	"RENT: $1605 - $2230/Month | SIZE: 656 - 721 sq ft | BEDROOMS: 1 | BATHROOMS: 1LEASE TERMS: 4-Month, 5-Month, 6-Month, 7-Month, 8-Month, 9-Month, 10-Month, 11-Month, 12-MonthMove-In Special! Up to 2 Months FREE on select homes. Lease terms apply. Please contact the leasing office for details!ABOUT COMMUNITY: The resident clubhouse is spacious with natural light and impeccably decorated and offers a twenty-four-hour fitness studio. Controlled access gives you peace of mind, and garage parking is available under the building.Pet Policy: Limit 2 Pets Per Home. 

1 Pet - $30 Pet Rent per month, $200 Pet Deposit (Refundable), $200 Pet Fee (Non-Refundable). Breed Restrictions Apply.UNIT FEATURES:   − Cable Ready− Carpeting− Dishwasher− Disposal− High Speed Internet Access− Ice Maker− Range− Refrigerator− Wheelchair Access− Window Coverings− Extra Storage− In Unit Washer & Dryer− Large Closets− Microwave− Patio/Balcony− Stainless Steel Appliances in Select Homes− Storage Units− Upgraded Homes AvailableCOMMUNITY FEATURES: − BBQ/Picnic Area− Clubhouse− Elevator− Garage− Maintenance on site− Office Staff On-site− Smoke Free− Sparkling Pool− Fitness Center with Free Weights− Package Service− Recreation Room− ViewCONTACT US TODAY!Echo Lake Apartment Homes1150 N 192nd St  Shoreline, WA 98133Phone:  show contact info
Mon - Fri: 10:00 AM - 6:00 PMSat: 10:00 AM - 5:00 PMWebsite: https://www.echolakeapartments.com/?utm_source=craigslist Photos may not be of the actual unit.EQUAL HOUSING OPPORTUNITYSPRCL3055AB139242384FC"	https://seattle.craigslist.org/see/apa/d/seattle-enjoy-the-comfort-of-your-new/7702138277.html
7702131809	Echo Lake Apartment Homes - 1 Bed, 1 Bath, Beautiful landscape views	1605	shoreline	blacklisted_description	Shoreline - Shoreline Park and Ride	(47.767635, -122.345261)	False	"Echo Lake Apartment Homes1150 N 192nd St Shoreline, WA 98133A wonderful home in Shoreline is waiting for you!We currently have a gorgeous 1 bedroom 1 bathroom renting for $1605 - $2230 per month. This unit comes with 656 - 721 sq ft. The resident clubhouse is spacious with natural light and impeccably decorated and offers a twenty-four-hour fitness studio. Controlled access gives you peace of mind, and garage parking is available under the building.Move-In Special! Up to 2 Months FREE on select homes. Lease terms apply. Please contact the leasing office for details!Community Highlights:✓ BBQ/Picnic Area✓ Clubhouse✓ Elevator✓ Garage✓ Maintenance on site✓ Office Staff On-site✓ Smoke Free✓ Sparkling Pool✓ Fitness Center with Free Weights✓ Package Service✓ Recreation Room✓ ViewUnit Highlights:✓ Cable Ready✓ Carpeting✓ Dishwasher✓ Disposal✓ High Speed Internet Access✓ Ice Maker✓ Range✓ Refrigerator✓ Wheelchair Access✓ Window Coverings✓ Extra Storage✓ In Unit Washer & Dryer✓ Large Closets✓ Microwave✓ Patio/Balcony✓ Stainless Steel Appliances in Select Homes✓ Storage Units✓ Upgraded Homes AvailableContact:  show contact info
 Website: https://www.echolakeapartments.com/?utm_source=craigslistLeasing Options: 4-Month, 5-Month, 6-Month, 7-Month, 8-Month, 9-Month, 10-Month, 11-Month, 12-MonthPet Policy: Limit 2 Pets Per Home. 

1 Pet - $30 Pet Rent per month, $200 Pet Deposit (Refundable), $200 Pet Fee (Non-Refundable). Breed Restrictions Apply. Photos may not be of the actual unit. EQUAL HOUSING OPPORTUNITYSPRCL3055AB139242384FC"	https://seattle.craigslist.org/see/apa/d/seattle-echo-lake-apartment-homes-bed/7702131809.html
7698528850	2B/2B, In Unit Laundry, Large Closets	2138	renton	blacklisted_description	Renton	(47.476132, -122.221148)	False	"200 SW 5th Pl, Renton, WA 98057Welcome to Plum Tree Park Apartments in Renton, WA. We are just minutes from all that Seattle, Bellevue, and Kirkland offer, with easy access to I-5, I-405, and Highway 167. We are conveniently located within walking distance of Fred Meyer, Safeway, and much more! The Landing is 5 minutes away where you'll find Target, Red Robin, Movie Theatre, Pet's Mart, LA Fitness, Lowes, Jimmy John's, and much more! Yes...Starbucks is nearby too! Call or stop by today to take a tour of our Renton, WA apartments for rent!Unit Amenities:Large ClosetsStorage SpaceFireplaceViewCarpetingDishwasherWasher/Dryer in UnitPatio/Balcony*In Select HomesCommunity Amenities:Refreshing PoolNear Public TransitFitness CenterHigh Speed Internet Available24 Hour Emergency MaintenanceCall:  show contact info
For more information, visit us at: https://livecushwake.com/eg67lzy5/plum-tree-park*Equal housing opportunity*"	https://seattle.craigslist.org/see/apa/d/renton-2b-2b-in-unit-laundry-large/7698528850.html
7703250948	Mapleleaf home	3100	northgate		Northgate	(47.69212, -122.319793)	False	"Great Mapleleaf location
close to bus line/parks/school
Hardwood on main floor
Carpeting upstairs
Freshly painted interior
No Pets or smokers
Owner pays 1/2 w/s/g
Renter pays gas/electric

818 NE 88th St. Seattle, WA 98115"	https://seattle.craigslist.org/see/apa/d/seattle-mapleleaf-home/7703250948.html
7703249230	Character green build cottage on acreage	2475	vashon	blacklisted_description	Vashon	(47.4259, -122.4644)	False	"Just 7 mins from the north end ferry and a few minutes from downtown Vashon - Gorgeous newly built green passive house architect designed 2 bed / 2 bath apartment on forested acres with sunny open spaces. Soaring atrium ceilings, Vermont castings wood stove, toasty in floor heating. Featuring master bedroom with walk in robe, ensuite and stand alone tub, 2nd bed and 2 bathroom, laundry, stainless steel appliances, dual fuel jenn air 2 ovens, live edge kitchen bench tops w/- farmhouse sink, dishwasher, front and back porches amongst the enormous fir trees.

Owls, eagles and heron regularly visit the property. Great internet connection, I pay for water. Trash service available.
Strictly non-smoking. in floor heating.
Available now. First, last and deposit."	https://seattle.craigslist.org/see/apa/d/vashon-character-green-build-cottage-on/7703249230.html
7701445373	We're right on the bus line! Great 720 sq ft 1 bed, 1 bath!	1699	burien	blacklisted_description	Burien	(47.444753, -122.331022)	False	"Wellington PlaceLocated at: 327 S 177th Pl Burien, WA 98148Featured unit: 1 bed | 1 bath | 720 sq ft Prices start at: $1699/month Call Today!  show contact info
 Our residents enjoy some of the best community amenities in the business. Relax in our fabulous clubhouse or cool off after a long day in our seasonal outdoor swimming pool. There is something for everyone here like our courtesy patrol, covered parking, online resident services, and spectacular skyline views. Come let the staff at Wellington Place pamper you in your new home.Wonderful Amenities!✓ Clubhouse✓ Courtesy Patrol✓ Covered Parking✓ Fitness Center✓ Maintenance on site✓ Smoke Free✓ Wheelchair Accessible (Rooms)✓ Easy Access to Public Transportation✓ Fantastic Schools Nearby✓ Great Commuter Routes✓ Minutes to Shopping✓ Online Resident Services✓ Seasonal Outdoor Swimming Pool✓ Storage UnitsApartment Features!✓ Carpet✓ Ceiling Fans in Select Units✓ Dining Room✓ Dishwasher✓ Disposal✓ Oven✓ Refrigerator✓ Window Coverings✓ Balcony or Patio✓ Fireplace✓ Heating✓ Individual Climate Control✓ Vaulted Ceilings in Select Units✓ Walk-in Closets in Select Units✓ Washer and Dryer in Home  show contact info
Hours: Mon - Fri: 10:00 AM - 6:00 PM Website: https://www.wellingtonplaceapartments.com/?utm_knock=clTerms: CallPet Policy: Pets Welcome Upon Approval. Breed restrictions apply. Limit of 2 pets per home. Maximum adult weight is 35 pounds. 
Pet deposit is $200 per pet. 
The non-refundable pet fee is $200 per pet.EQUAL HOUSING OPPORTUNITYAE850EF2E07B45CA"	https://seattle.craigslist.org/see/apa/d/seattle-were-right-on-the-bus-line/7701445373.html
7701445425	X marks the spot! You've just found a gorgeous 2 bed / 2 bath!	1995	burien	blacklisted_description	Burien	(47.444753, -122.331022)	False	"Wellington Place327 S 177th Pl Burien, WA 98148A wonderful home in Burien is waiting for you!We currently have a gorgeous 2 bedroom 2 bathroom renting for $1995 per month. This unit comes with 984 sq ft. Our residents enjoy some of the best community amenities in the business. Relax in our fabulous clubhouse or cool off after a long day in our seasonal outdoor swimming pool. There is something for everyone here like our courtesy patrol, covered parking, online resident services, and spectacular skyline views. Come let the staff at Wellington Place pamper you in your new home. show contact info
Community Highlights:➢ Clubhouse➢ Courtesy Patrol➢ Covered Parking➢ Fitness Center➢ Maintenance on site➢ Smoke Free➢ Wheelchair Accessible (Rooms)➢ Easy Access to Public Transportation➢ Fantastic Schools Nearby➢ Great Commuter Routes➢ Minutes to Shopping➢ Online Resident Services➢ Seasonal Outdoor Swimming Pool➢ Storage UnitsUnit Highlights:➢ Carpet➢ Ceiling Fans in Select Units➢ Dining Room➢ Dishwasher➢ Disposal➢ Oven➢ Refrigerator➢ Window Coverings➢ Balcony or Patio➢ Fireplace➢ Heating➢ Individual Climate Control➢ Vaulted Ceilings in Select Units➢ Walk-in Closets in Select Units➢ Washer and Dryer in HomeContact:  show contact info
 Website: https://www.wellingtonplaceapartments.com/?utm_knock=clLeasing Options: CallPet Policy: Pets Welcome Upon Approval. Breed restrictions apply. Limit of 2 pets per home. Maximum adult weight is 35 pounds. 
Pet deposit is $200 per pet. 
The non-refundable pet fee is $200 per pet.  EQUAL HOUSING OPPORTUNITY5DB40D8D94A34767"	https://seattle.craigslist.org/see/apa/d/seattle-marks-the-spot-youve-just-found/7701445425.html
7699860820	Top Floor 2Bed, 2Bath w/Balcony, Walk-In Closet, Puget Sound Views	3150	queen anne		Lower Queen Anne	(47.62044, -122.356507)	False	"Virtual Tour: https://www.youtube.com/watch?v=SzR-k9eUiDM

Wonderful location in walking distance of the Olympic Sculpture Park, the Climate Pledge Arena, and all the fantastic restaurants and shops in Uptown. Bus lines also provide quick and convenient access to Downtown Seattle.

More information on the View 222 can be found here: https://www.westfreemanproperties.com/view-222

BUILDING AMENITIES
Fitness Center featuring squat rack, Peloton, Stair Master
Gated Parking Garage @180/mo
Amazon Hub
High-Speed Internet
AC ports in every home

PET POLICY
Cats allowed
Small dogs allowed with some breed restrictions
Pet deposits start at $250.00
Pet rent: $35.00/cat, $45.00/dog

Application Fee: $55/adult
Security Deposits start at: $750
Good credit required
Income must be at least 3 times the rental rate

Minimum Lease: 12 Months

Included Utilities: None.
Resident pays for electric, water, sewer, trash. Avg: $130/mo.

Fitness center tour: https://m.youtube.com/watch?v=BswmOMYbOeY&pp"	https://seattle.craigslist.org/see/apa/d/seattle-top-floor-2bed-2bath-balcony/7699860820.html
7702247146	Renovated 2-bedroom with Washer/Dryer, Fireplace, Balcony	2600	capitol hill	blacklisted_description	Capitol Hill	(47.616593, -122.323194)	False	"Video walkthrough: https://www.youtube.com/watch?v=gKmDtGJgCJc

Residents at 1712 enjoy sweeping views of downtown Seattle and the Olympic mountains from their oversized balconies. These spacious units have been modernized with stainless steel appliances and updated fixtures

Amenities include a wood burning fireplace, large balcony, and secure gated parking. Parking in our gated garage is $250/mo.

Bedroom light switches activate nightstand outlets.

1712 Boylston is minutes from all the action on Capitol Hill as well as numerous parks, restaurants, bars, and grocery stores.

PET POLICY
Cats allowed
Small dogs allowed with some breed restrictions
Pet deposits start at $250.00
Pet rent: $35.00/cat, $45.00/dog

Application Fee: $55/adult
Security Deposits start at: $750
Good credit required
Income must be at least 3 times the rental rate

Minimum Lease: 10 Months
Included Utilities: None. Average monthly utility cost is $95

Resident pays for electric, water, sewer, trash, gas."	https://seattle.craigslist.org/see/apa/d/seattle-renovated-bedroom-with-washer/7702247146.html
7701366934	1/BD 1/BA	1770	first hill	blacklisted_description	First Hill	(47.604973, -122.318368)	False	"Being in an undeniably cool area in downtown Seattle, Washington, Vantage Park Apartments brings you home to one of the most dynamic destinations in the city.This is your chance to start fresh, to turn a new page, and to be connected to anything and everything in the Emerald City. From coffee dates at Caffe Vita to kicking back in your one or two bedroom apartment, this is the place to be any day of the week.At Vantage Park Apartments, you’ll find contemporary yet attainable livability in Seattle. This is a home where experiences are never shy and new possibilities are lurking around every street block. Monday through Friday, hop on the streetcar and head to your corporate headquarters. On Saturday and Sunday, unleash your inner weekend warrior with trips to Discovery Park, Bainbridge Island, or Mount Rainier National Park.Call:  show contact info
For more information, visit us at: https://livewithapm.com/wspsandl/vantage-park"	https://seattle.craigslist.org/see/apa/d/seattle-bd-ba/7701366934.html
7702717129	2 BD, Onsite Laundry Facility, Pantry	1788	north seattle	blacklisted_description	1020 112th St SW , Everett, WA	(47.896169, -122.248251)	False	"1020 112th St SW, Everett, WA 98204Welcome home to Timberline Court. Come and see our spacious, newly renovated apartments for rent in Everett, WA, and schedule a tour of Timberline Court Apartments. We have a wide selection of floor plans, including one- and two-bedroom apartments with plenty of room for you and yours to stretch out and relax. Each of our homes comes with a complete appliance package, including a dishwasher, range, oven, and refrigerator, wood-style flooring in common areas, carpeted bedrooms, and of course, the all-important oversized closets giving you a ton of storage space. Got a pet? Ask about our dog-friendly apartments during your tour. When residing in an apartment community, it is important that you choose the right one for your family. This will mean finding a place that offers easy access to everything you need, from shopping and dining to entertainment for young and old alike. You will find the right Everett apartments to meet your needs right here at Timberline Court. We offer a great selection of two- and one-bedroom apartment homes with everything you need, all in a great community. You can enjoy our dog park with a furred companion, take the kids to our onsite playground or enjoy easy access to Silver Lake, local restaurants, or I-5 for longer trips. One visit to our community will help you find a great selection of apartments for rent, whether you desire something for one or require space for a family. Our goal is to exceed all your expectations about apartment living by providing you with a gorgeous home that keeps you close to all you need or want while offering the peace of living outside the hubbub of city life. Whether you want pet-friendly apartments for you and a furred companion or need something larger for your family, Timberline has exactly what you desire. In one quick visit to Timberline Court Apartments in Everett, you will find a great place to live. Our homes offer you a place of peace in a hectic life. Schedule your tour now.Unit Amenities:Renovated InteriorsWalk In ClosetsWood Burning Fireplaces (3rd Floor Only)Ceiling FansPantryDishwasherVaulted Ceilings (3rd Floor Only)Garbage DisposalRefrigerator*In Select HomesCommunity Amenities:PlaygroundDog ParkOnsite Laundry FacilityAmazon Hub LockersCall:  show contact info
For more information, visit us at: https://livecushwake.com/ypvlkwze/timberline-court*Equal housing opportunity*"	https://seattle.craigslist.org/see/apa/d/everett-bd-onsite-laundry-facility/7702717129.html
7699096256	One month free - Call us today!	3150	seattle	blacklisted_description	Seattle	(47.4924, -122.2359)	False	"Rainier View Homes Leasing Office:  6013 South 127th Lane Seattle, WA 98178 show contact info
Take a look at what Rainier View Homes has to offer! The Rainier View Homes is a newly-built development, featuring 11 detached cottage-style units, all designed with the environment in mind. Currently underway to be certified 4-Star Built Green and solar-ready. Each home features an open concept floor plan, large windows for natural light, and engineered wood floors. Beautiful kitchens built with contemporary cabinetry, quartz countertops, and stainless steel appliances. Other unit features include a washer/dryer, air conditioning, spacious patios, and plenty of storage. Property amenities include a community park and 22 parking spaces.One month free - Call us today!3 bd, 2 ba | Available NowThe Rainier View Homes is a newly-built development, featuring 11 detached cottage-style units, all designed with the environment in mind.3 Bedroom 2 Bathroom Home ready end of January!1330 square feet - 2 Stories$3150.00 + $200 sewer and garbage*resident is responsible for their own electric and water billApply by 12/31/2023 and receive one month free rent at move in!Take your 3D tour here - https://my.matterport.com/show/?m=UUH8KN5ofHt&brand=0UNIT FEATURES:HIGH CEILINGSLARGE WINDOWSOPEN FLOORPLANSWASHER/DRYER IN UNITAIR CONDITIONINGCONTEMPORARY CABINETRYQUARTZ COUNTERTOPSSTAINLESS STEEL APPLIANCESSTORAGEPRIVATE BALCONIESCOMMUNITY FEATURES:BUILT IN 2019ON-SITE PARKINGCOMMUNITY PARKPET FRIENDLYSMOKE FREEWe have side street parking for guests as wellApply now - https://www.iconre.org/apply-nowRental TermsRent: $3,150Application Fee: $62Security Deposit: $600Available NowPet PolicyCats allowedDogs allowedRental Information: 3 Bedroom / 2 Bathroom / 1330 sq ft / $3150/Month  Lease Terms: 12-MonthApartment Amenities:Additional Information:● Courtyard● Garden● Porch● Public Transportation● Spa● Sprinkler System● Individual Locking Bedrooms● Private Bathroom Leasing Hours: Tue - Fri: 9:00 AM - 6:00 PMSat: 10:00 AM - 5:00 PM show contact info
Pet Policy:  Website: https://www.iconre.org/rainierviewhomes  EQUAL HOUSING OPPORTUNITY81E11CF9D2D6421"	https://seattle.craigslist.org/see/apa/d/seattle-one-month-free-call-us-today/7699096256.html
7697834687	Your sanctuary awaits: 2 BR, 1.5 BA, and much more!	1675	seattle	blacklisted_description	Seattle - Bryn Mawr-Skyway	(47.4924, -122.2359)	False	"2 Bedroom  1.5 Bathroom | 890 sq ft | $1675/Month Hillview Apartments12830 60th Lane South F-12 F-12 Seattle, WA 98178 show contact info
Description: Ten minutes from Downtown Seattle, Bellevue, South center and Auburn2 bd, 1.5 ba, 890 Sq. Ft.2 bd, 1.5 ba | Available NowRental TermsRent: $1,675Security Deposit: $400Available Now Apartment Amenities:Our Residents Enjoy:− 24 Hour Availability− Maintenance on site− Online Services− Package Service− Property Manager on Site− Public Transportation− Smoke Free− Assigned parking (reserved space with every unit)− Close to major freeways I-5, 405, I-90, 167− Close to shopping (WestField Mall, Renton Landing)− Convenient to Downtown Seattle & Renton− Easy to I5 access− Fast Access to the Sea-Tac Airport, Link Lite Rail− Major bus lines− On-call emergency maintenance− Steps to the 101, 102, 106 Buslines− Ten minutes from Downtown Seattle, Bellevue, South center and AuburnAdditional Details:Deposit: CallTerms: 12-MonthPets:  show contact info
Website: https://www.iconre.org/hillviewEQUAL HOUSING OPPORTUNITY73F4AA5B436C4B18"	https://seattle.craigslist.org/see/apa/d/seattle-your-sanctuary-awaits-br-15-ba/7697834687.html
7697834604	Spacious and extensively upgraded 2 bed, 1 bath in Lake Forest Park	2100	lake forest park	blacklisted_description	Lake Forest Park	(47.741464, -122.288041)	False	"Sheridan Beach Terrace Featured Floorplan: 2-bed / 1-bath / 910 sq ftMonthly Rent: $2100Deposit: $400  show contact info
Description: The nearby Ballards Farmers Market is a local favorite, or you can enjoy some time in Ballard Park. As for our apartment homes, we offer variously sized homes from 1- to 3 bedrooms. These units feature stunning amenities, including quartzite countertops. large sliding glass doors, and other window features that invite in natural light at every opportunity.

We also offer several other amenities to provide a place to call home. Schedule a tour today and find out why the Sheridan Beach Terrace apartments are calling you home!

Schedule a Tour: https://liveatsheridanbeachterrace.com/?utm_knock=cl&doorway=scheduleLease Terms: Variable, 12-MonthPet Policy: Please ask management for details regarding our pet policies. 2 pet maximum per household. No aggressive breeds. Weight limit of 70 lbs.Apartment Amenities:✓ Balcony/Patio✓ Balcony/Patio✓ Ceiling Fans✓ Ceiling Fans✓ Den✓ Den✓ Dishwasher✓ Oven/Range✓ Tub/Shower✓ Tub/Shower✓ Double Pane Windows✓ In Unit Washer & Dryer✓ Large Bedrooms✓ Large Floor To Ceiling Closets✓ Modern Cabinetry✓ Natural Lighting✓ Stainless Steel Appliances✓ Three Panel Sliding Doors✓ Wrap Around Balcony's✓ Wrap Around Balcony'S Community Features:✓ Community Garden✓ Community Grill✓ Dog Park✓ Elevator✓ Lake Washington Views✓ Maintenance on site✓ Recycling✓ Rooftop Terrace✓ Smoke Free✓ Sundeck✓ Credit Builder Program✓ Picnic Area/Grilling Station✓ Planned Social Activities✓ Public Transportation✓ Renters Insurance Program✓ Rooftop Terrace✓ Storage Space✓ Trash Pickup - Door to Door✓ Waterfront Call us:  show contact info
  15530 Bothell Way NE Lake Forest Park, WA 98155Mon - Thu: 9:00 AM - 6:00 PMFri: 9:00 AM - 4:00 PMSat: 10:00 AM - 3:00 PMSundayClosed.Website: https://liveatsheridanbeachterrace.com/?utm_knock=cl EQUAL HOUSING OPPORTUNITY8171D298507647A"	https://seattle.craigslist.org/see/apa/d/seattle-spacious-and-extensively/7697834604.html
7702713422	Come tour our beautiful 2 bed, 2 bath! Full size washer and dryer!	2685	lake forest park	blacklisted_description	Lake Forest Park	(47.7559, -122.3003)	False	"Sheridan Beach TerraceVisit Our Community Today!15530 Bothell Way NE Lake Forest Park, WA 98155  show contact info
The nearby Ballards Farmers Market is a local favorite, or you can enjoy some time in Ballard Park. As for our apartment homes, we offer variously sized homes from 1- to 3 bedrooms. These units feature stunning amenities, including quartzite countertops. large sliding glass doors, and other window features that invite in natural light at every opportunity.

We also offer several other amenities to provide a place to call home. Schedule a tour today and find out why the Sheridan Beach Terrace apartments are calling you home!

Schedule a Tour: https://liveatsheridanbeachterrace.com/?utm_knock=cl&doorway=scheduleBedrooms: 2 |  Bathrooms:  2  Square Footage: 1050 sq ft Rental Pricing: $2685/Month  Our Residents Enjoy:  ● Community Garden● Community Grill● Dog Park● Elevator● Lake Washington Views● Maintenance on site● Recycling● Rooftop Terrace● Smoke Free● Sundeck● Credit Builder Program● Picnic Area/Grilling Station● Planned Social Activities● Public Transportation● Renters Insurance Program● Rooftop Terrace● Storage Space● Trash Pickup - Door to Door● Waterfront This Unit Comes With: ● Balcony/Patio● Balcony/Patio● Ceiling Fans● Ceiling Fans● Den● Den● Dishwasher● Oven/Range● Tub/Shower● Tub/Shower● Double Pane Windows● Heating● In Unit Washer & Dryer● Large Bedrooms● Large Floor To Ceiling Closets● Natural Lighting● Stunning Views● Wood-style Plank Flooring● Wrap Around Balcony's● Wrap Around Balcony'SWebsite: https://liveatsheridanbeachterrace.com/?utm_knock=cl Phone-Number:  show contact info
Pet-Policy: Please ask management for details regarding our pet policies. 2 pet maximum per household. No aggressive breeds. Weight limit of 70 lbs.Lease-Length: Variable, 12-MonthCall for Directions  EQUAL HOUSING OPPORTUNITYEEB433833F5045E"	https://seattle.craigslist.org/see/apa/d/seattle-come-tour-our-beautiful-bed/7702713422.html
7701424558	Gorgeous light filled 717 Sq Ft, 1 Bed, 1 Bath with beautiful view!	2295	central district	blacklisted_description	Seattle	(47.59922, -122.308936)	False	"Pratt Park ApartmentsLocated at: 1800 S Jackson St Seattle, WA 98144Featured unit: 1 bed | 1 bath | 717 sq ft Prices start at: $2295 - $3000/month Call Today!  show contact info
 Our stylish touches and trendy design are sure to wow you. To further elevate your standard of living, check out our assortment of amenities including a spacious 24-hour fitness center, dog washroom, theater room, package services, business center, posh community spaces and rooftop terraces with amazing views. Move-in day is just around the corner!Wonderful Amenities!❖ Bike Storage❖ Composting❖ Conference Room❖ Courtyard❖ Easy Highway Access❖ Lounge❖ NightPatrol❖ On-Site Retail❖ Roof Terrace❖ Smoke Free❖ 24 Hour Availability❖ Additional Storage Units Available❖ BBQ Grill Lounge with Outdoor Covered TV❖ Close to public transportation❖ Dry Cleaning Service❖ On-site Maintenance/Management❖ Relaxing Courtyard with Custom Water Feature❖ Rooftop Firepit Lounge❖ Views of Mt. Rainer❖ Walking/Biking TrailsApartment Features!❖ Cable Ready❖ Dining Room❖ Dishwasher❖ Freezer❖ Ice Maker❖ Microwave❖ Oven❖ Pantry❖ Tub/Shower❖ Wi-Fi❖ Breakfast Nook❖ Fireplace in Select Homes❖ Granite Countertops❖ In Unit Washer & Dryer❖ Refrigerator❖ Storage Units❖ Subway Tile Backsplash in Kitchen in select homes❖ Surround Sound❖ Walk-In Closets in select homes❖ Window Coverings Up to 8 weeks free on select studio apartments; Up to 6 weeks free on select 1- & 2-bedroom apartments! Lease terms and restrictions apply. Contact the leasing office for more information!Hours: Mon - Thu: 10:00 AM - 6:00 PMFri - Sat: 10:00 AM - 5:00 PM Website: https://home.securityproperties.com/prattpark/?utm_source=craigslistTerms: 6-Month, 7-Month, 8-Month, 9-Month, 10-Month, 11-Month, 12-Month, 13-Month, 14-MonthPet Policy: Pratt Park Apartments is a pet friendly community. We allow two (2) pets max per household with a maximum weight of 80 lbs full grown. $25/pet, pet rent per month $200 pet deposit. Breed Restrictions apply.EQUAL HOUSING OPPORTUNITY50C10EB3F8B345C"	https://seattle.craigslist.org/see/apa/d/seattle-gorgeous-light-filled-717-sq-ft/7701424558.html
7701405141	"Our Largest 1 bd 1.5bth Floor Plan & ""Look-&-Lease"" 6 Weeks Free"	2433	downtown	blacklisted_description	Denny Triangle	(47.615813, -122.333613)	False	"1823 Terry Ave, Seattle, WA 98101Welcometo Aspira, luxury high-rise apartments located in Belltown Seattle. Aspira wasbuilt with you in mind, focusing on creating a community atmosphere with thelowest impact possible on our environment. Aspira was Seattle's' first 4 StarBuilt Green high-rise, built to help protect our beautiful Pacific Northwestenvironment. At Aspira, Seattle is truly atyour fingertips. With a 99% walk score, you neverhave to venture far from home to enjoy everything that urban living has tooffer. In case you do need to venture farther from home, Aspira also has a 100%transit score! We have over 17,000 sq. ft. of newly amenity spaces; which includes our Fitness Center, Game Room with pool table and table tennis, Theater Lounge, OutdoorTerrace with fire pit and grills, two pet decks, business center, all open 24 hours. With regular community events that are designed tocater to all residents, you'll feel right at home.   Discoveran elevated lifestyle at Aspira, where luxury and sustainability seamlesslyblend together. Contactus now to see our variety of floor plans and experience the finestliving in Belltown Seattle.Unit Amenities:Modern Kitchen*Operable Energy Efficient WindowsRefrigeratorSpectacular Views Of The Space Needle, Lake Union, Puget Sound, The Cascades and City Skyline*Storage Units AvailableWalk-In Closets*Washer and DryerWater-Saving Lavatories and ShowerheadsWheelchair AccessWindow Coverings*In Select HomesCommunity Amenities:ConciergeDry Cleaning ServiceBusiness Center with Complimentary Wifi, Work Stations, and PrintingStorage UnitsEasy Access to Public TransportationElevatorsCall:  show contact info
For more information, visit us at: https://livecushwake.com/numpvxnc/aspiraPricing and availability are subject to change."	https://seattle.craigslist.org/see/apa/d/seattle-our-largest-bd-15bth-floor-plan/7701405141.html
7694081720	KITCHEN ISLAND! Large walk in closet! Best price per sqft!	1989	edmonds	blacklisted_description	23400 Hwy 99, Edmonds, WA	(47.78723, -122.341852)	False	"Now Offering One Month Free + $1,000 Amex GC on Select Homes!Hazel Apartments in EdmondsApartment Features:Carpet in BedroomsLarge Windows with Natural LightVinyl Plank FlooringModern Finishes & FixturesCable ReadyContemporary, Soft-Close CabinetsCommunity Features:Zero Deposit CommunityPet WashBike Workshop Lounge & Indoor Bike StorageGame RoomFlexible Monthly Payments with Flex RentExpansive Outdoor Patio with BBQs, Fire Pit, and Ping PongCall:  show contact info
For more information, visit us at: https://gre-apartments.com/nvvv4oip/hazel-apartmentsPlease leave your name and contact number when replying to this posting.Please leave your name and contact number when replying to this posting.*Pricing and availability are subject to change daily. Photos may not be of the exact advertised unit. Please contact us today for the most up to date information!"	https://seattle.craigslist.org/see/apa/d/mountlake-terrace-kitchen-island-large/7694081720.html
7700470699	Wood Shaker Style Cabinets, Full Size Washer & Dryer, Community Room	1610	shoreline	blacklisted_description	1140 N 192nd St, Shoreline, WA	(47.768473, -122.344508)	False	"3 Months FreeDon't miss your opportunity to receive 3 Months Free Rent*! PLUS if you tour and move before January 1, 2024 you can unlock additional savings. Call to schedule your tour and learn more! *Valid on new leases, subject to change, based on availability and select units.The Blakely Senior Living Community is a Senior apartment community for those age 55+ nestled at the heart of Echo Lake, a residential neighborhood in Shoreline. The Blakely was designed to create a warm and inviting community with multiple unique floor plans to choose from. We are truly a one-of-a-kind 55+ community and we invite you to contact us for a visit. We look forward to welcoming you home!Apartment Features:Ample Closet SpaceWood Shaker Style CabinetsWindow CoveringsWood Inspired FlooringFull Size Washer & DryerFully Equipped Kitchen With Black AppliancesCommunity Features:Beautiful LandscapingBusiness CenterCraft RoomControlled Access/GatedCommunity RoomCoffee RoomLaundry Rooms Conveniently Located on Each FloorTheater RoomProfessional Management Staff24-Hour Fitness CenterAdjacent to YMCA2 Sunrooms with DeckGame RoomCall:  show contact info
For more information, visit us at: https://liveataxisresidential.com/n3dl4qm5/blakely-at-echo-lakePricing and availability are subject to change."	https://seattle.craigslist.org/see/apa/d/seattle-wood-shaker-style-cabinets-full/7700470699.html
7699781547	Hardwood Floors, Fitness Center, Cable Ready	1960	green lake	blacklisted_description	6900 East Green Lake Way N, Seattle, WA	(47.678804, -122.325617)	False	"6900 East Green Lake Way N, Seattle, WA 98115Discover the perfect blend of modern living and natural beauty at Circa Greenlake Apartments! Nestled in the heart of Seattle, our community offers upscale living with stunning views of Green Lake. Enjoy the convenience of a vibrant neighborhood with easy access to local shops, restaurants, and the beautiful outdoors. With our spacious floor plans, top-notch amenities, and a welcoming community, Circa Greenlake is where luxury meets comfort.Unit Amenities:Huge Walk-In ClosetsWasher & Dryer in Every UnitCable ReadyHardwood FloorsHigh CeilingsNookPartial Lake ViewLive-Work HomesNatural LightWindow Coverings*In Select HomesCommunity Amenities:Short Term LeasesViews of Green LakeWiFi Access in Common AreasOnsite Office Team 7 Days a WeekGreen BuildingSteps from Green LakeCall:  show contact info
For more information, visit us at: https://livecushwake.com/glnamnec/circa-greenlake*Equal housing opportunity*"	https://seattle.craigslist.org/see/apa/d/seattle-hardwood-floors-fitness-center/7699781547.html
7703246472	Balconies, Custom Closets, Water Views, High End Finishes	1776	west seattle	blacklisted_description	West Seattle	(47.560569, -122.386838)	False	"4730 California4730 California Ave SW, Seattle, WA, 98116Want more information? Follow this link:https://avenue5.aptfeatures.com/305o18Call Now -  show contact info
 x 39OR Text 39 to  show contact info
 to contact our team.Boutique and Unique1 Bedroom, 1 Bath | Approximately 567 Sq. Ft.Community Info:4730 California is more than a place to live; it is at the center of a vibrant community. Known for its fantastic restaurants, scenic Alki Beach-front and historic charm, West Seattle is Seattle's best-kept secret. It won't take you long to discover why people love living at 4730 California. Enjoy boutique apartment living at its best with unique floor plans, high-end finishes and must-have amenity spaces. Discover your best lifestyle.Sit back, relax and feel at home in The Connect, a comfortable gathering area to connect with your neighbors. Keep moving in the 24-hour Fit Studio. Or stop by the Level 8 Lounge rooftop deck for the most spectacular views. Come see us today! Unit Highlights ✧  Views ✧  Large Wooden Barn Doors ✧  A Must See ✧  Under Cabinet Lighting ✧  Stainless Steel Appliances ✧  Dishwasher & Garbage Disposal ✧  Floor to Ceiling Windows ✧  Washer & Dryer In Unit ✧  Custom Closets ✧  High End Finishes ✧  Balconies*Smoke Free*Custom Two-Tone Cabinets*Garden TubsCommunity Highlights ✧  Pet Friendly ✧  Water Views ✧  Rooftop Pet Pad ✧  Controlled Access Garage ✧  Tour Today ✧  Rooftop Lounge with Firepit ✧  Bike Parking & Workshop ✧  Fitness Center ✧  BBQ/Picnic Area*Extra Storage*On Site Maintenance*Accepts Electronic Payments*Controlled Access Building*On Site Management*""Soggy Doggy"" Style Dog Wash Room*Emergency Maintenance*Green CommunityOffice HoursMonday-Saturday:10:00AM-6:00PMPet PolicyPet friendly! Income RequirementsMinimum income required: 3x monthly rent**please call for requirements for MFTE homesEqual Housing Opportunityiu9LPPOd"	https://seattle.craigslist.org/see/apa/d/seattle-balconies-custom-closets-water/7703246472.html
7703243215	Sundeck and BBQ Grill, Resident Lounge, Patios *	1925	west seattle	blacklisted_description	West Seattle	(47.532512, -122.36027)	False	"Lighthouse7901 Delridge Way SW, Seattle, WA, 98106Call Now -  show contact info
 x 174Interested in more information? Visit link below:https://thrive.touraptnow.com/0p3n32Come home to the peace and comfort of Lighthouse.1 bedroom | 1 bath | 688 square feetFeatures: ✓  Quartz Countertops ✓  Carports Available ✓  Townhomes and Flats ✓  Modern Finishes Throughout ✓  Stainless Steel Appliances ✓  Attached Garages* ✓  Beautifully Upgraded Homes ✓  Washer and Dryer in Each Home ✓  Patios *Community Features: ✓  •Community Social Events ✓  •Outdoor Swimming Pool and Spa ✓  •Resident Lounge ✓  •VERY Pet Friendly with Off-Leash Dog Park on Site ✓  •ADA Compliance ✓  •Sundeck and BBQ Grill ✓  •Big Screen TV ✓  •Yoga Room 24 Hours Access  ✓  •Fully Equipped Fitness Center 24 Hours Access  ✓  •Twelve Acres of Beautifully Landscaped Grounds ✓  •Tennis Courts ✓  •Friendly, Responsive Management StaffCommunity Info:Lighthouse offers spacious townhomes and apartments on 12 acres of beautiful grounds. Located in the popular Westwood neighborhood, Lighthouse is just minutes from the West Seattle Bridge, with easy access to Downtown Seattle via car or bus.Our homes feature modern comforts like two-story floor plans, oversized closets and wood burning fireplaces. Picture yourself falling asleep to the sound of a rushing creek, and waking up to play fetch with Rover at our on-site dog park before you join your neighbors for a BBQ at the pool. A home at Lighthouse is more than just a place to live - it's a community.Pet Policy:Pet Friendly! Four-legged creatures need a good home too....and they find one here. Up to two pets per home are welcome, breed restrictions do apply. Don't forget about our onsite off leash dog park! While we know that most pets are upstanding citizens, we do have a pet deposit of $300 per pet and a monthly pet rent charge of $50 per month for dogs, and $35 per month for cats. Income Requirements:For Rental Criteria: https://lighthouseaptsseattle.com/Office Hours:Monday, Wednesday and Friday 9:00 AM to 6:00 PMTuesday and Thursday: 10:00AM-6:00PMSaturday- Sunday 10:00 AM to 5:00 PM Photos and/or floor plans shown are representational and may not depict the exact layout or features of the available unit. If currently occupied, the individual unit you've selected may not be available to tour. Please contact our leasing team with any questions.Equal Housing OpportunityMWNxkM6EJ91t"	https://seattle.craigslist.org/see/apa/d/seattle-sundeck-and-bbq-grill-resident/7703243215.html
7702034413	2/BD 2/BA, Concrete Flooring, Loft Style Homes	3345	madison valley		526 19th Avenue East, Seattle, WA	(47.6301, -122.2972)	False	"Enjoy easy living in a sophisticated neighborhood close to Seattle’s best parks, restaurants and urban nightlife. Bus service to downtown is right outside your door, and the property has easy access to the 520 bridge. Step outside for a BBQ in the courtyard, grab some award winning cookies at Hello Robin, pop out for a drink at Cone & Steiner, or brunch at Bounty Kitchen. Just outside the buzz of Pike/Pine but close enough to reap the rewards.FEATURES INCLUDE:-Controlled Access Building-Package Lockers-Loft Style Homes-Concrete Flooring-24-Hour Service Line-On Bus Line-Floor-to-ceiling Windows-Award Winning Retail Including Hello Robin, Cone & Steiner & Bounty Kitchen-Patio/Balcony-Washer/Dryer-Gated Parking Garage-Bike Storage & Maintenance RoomCall:  show contact info
For more information, visit us at: https://11residentialliving.com/l3js5wah/19th-and-mercerPricing and availability are subject to change."	https://seattle.craigslist.org/see/apa/d/seattle-bd-ba-concrete-flooring-loft/7702034413.html
7701785755	great location - spacious rooms	1995	beacon hill	blacklisted_description	Beacon Hill	(47.5413, -122.3129)	False	"two spacious bedrooms
hardwood floors
quiet four unit building on big corner lot
gardening space with good light
close to Jefferson Golf and community Center
ample free parking
w/d in unit
cats ok"	https://seattle.craigslist.org/see/apa/d/seattle-great-location-spacious-rooms/7701785755.html
7703244866	Bright & Sunny 2 Bed 2 Bath Spacious Unit w/ Magnolia View Deck!	2250	queen anne	blacklisted_description	Seattle	(47.6379, -122.3643)	False	"The Golfcrest Apartments are located in the Interbay area, (West Queen Anne), on 14th Ave. West, just one block East of 15th, a main thoroughfare between Seattle and Ballard. The building was originally a Hotel, built for the Seattle Worlds Fair in 1962. It was then renovated for Apartment living. As years passed Apartments have been updated with modern appliances and finishes. Apartments are bright and clean, and most have extra large decks, looking out at a beautiful golf course and the Magnolia hills in the back ground. Seattle and Ballard are just 10 minutes away with every amenity you may need. Within walking distance are, grocery, café, coffee, U-Haul, bus , to name a few. Also very convenient for Seattle Pacific University students.
Please see details!

This Unit Features:

-Two Bedroom (925 sq ft)
-Spacious Living Area and Lots of Sunny Windows
-Western Exposure w/ Magnolia and Partial Water View
-New Laminate Floors Throughout! Very Nice!
-1 Full Guest Bath
-1 Master Bath w/ Shower and Additional Cupboards/Storage and Large Closet
-All New Mirrored Closets in both Bedrooms and Common Area
-Nice Kitchen w/ Dishwasher and Garbage Disposal
-All New Blinds
-All New Light Fixtures
-Large West (Magnolia) Facing Deck
-Sunny and Bright Main Floor Apartment
-A Laundry Room is Just steps from your front door
-Secured Access into Building

To tour our available units, please contact Laine at  show contact info


Amenities also included:
-On Site Management and Maintenance
-After Hours Emergency Services
-Pet Friendly
-On-Line Rent Payments
-Paid Parking Available - $25 extra a month for your own personal spot!
-Street Parking Free
-Three Laundry areas / 4 Washers and 4 Dryers On-Site
-Parcel Acceptance

Move-In Costs and Criteria
$45.00 Application Fee
$ 1000.00 Security Deposit
+ Per Month Water/Sewer/Garbage - $75 One Person, $105 For Two, $135 For Three
One Year Lease
Pet Fees - Dogs (Small Only/Under 35lbs) ($250 Refundable-$150 Non-Refundable Per Dog)
Cats ($350 Refundable-$150 Non-Refundable Per Cat)
Pet Rent - $35 a month per pet (Limit 2 Pets)
No Last Month Rent Pmt upon Move In - Just Deposits & 1st Months Rent Pmts

To tour our available units, please contact Laine at  show contact info"	https://seattle.craigslist.org/see/apa/d/seattle-bright-sunny-bed-bath-spacious/7703244866.html
7701383783	2 bedroom, Close to Pratt Park, WiFi Available	2815	central district	blacklisted_description	402 22nd Ave S, Seattle, WA	(47.599039, -122.303125)	False	"Lease with Confidence!Ask about our 30-Day Move-in Satisfaction Guarantee and Renter’s Assurance Programs.402 22nd Ave S, Seattle, WA 98144Stylish Urban Apartment HomesSituated in a fantastic neighborhood in Seattle, WA, Verse Seattle is within walking distance of tasty eateries, coffeehouses, and recreation.The neighborhood boasts a rich musical past – it’s where the hard rock notes of Jimi Hendrix and never-heard-before soul sounds of Ray Charles began to take shape – and it’s reflected in the pride of the locals. Our beautifully renovated studio, one, and two bedroom apartments are less than two miles from downtown and offer easy access to I-5 and I-90.With everything you need mere steps from our community, you’ll enjoy urban living at its finest.In an effort to provide the best customer experience, we are now offering virtual tours, self-guided tours. Contact us today to schedule your personalized experienceApartment Features:Newly Renovated floor PlansEnergy-Efficient AppliancesScenic ViewsIn-Home Washer & DryerGarages AvailableDishwasherStainless-Steel AppliancesGarbage DisposalAir Conditioning Available for RentCommunity Features:Recycling CenterResident Parcel Mail RoomClose to Blue Dog PondOnsite ManagementGated Electronic EntranceOnline Rental PaymentsClose to Pratt Park24-Hour Fitness CenterWiFi AvailableControlled-Access Underground ParkingCall:  show contact info
For more information, visit us at: https://livepui.com/xhev2ouo/verse-seattlePricing and availability are subject to change."	https://seattle.craigslist.org/see/apa/d/seattle-bedroom-close-to-pratt-park/7701383783.html
7701428275	Quartz Countertops, Portable Air Conditioners for Rent, USB Outlets	2073	seattle	blacklisted_description	1212 Harrison St, Seattle, WA	(47.622133, -122.332664)	False	"Welcome to Sentral SLUWith enviable views of the city skyline and within walking distance of trendy bars and restaurants, Sentral SLU centers you in Seattle. Everyday life is more beautiful in our unfurnished and designer-furnished apartment suites with modern kitchens and flexible, oversized floor plans. Amenities Include:Walkable to Shopping, Restaurants, and MoreWork SpacesQuartz CountertopsSecure Garage ParkingUSB OutletsLEED Silver CertifiedEntertainment LoungeRefrigerator, Dishwasher, and MicrowaveBook TourCentral HeatDemonstration KitchenTesla EV CarsharingCall:  show contact info
For more information, visit us at: https://livewithsentral.com/trejqu4k/sentral-slu*Pricing and availability are subject to change daily. Photos may not be of the exact advertised unit. Please contact us today for the most up to date information!"	https://seattle.craigslist.org/see/apa/d/seattle-quartz-countertops-portable-air/7701428275.html
7703243447	Featured amenity, Modern Chic Designer Interiors, Featured amenity	1748	northgate	blacklisted_description	Northgate	(47.708628, -122.322921)	False	"The Enclave  525 NE Northgate Way, Seattle, WA, 98125Follow The Link Below:https://thrive.touraptnow.com/7936m7Call Now -  show contact info
 x 107Modern, Connected Northgate Living1 Bedroom, 1 Bath | Approximately 572 Sq. Ft.Community Info:Smack in the hub of the bustling Northgate neighborhood, 525 at the Enclave offers easy access to everything from hot shopping bargains to cool dining options. Work or play, it's all right outside your door! All your must-have amenities are here, including stainless appliances, designer finishes, a resident club with games galore, movie theater, fully loaded fitness center, and a beautiful outdoor entertaining space! Unit Highlights ✧  Dishwasher ✧  Patio/ Balcony*  ✧  Extra Storage Rooms*  ✧  Featured amenity ✧  Hardwood Style Flooring* ✧  Gourmet Kitchens with Stainless Steel Appliances ✧  Scenic Views* ✧  Featured amenity ✧  In Unit Full Sized Washer/ Dryer*  ✧  Microwave ✧  Modern Chic Designer InteriorsCommunity Highlights ✧  Controlled Access/Gated ✧  Large Resident Lounge with Full Kitchen ✧  Constructed of Energy Efficient Green Materials ✧  Community Laundry Room ✧  Featured amenity ✧  Fully-Equipped Fitness Center ✧  On-Site Management ✧  Beautifully Landscaped Courtyard For Outdoor Entertaining ✧  Weather Protected Controlled Access Garage ✧  Dog Walk & Play Area ✧  Featured amenity ✧  Theater & Game Room ✧  24 Hour Emergency Maintenance ✧  Featured amenity ✧  Electric Vehicle (EV) Chargers ✧  Northgate Light Rail Nearby ✧  Convenient Business Center ✧  Featured amenity ✧  Reservable Guest Suite ✧  Featured amenityDriving DirectionsLocated on NE Northgate Way behind Total Wines, between 5th & 8th Ave WOffice HoursMonday-Friday: 10:00AM-4:30PMSaturday-Sunday: 10:30AM-4:00PMPet Policy We are a pet-friendly community! Please contact our leasing office for specific policies and related charges. Photos and/or floor plans shown are representational and may not depict the exact layout or features of the available unit. If currently occupied, the individual unit you've selected may not be available to tour. Please contact our leasing team with any questions.Equal Housing OpportunityXcU7U9JJjg4"	https://seattle.craigslist.org/see/apa/d/seattle-featured-amenity-modern-chic/7703243447.html
7703243380	*6 WEEKS FREE* Luxury Living!	2742	downtown	blacklisted_description	Downtown Seattle	(47.606476, -122.339263)	False	"BRING IN THE NEW YEAR IN A NEW HOME! 6 WEEKS FREE on all available apartment homes. Offer valid on new leases only. Transfers excluded.*Call for details. Specials subject to change without notice.  Welcome to Cyrene Apartments 2 Bedroom, 1 Bath | Approximately 1022 Sq. Ft.Want more information? Follow this link:https://mack.touraptnow.com/75z2prLuxury Seattle High Rise ApartmentsCall Now -  show contact info
 x 30 Community Info:Discover the height of luxury living at Cyrene. Our community of high-rise apartments in downtown Seattle offers upscale one and two-bedroom floor plans featuring cutting-edge amenities and an elevated interior feel with stunning water views.Our central location in the heart of downtown Seattle offers picturesque waterfront living and prime access to Pike Place Market, Waterfront Park, Seattle Art Museum, and plenty of exciting shopping and dining options within walking distance. Hop on the light rail at University Street Station to get around the city in no time or stay local to explore the stunning scenery on the banks of Elliott Bay.Schedule your tour of our Seattle high rise today to see what all the buzz is about.Residence Features: ✩  Luxury Apartments  ✩  Floor-to-Ceiling Windows ✩  Gas stove ✩  Full-Size Washer/Dryer in unit ✩  Fireplace ✩  Gourmet Kitchen ✩  Walk-In Closets ✩  Modern ✩  High-Speed Internet Access ✩  Vaulted ceiling ✩  Disposal ✩  Air Conditioning ✩  Open-Concept Layout ✩  Heating ✩  Storage Units ✩  Large  ✩  Balcony  ✩  Dishwasher ✩  Water View ✩  Complete Set Of Bosch Stainless-steel Appliances ✩  Rooftop ✩  Smoke-Free ✩  Quartz Countertops ✩  Cable ReadyCommunity Features: ✩  Three separate lounge areas equipped with TVs and coffee bar ✩  Bike storage ✩  Resident storage ✩  Controlled-access parking ✩  Chef's kitchen, dining tables, bar, fireplace, pool table ✩  On-site leasing office and concierge services ✩  Electric vehicle stations ✩  Theater and lounge ✩  Mailroom & package storage ✩  Fully-equipped gym and yoga studio ✩  Mountain, sound & skyline views ✩  Dog run ✩  Sky Lounge clubroom ✩  Rooftop terraces with cabanas, BBQs, and fireplacesPet Policy:Maximum 2 pets allowed in each apartment home w/ no weight restrictions. No pet deposit, however each pet adds $50 in additional rent. Aggressive breed restrictions apply. Our Address Office Hours:Monday-Friday:9:00AM-6:00PMSaturday:10:00AM-5:00PM Equal Housing OpportunityDowntown Seattle Seattle Seattle waterfront Waterfront Pike Place Market Pike Place Market Seattle market Pet friendly Dog friendly Cat friendly Belltown Queen Anne Seahawk's stadium Seattle wheel Big wheel University Street Bus system Bus Light Rail Train station Train Shops UberC1jmnE33"	https://seattle.craigslist.org/see/apa/d/seattle-weeks-free-luxury-living/7703243380.html
7703243230	Balconies *, GE Washer/Dryer in Unit, Garage Parking	2459	maple leaf	blacklisted_description	Maple Leaf, Northgate	(47.70312, -122.325136)	False	"Thornton Place337 NE 103rd St, Seattle, WA, 98125Want more information on this unit? See link (below):https://greystar.leasehomenow.com/i7244cCall Now -  show contact info
 x 7OR Text 7 to  show contact info
 to contact our team.Living Begins Here1 Bedroom, 1 Bath | Approximately 639 Sq. Ft.Community Info:Feel at HomeThornton Place offers two styles of apartments: Creekside and Plaza. Creekside features refined interiors including natural gas fireplaces and ranges, private patio or balcony spaces, a stainless-steel kitchen package, and granite countertops. Our Plaza apartments features blonde wood cabinetry, trash chutes on every floor, and energy-efficient appliances. Each apartment has abundant natural light, open floor plans, and unique views of our community. Thornton Place is also home to a 14-screen Regal Cinemas theater, seven restaurants, and is only a quick 5-minute walk to the Northgate Light Rail station. Unit Highlights ✧  CabinetryLush ✧  Stacked Washer/DryerOversized  ✧  Plank Flooring or Berber Carpet * ✧  Energy Efficient Appliances ✧  Natural Gas Ranges + FireplacesGE  ✧  Blondewood Cabinetry ✧  High Ceilings up to 20 Feet * ✧  Stainless Steel Appliances ✧  Balconies * ✧  Patio or Balcony Spaces * ✧  White Kashmir Granite Counters ✧  Floor Plans ✧  Vaulted Ceilings * ✧  GE Washer/Dryer in Unit ✧  Abundant Natural LightMaple  ✧  Landscaped Views ✧  Sun-Soaked with Large Windows ✧  Open Kitchen Designs ✧  Bamboo or Cherry floors * ✧  Oversized Floor PlansCommunity Highlights ✧  Conference Room ✧  Online Portal ✧  Outdoor Spaces ✧  Pet-Friendly Community ✧  Garage Parking ✧  Package Acceptance ✧  Controlled Access Entry ✧  Walkable Neighborhood ✧  24-Hour Fitness Center ✧  Guest Suite ✧  Dining, Shopping & Entertainment ✧  Thornton Lounge ✧  On-Site ManagementOffice HoursMonday-Friday9:00 AM - 6:00 PMSaturday-Sunday10:00 AM - 6:00 PM We do not accept Comprehensive Reusable Tenant Screening Reports as defined by and pursuant to RCW 59.18.* Floor plans are artist’s rendering. All dimensions are approximate. Actual product and specifications may vary in dimension or detail. Not all features are available in every rental home. Pricing and availability are subject to change. Rent is based on monthly frequency. Additional fees may apply, such as but not limited to package delivery, trash, water, amenities, etc. Deposits vary. Please see a representative for details.Equal Housing Opportunity1kxv3NwF"	https://seattle.craigslist.org/see/apa/d/seattle-balconies-ge-washer-dryer-in/7703243230.html
7703243120	Walkable Wedgwood Neighborhood!	2825	wedgwood	blacklisted_description	Wedgwood	(47.690869, -122.290537)	False	"Jasper8606 35th Ave NE, Seattle, WA, 98115Want more info on this unit? See the link (below):https://thrive.touraptnow.com/9g2629Call Now -  show contact info
 x 24Welcome Home to Jasper2 Bedroom, 2 Bath | Approximately 1100 Sq. Ft.Community Info: Unit Highlights ✧  Large closets (walk-ins available) ✧  Granite countertops ✧  Tile kitchen backsplash ✧  Dishwasher ✧  Microwave ✧  Extra-spacious floorplans ✧  Stainless steel appliances ✧  Garbage disposal ✧  Balcony or patio ✧  In-unit washer/dryerCommunity Highlights ✧  Community lounge with cable TV and full kitchen ✧  Pet-friendly policies ✧  Free wi-fi in lobby and rooftop spaces ✧  Landscaped roof deck with BBQs ✧  On-site management and maintenance staff ✧  Online rent payment and maintenance requests ✧  Reserved garage parking ✧  Resident social network ✧  Controlled access elevatorOffice HoursMonday-Friday: 9:00AM-6:00PMPet PolicyCats & Dogs ok Max Number of Pets: 2 Pet Deposit Max: $300 Pet Monthly Rent Max: $125 Please call for more information regarding Pet Policy Photos and/or floor plans shown are representational and may not depict the exact layout or features of the available unit. If currently occupied, the individual unit you've selected may not be available to tour. Please contact our leasing team with any questions.Equal Housing OpportunityA7rwYuCx9"	https://seattle.craigslist.org/see/apa/d/seattle-walkable-wedgwood-neighborhood/7703243120.html
7703242960	-Quality quartz countertops, -Incredible floor-to-ceiling windows	1619	seattle	blacklisted_description	seattle	(47.754302, -122.34574)	False	"Paceline17202 Aurora Ave North, Shoreline, WA, 98133Visit This Website to See More:https://avenue5.aptfeatures.com/e73588Call Now -  show contact info
 x 21OR Text 21 to  show contact info
 to contact our team. At Your Own Pace1 Bedroom, 1 Bath | Approximately 477 Sq. Ft.Community Info:We believe in doing things at our own pace. So whether you want to spend your night kicking back and relaxing—while watching a live concert from the comfort of our Sky Deck—or throwing a themed party in one of our community lounges, you’ll be right at home. Unit Highlights ✧  -Quality quartz countertops ✧  -Stylish two-tone cabinets to suit a variety of tastes ✧  -Washer and Dryer in the home! ✧  -Incredible floor-to-ceiling windows ✧  -Complete kitchen package with stainless steel appliancesCommunity Highlights ✧  -Sky Lounge, with a rooftop deck.  ✧  -Pet spa Perfect for pampering your furry friend ✧  -Terrace lounge located in our beautiful courtyard. ✧  -Fitness Center with everything you need! ✧  -Secure underground parking garage. ✧  -Located on the Interurban Trail with Bikes you can rent from the office. Office HoursMonday-Friday: 9:00AM-6:00PMSaturday-Sunday: 10:00AM-5:00PMPet PolicyWe adore pets as much as you do! Your furry (or not so furry) family member will love it here as much as you do! Though we love all pets we do have some breed restrictions, give us a call for more info. Income RequirementsYou have to make at least 2.5 times the monthly rent to income qualify. Equal Housing OpportunityXjUbcyNtA9sS"	https://seattle.craigslist.org/see/apa/d/seattle-quality-quartz-countertops/7703242960.html
7703242848	FREE RENT WHEN YOU MOVE IN ASAP! NEW APARTMENTS IN FIRST HILL!	1729	first hill	blacklisted_description	First Hill	(47.61422, -122.314137)	False	"3 bedroom | 2 bath | 977 square feetInterested In This Unit? Use this link for more details:https://avenue5.aptfeatures.com/0e574wWelcome to the Rise on MadisonCall Now -  show contact info
 x 224OR Text 224 to  show contact info
 to text us. Community Info:Affordable, modern design in an incredible First Hill location. That’s the promise of The Rise on Madison. Our selection of income restricted studio, one-, two-, and three-bedroom apartment homes offers Seattle living at its most vibrant. While there is no on-site parking, you can still experience the urban energy of your community—from work and shopping to dining and entertainment—all within walking distance and reachable by convenient light rail and bus line access.Take your lifestyle to new heights at The Rise on Madison!Income Limits Apply50% AMI - Annual Gross Income Cannot Exceed the Following per HH Size:1 Person: $47,9502 Person: $54,8003 Person: $61,6504 Person: $68,5005 Person: $74,0006 Person: $79,5007 Person: $84,95060% AMI - Annual Gross Income Cannot Exceed the Following per HH Size:1 Person: $57,5402 Person: $65,7503 Person: $73,9804 Person: $82,2005 Person: $88,8006 Person: $95,3507 Person: $101,940Residence Features: ✩  Large Windows ✩  Walk-In Closets* ✩  Solid Surface Countertops ✩  Modern Light Colored Cabinetry ✩  Hardwood-Style Flooring ✩  Exposed Concrete Ceilings* ✩  Entry Closet ✩  Brand New Finishing ✩  Open Concept Living ✩  Full Kitchen ✩  Ceiling Fans in Living Room**Amenities may vary and are subject to change at any timeCommunity Features: ✩  Bike Racks ✩  On-Site Laundry Facilities ✩  Controlled Access ✩  Fitness Center ✩  Elevator ✩  Outdoor Play Structure ✩  Computer Room with Printer ✩  Pet Friendly ✩  On-Site Management ✩  Mail Room ✩  Community Lounge with Kitchen ✩  On-Site Maintenance ✩  Multiple Roof DecksPet Policy:Allowed Deposit $200 Comments: Cats and dogs allowed, breed restrictions apply for dogs. Pet Rent is $35-$50. Please contact for more details. Income Requirements:This is an Affordable, Income Restricted community. Check with Leasing Office for details.Office Hours:Monday-Friday: 9:00AM-6:00PMEqual Housing OpportunityI0U3zxYwJd"	https://seattle.craigslist.org/see/apa/d/seattle-free-rent-when-you-move-in-asap/7703242848.html
7697532676	**8 WEEKS FREE** 1BR 1BA apt, Generous storage, W/D, Modern kitchen	1854	downtown	blacklisted_description	Seattle	(47.612051, -122.347308)	False	"The Elliott Pointe Apartments offers unique studio, one and two bedroom floor plans to suit your desire for luxury apartment living. Our apartments feature fantastic designer-colored walls, luxury plank floor, and stainless steel kitchen appliances.This apartment features:Fully-equipped, stainless kitchenOpen concept kitchen has breakfast barPlush carpetingLarge patio has sliding glass doors to both the living room and bedroom with extra outside storage unitPool viewCozy fireplaceGenerous storageFull-size Washer/Dryer in Laundry RoomCome Visit us!Elliott Pointe2226 Elliott AveSeattle, WA 98121https://livecreativejuices.com/pwlg3ann/elliott-pointeContact us today to schedule a tour! Call  show contact info
Office HoursTuesday - Saturday 9:00 AM - 6:00 PMClosed Sunday & MondayPhotos in ad may not be of actual apartment, however we try our best to use photos similar to the floor plan.related search terms ::: Elliott Bay, Pike Place Market, Seattle Waterfront, Bell Street Bridge, Belltown, Seattle Art Institute, highway 5, highway 99, Pier 66"	https://seattle.craigslist.org/see/apa/d/seattle-weeks-free-1br-1ba-apt-generous/7697532676.html
7703242663	On-Site Storage Units, Vaulted Ceilings*	3251	wallingford	blacklisted_description	Wallingford	(47.65437, -122.342296)	False	"Pricing is all dependent on move-in date and lease length; we offer 3-13-month term options. Our website will show all rates and terms updated each day. This is a 2 Bedroom, 2 Bath, Approximately 1205 Sq. Ft. See our property details here:https://greystar.leasehomenow.com/hb31m7Call Now -  show contact info
 x 106OR Text 106 to  show contact info
 to contact our leasing team.Welcome Home to Prescott Wallingford!Community Info:Prescott is conveniently located in Wallingford near Fremont, Ballard, Greenlake. Just off the Wallingford/Fremont Cut and a short walk to Gas Works and the famous Birk Gilman Trail. You'll find plenty of crafty hip spots to grab a bite, do some shopping or just enjoy the outdoors.Nestled within the greenery and quiet, tree-lined streets of Wallingford, Prescott is a residential solace near the city. Prescott is a place to relax on the rooftop, walk your dog around the neighborhood parks, and call home for many of years to come. Come visit now to find out for yourself.Features: ‣  Full-Size In-Unit Washer and Dryer ‣  17-Foot Ceilings* ‣  Stainless Steel Appliances ‣  Vinyl Floors* ‣  Walk-in Closets* ‣  Vaulted Ceilings* ‣  Controlled Access Doors  ‣  Decks, patios, or private rooftop terraces* ‣  Versatile Track Lighting Systems*Select units only.Community Amenities: ‣  Gated Access Parking Garage ‣  Package Lockers ‣  Off-Leash Dog Run ‣  On-Site Storage Units  ‣  Pea Patch Garden Bins  ‣  Easy Access to I-5, 99 & Bus Route 62/26 ‣  Lease Terms from 3-13 months ‣  FOB Access Doors  ‣  Community Lounge w/ Wi-fi ‣  Conference Room w/ Wi-fi ‣  Night Patrol ‣  On-Site Bike Storage  ‣  3 On-Site BBQ Grills ‣  Roof -Top w/ Spectacular Views ‣  Fitness centerPet Policy:Our apartments accommodate up to two pets per home. Additional deposits and breed restrictions apply. Income Requirements:Income must be 3 times the amount of rent to qualify.Office Hours:Monday-Friday: 10:00AM-6:00PMSaturday: 10:00AM-5:00PMPrescott Wallingford 3920 Stone Way North, Seattle, WA, 98103 We do not accept Comprehensive Reusable Tenant Screening Reports as defined by and pursuant to RCW 59.18.* Floor plans are artist’s rendering. All dimensions are approximate. Actual product and specifications may vary in dimension or detail. Not all features are available in every rental home. Pricing and availability are subject to change. Rent is based on monthly frequency. Additional fees may apply, such as but not limited to package delivery, trash, water, amenities, etc. Deposits vary. Please see a representative for details.Equal Housing OpportunityPSj29e0i5RBi"	https://seattle.craigslist.org/see/apa/d/seattle-on-site-storage-units-vaulted/7703242663.html
7703242662	Berber Carpeting, Whirlpool Washer & Dryer, Garbage Disposal	1732	interbay	blacklisted_description	Interbay	(47.64745, -122.377439)	False	"This is a 1 Bedroom, 1 Bath, Approximately 633 Sq. Ft. Want more info? See the link below:https://thrive.touraptnow.com/9b1L96Call Now -  show contact info
 x 21ADVENTURE STARTS HERECommunity Info:WELCOME TO CONTOUR AT INTERBAYLike the contour lines on a top of a map, life features peaks and valleys, scenic rest spots, mellow routes and inspiring climbs to the top for unique perspective. Whether it’s a kayak trip through the ship canal, trail running in Discovery Park, or happy hour aboard electric boats in Lake Union—your next adventure starts here.Whether you happily camp out in the comfort of your well-appointed home, hit the town for meetings and nightlife, or plot a powder weekend at the pass, Contour is the perfect jumping off point for work and play.Features: ‣  Stainless Steel Appliances ‣  Smart Home Integrations w/ Alexa and Mysa Thermostat ‣  USB Charging Outlets ‣  Pre-Wired for High speed Internet & Cable ‣  Hardwood Flooring ‣  Designer Kitchens ‣  Ice Maker ‣  Solid-Surface Counters ‣  Berber Carpeting ‣  Upgraded Faucets ‣  Garbage Disposal ‣  Built-In Microwave ‣  Kitchen Island ‣  Juliet Balcony ‣  Whirlpool Washer & Dryer ‣  Air Conditioning Community Amenities: ‣  Recycling Center & Trash Chutes ‣  Garage Parking ‣  24 Hour Fitness Center ‣  Designer Features ‣  BBQ Area & Rooftop Lawn w/ Lawn Games ‣  High-End Finishes ‣  Fetch Package Delivery Service ‣  Controlled Entry ‣  Pet Friendly w/ Dog Run ‣  Community Lounge w/ Coffee Bar & Private Working Spaces ‣  Rooftop View DeckPet Policy:Cats & Dogs Allowed 2 Pet Limit Per Home $300 Pet Deposit Per Pet (refundable at move-out) $50 Cat Rent $50 Dog Rent *Please call for details Income Requirements:2.5xOffice Hours:Monday: 9:00AM-6:00PMTuesday: 10:00AM-6:00PMWednesday: 9:00AM-6:00PMThursday: 10:00AM-6:00PMFriday: 9:00AM-6:00PMContour3036 16th Ave W, Seattle, WA, 98119Photos and/or floor plans shown are representational and may not depict the exact layout or features of the available unit. If currently occupied, the individual unit you've selected may not be available to tour. Please contact our leasing team with any questions.Equal Housing OpportunityC8GeTTZK"	https://seattle.craigslist.org/see/apa/d/seattle-berber-carpeting-whirlpool/7703242662.html
7703242568	Rooftop Gardening Pea Patches, Subway-tile backsplash, Chef's Kitchen	2196	south seattle	blacklisted_description	Seattle/Othello/South Seattle/Columbia City/SoDo	(47.537121, -122.281135)	False	"Assembly 1184200 S Othello St, Seattle, WA, 98118Call Now -  show contact info
 x 167Interested In This Unit? Use this link for more details:https://thrive.touraptnow.com/78av9wSouth Seattle Premier Apartments! Stylish Homes with Modern Conveniences! A Commuter's Dream!1 bedroom | 1 bath | 774 square feetFeatures: ✓  In select homes* ✓  Stainless steel appliances ✓  Wrap around decks* ✓  Juliet balconies* ✓  Walk in closets* ✓  Floor-to-ceiling windows* ✓  LED track lighting ✓  Full sized washer & dryer ✓  Glass top stoves ✓  Luxury plank vinyl & carpets in bedrooms ✓  Subway-tile backsplash ✓  Quartz countertops ✓  A/C air ports*Community Features: ✓  Fetch Package Delivery* - applicable charge may apply; inquire with Leasing Team ✓  Game Hall ✓  Hammock Area ✓  Bicycle Workspace & Storage ✓  Two Rooftop Pet Parks ✓  Sky Lounge ✓  Rooftop Gardening Pea Patches ✓  Light Rail Steps Away - Othello Station ✓  24-hour Fitness Center ✓  Chef's Kitchen ✓  Two Large Format BBQsCommunity Info:Modern apartment living in South SeattleEnvision life just south of the city, where you can relax with all the amenities your urban-dwelling friends enjoy (and then some). Days can start with a spin in the fitness center for you, and a romp in the dog run for your four-legged friend. After that, hop on the lightrail just steps away for a quick commute downtown or work remotely from the modern co-working spaces right here at home.Evenings and weekends can be spent in the theater, the game hall, the Sky Lounge that allows for entertaining in the chef’s kitchen or maybe the rooftop for grilling and dining al fresco with views of Mount Rainer and Lake Washington. It’s the perfect environment for hosting, but also the ideal place to kick back and enjoy some you-time.Othello Station is a residential hideaway just south of Seattle that is a commuter’s dream that keeps you connected with easy access to all Seattle has to offer. While being just minutes from work or play in Downtown Seattle, it’s home to its own Light Rail stop (right next door) but just as close to parks and outdoor adventures. Smack in the middle of the vibrant north Puget Sound, Assembly 118 connects you to the water, the woods, the shops, the eats and the bright city lights.Pet Policy:No weight limit Restricted breeds: Rottweiler, Pitbull / American Staffordshire Terrier, Doberman, Cane Corsos $300 Refundable Pet Deposit Due at Move In $50/month for dogs $35/month for cats Income Requirements:Combined income of 2.5 times the rentOffice Hours:Monday-Friday: 10:00AM-6:00PMSaturday-Sunday: 10:00AM-5:00PMPhotos and/or floor plans shown are representational and may not depict the exact layout or features of the available unit. If currently occupied, the individual unit you've selected may not be available to tour. Please contact our leasing team with any questions.Equal Housing OpportunityXbNJ7B1eqn9"	https://seattle.craigslist.org/see/apa/d/seattle-rooftop-gardening-pea-patches/7703242568.html
7703240177	Cozy, Wood-Burning FIreplace, Refrigerator	1831	white center	blacklisted_description	Burien, White Center, South Park, South Seattle	(47.4889, -122.3012)	False	"This is a 2 Bedroom, 1 Bath, Approximately 918 Sq. Ft. More unit details at:https://thrive.touraptnow.com/217623Call Now -  show contact info
 x 13Your New HomeCommunity Info:Welcome home to luxury and comfort at Park South Apartments. Nestled just south of the city center, our one and two bedroom apartments for rent in Seattle, Washington, are your home for modern and balanced living. You’ll love the renovated interiors, finished with a cozy, wood-burning fireplace where you can warm up on a cloudy day, while soaring lofted ceilings and large windows offer bright natural light and beautiful natural views. Beyond your walls, a world of community amenities await. A resort-inspired pool overlooking the Seattle skyline. A state-of-the-art fitness center. A fire pit lounge. Mature green trees everywhere. It’s all right at your fingertips when you call Park South Apartments home.Features: ‣  Cozy, Wood-Burning FIreplace ‣  Dishwasher ‣  Carpeting in Living Areas and Bedrooms ‣  High, Lofted Ceilings ‣  Extra Storage ‣  Wood-Style Vinyl Plank Flooring ‣  Private Patio or Balcony ‣  Garbage Disposal ‣  Stainless Steel Kitchen Appliances ‣  Refrigerator ‣  Electronic Thermostat ‣  In-Home Washer and Dryer ‣  Cable ReadyCommunity Amenities: ‣  Outdoor Swing Lounge with Fire Pits and Games ‣  Reservable, Covered Parking Spaces ‣  Outdoor Cornhole Courts and Ping Pong Tables ‣  Dedicated On-Site Management Team ‣  Dedicated On-Site Maintenance Team ‣  Business Center and Co-Working Area with Free Wi-Fi ‣  Free Weights and Cardio Training Fitness Equipment ‣  Luxury Clubhouse with Cozy Fireplace Lounge ‣  Off-Leash Dog Park and Community Walking Trails  ‣  Outdoor Grilling Stations and Dining Space ‣  State-of-the-Art Fitness Center with Boxing Ring  ‣  24-Hour Package Lockers Through Amazon Hub ‣  Close to Highway 99, I-5, SR 509 and Public Transportation Stops ‣  Resort-Inspired Pool with Views of the Seattle Skyline  ‣  Pool Lounge Area with Umbrellas and City ViewsPet Policy:Dogs & Cats Allowed Max Number: 2 Pet Deposit: $250 Pet Monthly Rent: $25-$50 Office Hours:Monday-Friday: 9:00AM-5:00PMPark South Apartments 10102 8th Ave S, Seattle, WA, 98168Photos and/or floor plans shown are representational and may not depict the exact layout or features of the available unit. If currently occupied, the individual unit you've selected may not be available to tour. Please contact our leasing team with any questions.Equal Housing OpportunityUl4WUwo0NW"	https://seattle.craigslist.org/see/apa/d/seattle-cozy-wood-burning-fireplace/7703240177.html
7703242341	Link and Mural Apartments. More than a home, its a community!	3372	west seattle	blacklisted_description	West Seattle	(47.562671, -122.380131)	False	"This is a 2 Bedroom, 2 Bath, Approximately 1005 Sq. Ft. Need more information? Copy this link:https://greystar.leasehomenow.com/537673Call Now -  show contact info
 x 62OR Text 62 to  show contact info
 to text our leasing team.WELCOME TO LINK + MURALCommunity Info:Link and Mural are two apartment communities located in the heart of the West Seattle Junction. We offer luxury living with a pet-friendly environment in one of the most active, fun, and walkable areas of metropolitan Seattle. With a walker's paradise Walk Score rating, everything you need for a good life is within reach at your fingertips. Just outside our front door you'll find unique, locally owned shops, eateries, neighborhood pubs, and grocery stores. If you're looking for a new home in West Seattle, stop by Link and Mural today!Both communities offer spacious studio, one, and two bedroom floor plans with large windows to capture striking views and allow in natural light. Enjoy the views and vibrancy of the city on your private patio or terrace. Cook a delicious dinner in your gourmet kitchen complete with sleek energy efficient appliances. Your new apartment home is also fully wired and connected for ease of digital world set up.Whether you choose Link or Mural as your new home, you will find your perfect oasis. Take a look at our photo gallery and schedule your visit, or drop by and visit us for your personal tour today!Features: ‣  with energy efficient appliances  ‣  Full Size Washer and Dryer ‣  Selected ‣  Ample closet space ‣  Spacious One, and Two Bedroom Floor Plans ‣  Fully Equipped Gourmet Kitchen ‣  Private Balconies and Terraces* ‣  Expansive Windows For Maximum Natural Lighting ‣  Fully Wired and Connected For Your Digital Lifestyle*Available at Select Units Only*Available at Select Units Only Community Amenities: ‣  Selected ‣  Electric Car Charging Stations** ‣  Complimentary Resident Bikes** ‣  Pet Friendly! ‣  Bike or Belongings Storage* ‣  Rooftop Deck with City Views ‣  Online Payments Available ‣  24 Hour Package Lockers ‣  Located on Rapid Ride C Line ‣  Penthouse Lounge* ‣  BBQ stations ‣  24 Hour Fitness Center ‣  Wifi Access throughout The Rooftop Lounge ‣  Underground Parking Garage**Link Apartments**Mural ApartmentsPet Policy:Link and Mural Apartments welcome your dogs and cats! Our homes accommodate up to 2 pets per home, with no weight limit. Additional deposits of $300, pet rent of $50/month and breed restrictions apply. Your pets will love it here! Income Requirements:Both Link and Mural are proud to participate in the Seattle Multifamily Property Tax Exemption (MFTE) program to provide rent-restricted homes to those with limited incomes. The maximum allowable income is determined by the City, expressed as a percentage of Area Median Income (%AMI).Office Hours:Monday-Friday: 9:00AM-6:00PMSaturday-Sunday: 10:00AM-5:00PMLink and Mural4550 38th Avenue Southwest, Seattle, WA, 98126 We do not accept Comprehensive Reusable Tenant Screening Reports as defined by and pursuant to RCW 59.18.* Floor plans are artist’s rendering. All dimensions are approximate. Actual product and specifications may vary in dimension or detail. Not all features are available in every rental home. Pricing and availability are subject to change. Rent is based on monthly frequency. Additional fees may apply, such as but not limited to package delivery, trash, water, amenities, etc. Deposits vary. Please see a representative for details.Equal Housing Opportunity5MHTVvglJiRJ"	https://seattle.craigslist.org/see/apa/d/seattle-link-and-mural-apartments-more/7703242341.html
7703242234	Floor to Ceiling Windows *, Bike Storage, Private Meeting Room	2569	queen anne	blacklisted_description	South Lake Union	(47.62112, -122.342263)	False	"Skyglass Apartments757 Thomas St, Seattle, WA, 98109More unit details at:https://greystar.leasehomenow.com/5101g9Call Now -  show contact info
 x 79OR Text 79 to  show contact info
 to text us.Live Brilliantly1 Bedroom, 1 Bath | Approximately 536 Sq. Ft.Community Info:Skyglass Apartments captures Seattle's ever-changing light in unique ways, offering residents a new perspective of South Lake Union and the cityscape from our studio, one, two, and three-bedroom apartment homes. Inside, the tower's airy, bright spaces are infused with style and design, and its amenities invite socializing and relaxation. Say hello to your future in the sky today! Unit Highlights ✧  Views of South Lake Union, Downtown Seattle, & Space Needle * ✧  Stainless Steel Appliances ✧  Quartz Counter Tops ✧  Modern Layouts ✧  Floor to Ceiling Windows * ✧  In-Unit Washer/Dryer*Only Available in Select UnitsCommunity Highlights ✧  Bike Storage ✧  Outdoor Spa on Roof ✧  Clubroom w/ Kitchen ✧  Breathtaking 360 Views ✧  Rooftop w/ Firepits, Seating, and BBQ Stations ✧  Pet Spa and Park ✧  Fitness Center & Yoga Studio ✧  Co-working Area ✧  Private Meeting Room ✧  Signature Art Pieces ✧  Sky Garden Terrace ✧  Storage LockersOffice HoursMonday - Friday (By Appointment) 9:00 AM - 6:00 PMSaturday - SundayClosedPet PolicySkyglass is a pet-friendly community! We do not accept Comprehensive Reusable Tenant Screening Reports as defined by and pursuant to RCW 59.18.* Floor plans are artist’s rendering. All dimensions are approximate. Actual product and specifications may vary in dimension or detail. Not all features are available in every rental home. Pricing and availability are subject to change. Rent is based on monthly frequency. Additional fees may apply, such as but not limited to package delivery, trash, water, amenities, etc. Deposits vary. Please see a representative for details.Equal Housing Opportunity23FbEPvAo"	https://seattle.craigslist.org/see/apa/d/seattle-floor-to-ceiling-windows-bike/7703242234.html
7703242117	Awesome Natural Lighting in Each Home - Receive Up To 8 Weeks Free!	2102	central district	blacklisted_description	Seattle Central District	(47.59662, -122.312236)	False	"Receive up to 8 Weeks Free! Muir 1601 South Lane Street , Seattle, WA, 98144Need more information? Copy this link:https://avenue5.aptfeatures.com/251506Call Now -  show contact info
 x 92OR Text 92 to  show contact info
 to text our team.YOUR JOURNEY HOME1 Bedroom, 1 Bath | Approximately 804 Sq. Ft.Community Info:Ascend to new heights at Muir Apartments, located at the corner of Rainier Avenue South and Dearborn Street, just east of Seattle's International District and Pioneer Square. Choose from a variety of studio, one- and two-bedroom floorplans and gain instant access to Downtown Seattle and the Eastside with transit at your doorstep. Unit Highlights ✧  Stainless steel kitchen appliances ✧  Energy efficient washer and dryer in every unit ✧  Access to Mount Rainier and Seattle skyline views* ✧  Storage and outdoor decks and patios* ✧  Large windows* ✧  Wood-style plank flooring throughout apartments*In select homesCommunity Highlights ✧  On-site retail ✧  Outdoor entertainment space ✧  Rooftop community space features deck and greenhouse ✧  Top-of-the-line grilling equipment ✧  Resident lounge ✧  Underground controlled-access parking ✧  Pet play area ✧  24 hour fitness center!Office HoursMonday-Friday: 9:00AM-6:00PMSaturday: 9:00AM-5:00PMPet PolicyPet friendly, contact for more information. Equal Housing Opportunity7pNWhbT4G5"	https://seattle.craigslist.org/see/apa/d/seattle-awesome-natural-lighting-in/7703242117.html
7702103044	2 bedroom, Renovated Interiors, Pantry	1788	north seattle	blacklisted_description	1020 112th St SW , Everett, WA	(47.896169, -122.248251)	False	"1020 112th St SW, Everett, WA 98204Welcome home to Timberline Court. Come and see our spacious, newly renovated apartments for rent in Everett, WA, and schedule a tour of Timberline Court Apartments. We have a wide selection of floor plans, including one- and two-bedroom apartments with plenty of room for you and yours to stretch out and relax. Each of our homes comes with a complete appliance package, including a dishwasher, range, oven, and refrigerator, wood-style flooring in common areas, carpeted bedrooms, and of course, the all-important oversized closets giving you a ton of storage space. Got a pet? Ask about our dog-friendly apartments during your tour. When residing in an apartment community, it is important that you choose the right one for your family. This will mean finding a place that offers easy access to everything you need, from shopping and dining to entertainment for young and old alike. You will find the right Everett apartments to meet your needs right here at Timberline Court. We offer a great selection of two- and one-bedroom apartment homes with everything you need, all in a great community. You can enjoy our dog park with a furred companion, take the kids to our onsite playground or enjoy easy access to Silver Lake, local restaurants, or I-5 for longer trips. One visit to our community will help you find a great selection of apartments for rent, whether you desire something for one or require space for a family. Our goal is to exceed all your expectations about apartment living by providing you with a gorgeous home that keeps you close to all you need or want while offering the peace of living outside the hubbub of city life. Whether you want pet-friendly apartments for you and a furred companion or need something larger for your family, Timberline has exactly what you desire. In one quick visit to Timberline Court Apartments in Everett, you will find a great place to live. Our homes offer you a place of peace in a hectic life. Schedule your tour now.Unit Amenities:Wood Burning Fireplaces (3rd Floor Only)Renovated InteriorsPantryRefrigeratorGarbage DisposalDishwasherVaulted Ceilings (3rd Floor Only)Walk In ClosetsCeiling Fans*In Select HomesCommunity Amenities:Onsite Laundry FacilityAmazon Hub LockersPlaygroundDog ParkCall:  show contact info
For more information, visit us at: https://livecushwake.com/xqq725zu/timberline-court*Equal housing opportunity*"	https://seattle.craigslist.org/see/apa/d/everett-bedroom-renovated-interiors/7702103044.html
7703241995	NEW 24-Hour Fitness Center, New Energy Efficient Windows, Elevators	2380	first hill	blacklisted_description	Capital Hill/First Hill Seattle	(47.612322, -122.325919)	False	"Union Park1310 Minor Ave, Seattle, WA, 98101Interested in more information? See link below:https://thrive.touraptnow.com/b9m68zCall Now -  show contact info
 x 84Welcome to Union Park Apartments1 Bedroom, 1 Bath | Approximately 705 Sq. Ft.Community Info:This sophisticated building is in a First Hill residential neighborhood, bordering eclectic Capitol Hill and is only steps away from the downtown financial and shopping districts including Pike Place Market, Symphony hall, museums, theaters, Seattle's world class Library and professional sporting events are within blocks, and there is easy access to major medical centers, freeways and public transportation, including Washington State Ferries and Sea-Tac Airport. Unit Highlights ✧  Lofts with Vaulted 20ft Ceilings* ✧  Disposal ✧  Dishwasher ✧  Views* ✧  Washer/Dryer in Unit ✧  New Energy Efficient Windows ✧  A/C Port (in all homes) ✧  Updated Balcony with Built-in Storage Closets**Only available in select apartmentsCommunity Highlights ✧  Bark Park / Dog Run ✧  Free Bike Storage ✧  Just minutes away from I-5 & 520 to I-405 ✧  Security Cameras ✧  Elevators ✧  NEW 24-Hour Fitness Center ✧  Controlled Access Building (ButterflyMX) ✧  24-Hour Maintenance Emergency Line ✧  Secured Access Parking Garage  ✧  Private Outdoor Courtyard with Lounge Area ✧  Close to Public Transportation ✧  Parks, Cafe's, Restaurants, Grocery, Shopping, Entertainment and more all within a 3-block radius.  ✧  Building Exterior & Lobby decorated with Local Art  ✧  Resident Lounge with Free Wi-Fi & Self-Serve Cafe' StationDriving DirectionsLocated at the 5 Corner intersection of East Union St, and Minor Ave.Office HoursMonday, Wednesday, Friday: 9:00AM - 6:00PMTuesday, Thursday: 10:00AM - 6:00PMSaturday, Sunday: 10:00AM - 5:00PMPet PolicyCats - 2 allowed, Deposit $300.00 Dogs - 2 allowed, Deposit $300.00 Comments: Max 2 pets Pet Rent: 1st cat - $35 cat rent; 2nd cat - $50 cat rent 1st dog - $50 dog rent; 2nd dog - $75 dog rent 1 dog and 1 cat - $50 each in pet rent ($100 for both pets) Restrictions: Some breed restrictions apply Income RequirementsMust make 2.5 times the rent and we do allow qualifying guarantors.Only Short Term Leases Available. Expiring April 2024Photos and/or floor plans shown are representational and may not depict the exact layout or features of the available unit. If currently occupied, the individual unit you've selected may not be available to tour. Please contact our leasing team with any questions.Equal Housing Opportunitygp7GYha3HFHs"	https://seattle.craigslist.org/see/apa/d/seattle-new-24-hour-fitness-center-new/7703241995.html
7703241992	Professional On-Site Staff, Poolside Seating, Lounge Chairs & BBQ's	2150	north seattle	blacklisted_description	Bothell	(47.828638, -122.209161)	False	"This is a 2 Bedroom, 1 Bath, Approximately 906 Sq. Ft. Visit This Website to See More:https://thrive.touraptnow.com/01zbw7Call Now -  show contact info
 x 37Look and lease live Rent Free until 2024!!Community Info:Welcome Home to Waterstone at Silver Creek, Where Price and Perfection Come Together. Our 1, 2, and 3 bedroom apartment homes have been updated and upgraded with condo-style quality at an exceptional value.Features: ‣  Walk-in Closets* ‣  Custom Countertops ‣  Modern Maple Cabinetry ‣  Pre-Wired for Phone, Cable and Internet ‣  Designer Paint ‣  Wood Burning Fireplace ‣  Craftsman–Style Doors & Trim ‣  Private Patios & Balconies with Storage ‣  Ample Storage Throughout ‣  Washer & Dryer in Every Unit ‣  Stain Nickel Hardware ‣  Dishwasher/Disposal ‣  Energy Efficient Windows ‣  High-end Flooring ‣  Vaulted Ceilings Available* ‣  Stainless Steel Appliances* ‣  Upgraded Modern LightingCommunity Amenities: ‣  Heated Outdoor Pool ‣  Minutes away from Parks, Restaurants, Entertainment, Shopping & More! ‣  Conveniently Located Between Mill Creek Town Center & Canyon Park ‣  Professional On-Site Staff ‣  24-Hour Emergency Maintenance ‣  Nature Trails (Leads to Silver Creek & North Creek Parks)  ‣  Poolside Seating, Lounge Chairs & BBQ's  ‣  Covered Carports & Garages  ‣  State-of-the-art Fitness Center ‣  Dog Park w/ Agility Track ‣  Outdoor Basketball Hoop ‣  Yoga/Dance Studio ‣  Elegant Community Center w/ Shuffleboard, TV & Dual-sided Fireplace ‣  PlaygroundPet Policy:We are a pet friendly community with an off-leash dog park and lots of walking trails. The Pet Deposit is $300 (per pet) and a $300 Pet Fee + Pet Rent. 2 Pets Max. There are some breed restrictions but no weight limits. Please contact our office for more details! Income Requirements:2.5 Times Rent (Gross Income)Office Hours:Monday, Wednesday and Friday:9:00AM-6:00PMTuesday and Thursday: 10:00AM-6:00PMSaturday:10:00AM-5:00PMSunday:12:00PM-5:00PMWaterstone at Silvercreek1805 186th Pl SE , Bothell , WA, 98012Photos and/or floor plans shown are representational and may not depict the exact layout or features of the available unit. If currently occupied, the individual unit you've selected may not be available to tour. Please contact our leasing team with any questions.Equal Housing Opportunityji4qHZsSQ"	https://seattle.craigslist.org/see/apa/d/bothell-professional-on-site-staff/7703241992.html
7703241894	Storage, Roof Deck, Public Transportation, Grocery Store	2943	capital hill	blacklisted_description	Seattle	(47.6116, -122.3056)	False	"This is a 2 Bedroom, 2 Bath, Approximately 957 Sq. Ft. Use the link below for more details:https://thrive.touraptnow.com/38th98Call Now -  show contact info
 x 167LIfe, Well-RoundedCommunity Info:Vibrant LivingAt Summit at Madison Park, trendy finishes and inspired living spaces come together to create a luxury lifestyle unlike any other. Bright, airy, and spacious, the studio, one, two, and three bedroom floor plans include polished granite countertops, sleek black appliances, ceramic tile flooring, and in-home washers and dryers.Features: ‣  Tiled Floors ‣  Microwave ‣  Ice Maker ‣  Decks or Patios ‣  Fireplace ‣  Granite Counters ‣  Apply now and earn 8 weeks FREE! Hurry while the offer lasts! Contact our leasing office for full details on this limited time special only on select homes! ‣  Plank Flooring * ‣  Washer & Dryer* Only available in select unitsCommunity Amenities: ‣  Roof Deck ‣  Grocery Store ‣  Public Transportation ‣  Views ‣  Storage ‣  Guest Suite ‣  Package Lockers ‣  Media Room ‣  Pet Area ‣  Parking Garage ‣  Community Lounge ‣  BBQs ‣  Elevators ‣  GymPet Policy:Summit at Madison Park is a pet-friendly community! Office Hours:Monday-Friday: 9:00AM-6:00PMSaturday: 10:00AM-5:00PMSummit at Madison Park1819 23rd Ave Seattle, Seattle, WA, 98122Photos and/or floor plans shown are representational and may not depict the exact layout or features of the available unit. If currently occupied, the individual unit you've selected may not be available to tour. Please contact our leasing team with any questions.Equal Housing OpportunityKWxI1V7yNZch"	https://seattle.craigslist.org/see/apa/d/seattle-storage-roof-deck-public/7703241894.html
7703241885	One Month Free on Select One Bedroom Apartments!	2100	west seattle	blacklisted_description	2201 SW Holden ST Seattle WA 98106	(47.533696, -122.361623)	False	"Westhaven2201 SW Holden St. , Seattle, WA, 98106More unit details at:https://avenue5.aptfeatures.com/28ecw6Call Now -  show contact info
 x 128OR Text 128 to  show contact info
 for more information.Welcome to Westhaven, the relaxing destination in West Seattle!2 Bedroom, 1 Bath | Approximately 850 Sq. Ft.Community Info:Westhaven Apartments offers newly renovated apartment homes featuring new black appliances, vinyl wood floors, cozy wood-burning fireplaces, and full-size washers and dryers. Surrounded by seven acres of manicured lawns, Westhaven offers the convenience of a city location with the serene feel of the country. Westhaven is located close to South Seattle Community College, downtown Seattle, shopping, schools, and freeways. So whether you are a student at the nearby college, or commute to work in downtown Seattle, Westhaven is an ideal place for you to call home. Unit Highlights ✧  Individual Climate Control ✧  Large Closets ✧  Microwave ✧  Ceiling Fan  ✧  Private Patio ✧  Large Closets ✧  King-Sized Bedroom  ✧  Cable Ready ✧  Electric Range  ✧  Mountain and Greenspace ✧  Garbage Disposal ✧  Dishwasher ✧  Carpeting ✧  Fireplace-Wood  ✧  In Unit Washer & Dryer ✧  Built-In Storage ✧  Black Appliances  ✧  Vinyl Flooring Throughout in select homes ✧  Private Balcony  ✧  Wheelchair Access ✧  Refrigerator ✧  Heat Community Highlights ✧  BBQ Area ✧  Fitness Center  ✧  On-site Laundry Facilities ✧  Complimentary Wi-Fi ✧  Availability 24 Hours ✧  On-Site Management ✧  Bark Park ✧  Free Weights ✧  Accepts Electronic Payments  ✧  Business Center ✧  Sundeck ✧  3 Monthly Events Host by Apartment Life  ✧  Year Round Hot Tub  ✧  Sauna ✧  Accepts Credit Card Payments ✧  Amazon Hub - Package Lockers ✧  Billiards Table ✧  Public Transportation ✧  Clubhouse  ✧  Courtesy Patrol ✧  Covered Carports ✧  On-Site Maintenance ✧  Seasonal Pool ✧  TV Lounge ✧  Covered Parking ✧  Pet Wash Station ✧  Direct Entry ✧  Street ParkingDriving DirectionsHeading North Bound: I-5 Northbound. Take WA-599 N. Then Hwy 99 N to Highland Park Way SW in Seattle. Continue straight onto Highland Park Way SW. Turn right onto SW Holden St. Turn right onto 20th Ave SW. 20th Ave SW turns left and becomes 21st Ave SW. Turn Left onto Delridge Way SW. Turn right onto SW Holden St. Turn left onto 24th Ave SW. Turn right at SW Chicago Ct/SW Portland Ct and Destination will be on the left. Heading South Bound: I-5 S. Follow I-5 S to Corson Ave S. Take exit 2162 from I-5 S. Get on Hwy 99S/WA-509S/WA-99S. Continue on Hwy 99S/WA-509 to WA-99/2nd Ave SW. Take the WA-99 S exit from Hwy 99 S/WA-509 S/WA-99S. Take W Marginal Way SW, Highland Park SW, and SW Holden St to your destination.Office HoursMonday-Sunday: 9:00AM-6:00PMPet PolicyWesthaven welcomes your dogs & cats. Our homes accommodate up to 2 pets per home, with no weight limit (breed restrictions apply). Pet deposit of $300 and monthly pet rent of $50 each pet. Your pets will love it here! Income RequirementsIncome Requirements are 3x the amount of rent Gross Income. Equal Housing OpportunityvqVL4hRzf"	https://seattle.craigslist.org/see/apa/d/seattle-one-month-free-on-select-one/7703241885.html
7703241860	Steps from Starbucks + Rooftop terrace + Pet Friendly	1695	west seattle	blacklisted_description	West Seattle	(47.56214, -122.377347)	False	"3 weeks free off your second month's rent  Welcome to Nova Apartments1 Bedroom, 1 Bath | Approximately 610 Sq. Ft.Visit This Website to See More:https://mhe.aptfeatures.com/354891Welcome to your new home!Call Now -  show contact info
 x 94 Community Info:Nova is a bright new star in West Seattle! Nova is a built green community offering spacious one and two bedroom homes that each comes complete with a high-efficiency stainless steel appliance package. If the 3D sculptural screen wall doesn't instantly grab you, the out-of-this-world moon garden/rooftop deck certainly will! Nova is close to many shops, restaurants, and entertainment, where adventure is waiting right outside your door.Nova apartments in West Seattle also has a huge rooftop deck with a gas firepit, 3 grills for barbecuing, multiple hangout areas with comfortable seating, lounge chairs for sunbathing, 2 view finders and MORE! We also have a resident lounge with a large flat screen TV, fireplace and wet bar.Nova is a short walk to...-Trader Joe's-LA Fitness-Alaska Junction-Whole Foods (brand new)-Safeway and QFCand a short drive to..-Alki Beach-Lincoln Park-Downtown Seattle -20 min to SeatacCome see why Nova is a shining star that offers something for everyone!Residence Features: ✩  Washer ✩  Views ✩  Dishwasher ✩  Floor to ceiling windows  ✩  Plank flooring ✩  Built in storage ✩  Huge closets ✩  Refrigerator ✩  Views* ✩  Dryer ✩  Quartz counters*in select unitsCommunity Features: ✩  On-site maintenance ✩  Pet friendly ✩  Reserved garage parking available ✩  Controlled access building ✩  Rooftop deck ✩  Online payments available  ✩  TV lounge ✩  Free bike storagePet Policy:We are a pet friendly community, welcoming both cats and dogs with no weight restriction & no breed restrictions! We limit 2 pets per home with a refundable pet deposit of $250. There is also a monthly pet rent of $40 per cat and dog. Please contact our leasing office for more information about our Pet Policy. Income Requirements:MFTE Applicants: The max annual income for an Urban 1x1 apartment; one-person household is $67,940.00 and a two-person household $77,640.00.Application + monthly fees:Applicants must provide monthly income that is at least 3 times the monthly rentIf an applicant is unable to provide monthly income that meets our requirements we accept guarantorsApplication fee $25.00 per adultSecurity Deposit $500.00-$1000.00Pet deposit $250.00Pet rent $40.00 per pet/monthW/s/g $75.00/monthElectricity is metered and billed to tenants directly through Seattle City LightCable & internet will be billed directly through the provider you choose that services our propertyParking $150.00/monthStorage $45.00/monthOffice Hours:By Appointment Only M-F Equal Housing Opportunity90nRx2LkFdkY"	https://seattle.craigslist.org/see/apa/d/seattle-steps-from-starbucks-rooftop/7703241860.html
7702745608	LIMITED AVAILABILITY; APPLY ONLINE QUICKLY! Apts w/ So Much Nearby!	1742	renton	blacklisted_description	95 Burnett Ave S, Renton, WA	(47.483106, -122.208255)	False	"95 Burnett Ave S, Renton, WA 98057Welcome to 95 Burnett Apartments, an intimate community with a charming atmosphere. Our apartment community is located in Downtown Renton, Washington a vibrant neighborhood brimming with boutique shops, restaurants and parks, all within walking distance from your front door. Choose from eight spacious floor plans with studio, one, two and three bedroom options including two level townhomes. Each home is tailored with amenities such as hardwood floors, 9 ceilings, private balconies/patios, fully equipped kitchens with granite countertops, in-home washer and dryer and select homes feature vaulted ceilings. Plus, enjoy our year round firepit and BBQ gazebo and play ping pong, cornhole, or putt-putt golf with your friends, family or neighbors on our second floor patio deck!,Living at 95 Burnett Apartments in Renton gives you easy access to I-405, and we are just a few miles from Tukwila Station for a quick commute to Seattle and Tacoma on the Sounder train. Flying out for business or pleasure?  We're just six miles from Seattle-Tacoma International Airport.  Our convenient location also puts you within minutes to Boeing, Renton Landing, Southcenter Mall, Gene Coulon Memorial Beach Park and Cedar River Park. Wed love to have you call 95 Burnett your new home. Give us a call to schedule your tour today!,Unit Amenities:All-electric KitchenBreakfast BarCarpeted FloorsCovered Parking GarageDen or Study*GarageHardwood FloorsMini BlindsRefrigeratorTrack and Pendant Lighting*In Select HomesCommunity Amenities:Pet-friendly staff (with dog treats in the office)CourtyardClose to shoppingSoaker tubCopy and fax servicesSpacious floorplansCall:  show contact info
For more information, visit us at: https://livecushwake.com/yoy5742m/95-burnett*Equal housing opportunity*"	https://seattle.craigslist.org/see/apa/d/renton-limited-availability-apply/7702745608.html
7703241710	Self-Cleaning Oven, Fully Equipped Kitchen, Electric Car Chargers	2595	central district	blacklisted_description	Seattle	(47.593529, -122.308393)	False	"This is a 1 Bedroom, 1.5 Bath, Approximately 981 Sq. Ft. Interested in more information? Visit link below:https://amc.touraptnow.com/625703Welcome Home to 999 HiawathaCall Now -  show contact info
 x 66OR Text 66 to  show contact info
 to contact our leasing team. Community Info:Experience city living at its best at 999 Hiawatha. Located in Seattle’s vibrant, up-and-coming Jackson Place Neighborhood, yet nestled near parks and trails, 999 Hiawatha is an urban retreat for city dwellers. We’re a fresh, pet-friendly community with a wide choice of studio, one, and two-bedroom floor plans. Enjoy epic views of Mt. Rainier and Downtown Seattle from lush rooftop patios, easy commuter access to Downtown Seattle and Bellevue, and all the Jackson Place neighborhood has to offer!Residence Features: ✩  Faux White Wood Blinds ✩  Stainless Steel Appliances ✩  Vinyl Plank Flooring  ✩  Updated Light Fixtures ✩  Self-Cleaning Oven ✩  Pet Friendly ✩  Full Size Washer & Dryer ✩  Fully Equipped Kitchen ✩  Energy-Efficient Appliances ✩  Large Light-Filled WindowsCommunity Features: ✩  Bike Storage ✩  Interior Garden Courtyard ✩  Electric Car Chargers ✩  Secure Parking ✩  Professionally Managed  ✩  After Hours Maintenance Emergency ✩  Fitness Center ✩  Package Lockers ✩  Storage Lockers ✩  Live Monitoring  ✩  2 Roof Top DecksPet Policy:We allow up to 2 pets per home with common breed restrictions for dogs. Income Requirements:2.5x monthly rentOffice Hours:Monday-Friday: 9:00AM-6:00PMSaturday: 10:00AM-5:00PM Prices are subject to change, based on availability and qualification of the applicant, additional fees may apply.Equal Housing Opportunityjmv8f8Bq9w"	https://seattle.craigslist.org/see/apa/d/seattle-self-cleaning-oven-fully/7703241710.html
7703241653	Community web site, Controlled building access, Pet Washing Station	2015	ballard	blacklisted_description	Ballard-Seattle	(47.670811, -122.385102)	False	"1 Bedroom, 1 Bath | Approximately 681 Sq. Ft.Interested In This Unit? Use this link for more details:https://greystar.leasehomenow.com/d24663Experience hygge at Home on the ParkCall Now -  show contact info
 x 47OR Text 47 to  show contact info
 to contact our team. Community Info:In a neighborhood historically called Little Scandinavia, Ballard on the Park embodies the Danish concept of deep contentment and cozy well-being—known as hygge—by blending an inviting, convivial atmosphere with the warm wood tones and clean lines of contemporary Scandinavian design. Come home to a comfortable studio, one or two bedroom home that pairs an intuitive layout and modern features with access to resident amenities that enhance your relaxation and satisfaction. Your journey begins here.Residence Features: ✩  Dishwasher ✩  Views ✩  Linen Closet ✩  Dining Room ✩  Walk-In Closets ✩  Ice Maker ✩  Den ✩  Tile Floors ✩  Eat-in Kitchen ✩  Island Kitchen ✩  Window Coverings ✩  Granite Countertops ✩  Oven ✩  Pantry ✩  Instant Hot Water ✩  Refrigerator ✩  Range ✩  Kitchen ✩  Microwave ✩  Disposal ✩  Stainless Steel Appliances ✩  Freezer ✩  Carpet ✩  Vaulted CeilingCommunity Features: ✩  Package Lockers ✩  Bike Repair Station - Fully Equipped ✩  Green and flowered areas ✩  Property Manager on Site ✩  24hr. Emergency maintenance ✩  24hr. Business center ✩  High-speed internet access ✩  Courtyard ✩  Controlled building access ✩  BBQ/Picnic Area ✩  Security System ✩  On-call Courtesy Patrol ✩  Community web site ✩  Outdoor hot tub ✩  Media room/theater ✩  Wired for high-speed internetPackage Service ✩  Pet Washing Station ✩  Controlled Access ✩  Cable Ready ✩  Short-term lease ✩  Walk to bus line ✩  Well maintained grounds ✩  Professional Demonstration Kitchen ✩  Intercom entry system ✩  Conference/Meeting room ✩  Covered parking for some carsPet Policy:We welcome 2 pets per apartment home. There is a $300 pet deposit per pet, and a $50 monthly pet rent. Cats and dogs are allowed. Other animals must remain in a cage. Please call for complete pet policy information. Other animals must remain in a cage. Office Hours:Monday-Saturday: 9:00AM-6:00PM We do not accept Comprehensive Reusable Tenant Screening Reports as defined by and pursuant to RCW 59.18.* Floor plans are artist’s rendering. All dimensions are approximate. Actual product and specifications may vary in dimension or detail. Not all features are available in every rental home. Pricing and availability are subject to change. Rent is based on monthly frequency. Additional fees may apply, such as but not limited to package delivery, trash, water, amenities, etc. Deposits vary. Please see a representative for details.Equal Housing OpportunitygoeOxqjZ2OID"	https://seattle.craigslist.org/see/apa/d/seattle-community-web-site-controlled/7703241653.html
7703241607	Great jogging spots at your finger tips with this Green Lake Home!	2060	green lake	blacklisted_description	Green Lake	(47.680426, -122.32406)	False	"1 Bedroom, 1 Bath | Approximately 574 Sq. Ft.See our property details here:https://thrive.touraptnow.com/7c39idONE NEIGHBORHOOD. TWO LUXURY APARTMENT COMMUNITIES.Call Now -  show contact info
 x 133 Community Info:Where you live is a reward that stimulates the senses and excites the mind. Meet Green Lake Village and The Eddy, a community that offers just that – stylish apartment homes with sleek, modern interiors and thoughtfully designed amenity spaces.Green Lake is a connected community built for and around the outdoor enthusiasts. Everything you need to make the most of life in Seattle is within reach.Residence Features: ✩  Personal Balconies or Patios* ✩  Complete Stainless-Steel Appliance Package ✩  Energy-Efficient, Dual-Pane Windows ✩  Gourmet Kitchens ✩  Open-Concept Living Areas ✩  Contemporary Lighting ✩  Distinctive Wood-Style Flooring ✩  Modern Custom-Wood Cabinetry ✩  LEED-Silver Certification ✩  Modern Track Lighting in Kitchens & Dining Spaces ✩  Oversized Closets* ✩  High-Efficiency Full-Size Front-Loading Washers & Dryers ✩  Energy-Efficient Lighting ✩  Quartz Countertops Throughout ✩  Designer Finishes with Accent Walls* ✩  Expansive Ceilings* ✩  Plush Carpeting in BedroomsCommunity Features: ✩  Surrounded by Restaurants, Entertainment & Shopping ✩  Indoor Bike Storage ✩  Resident Lounge with Flat-Screen TVs & Pool Table ✩  Controlled-Access Community ✩  Smoke-Free Community ✩  Excellent Freeway Access ✩  We Love Pets!* ✩  Retail Experiences within Walking Distance ✩  Concierge Conveniences (Dry Cleaning, etc.) ✩  92 Walkscore ✩  Expansive Roof Deck/Club Room with Panoramic Views ✩  Community Kayak and Paddle Board ✩  Reservable Club Room with Pool Table, Full Kitchen & two TV's ✩  24-Hour Fitness Center with Top-of-the-Line Equipment ✩  Wi-Fi Access in Common Areas ✩  Spectacular Skyline Vistas ✩  Outdoor Courtyard ✩  Additional Storage Available* ✩  Easy Access to Public Transportation ✩  Short Walk to Parks & Recreational Activities ✩  Community Barbecue Grilling Stations ✩  Breathtaking City & Mountain ViewsPet Policy:Restricted animals and/or breeds include, but are not limited to, the following: 1. Animals: Reptiles (snakes, iguanas) Ferrets, Skunks, Raccoons, Squirrels, Rabbits, Birds (parrots, cockatiels, macaws) 2. Breeds: Cane Carsos, Pit Bulls, Rottweilers, Doberman Pinschers, Any hybrid or mixed breed of one of the Income Requirements:2.5 times the rentOffice Hours:Monday-Friday: 10:00AM-6:00PMSaturday: 9:00AM-6:00PMSunday: 10:00AM-5:00PMPhotos and/or floor plans shown are representational and may not depict the exact layout or features of the available unit. If currently occupied, the individual unit you've selected may not be available to tour. Please contact our leasing team with any questions.Equal Housing OpportunityHIj5SK4g"	https://seattle.craigslist.org/see/apa/d/seattle-great-jogging-spots-at-your/7703241607.html
7703241582	Tour Today! - Up to 4 Weeks Free on Any Vacant Ready Home!	2041	belltown	blacklisted_description	Belltown	(47.63962, -122.360938)	False	"*Up to 4-Weeks free on Vacant Ready Homes * Don't miss out on these Limited Time Leasing Specials- Call Today!* (Certain Restrictions Apply) O2 2401 3rd Avenue, Seattle, WA, 98121Need more information? Copy this link:https://avenue5.aptfeatures.com/9572r5Call Now -  show contact info
 x 169OR Text 169 to  show contact info
 to text us.O2 - A Luxury High-Rise Apartment Community in the Heart of Belltown! 1 Bedroom, 1 Bath | Approximately 543 Sq. Ft.Community Info:Located in Seattle’s historic Belltown neighborhood on 3rd and Battery, O2 is the contrast you’ve been looking for. Five blocks away from the Seattle waterfront leaves you in the heart of it all with the option to retreat. Walk to catch a show at the speak-easy style Big Picture, or head to Vue Lounge to take a load off after a long work week. Breathe in the beauty of the Northwest on our Sky Lounge Rooftop Terrace or find your balance in one of our yoga sanctuaries. This is the spa that you deserve, right in your own home. Our apartment homes make it too easy for you to flourish. With a healthy contrast of natural woods and metals, you will find a wholeness that ensures a smooth transition into your new home. Enjoy the simplicity and beauty of natural wood floors, large bay windows, and balconies to soak it all in. With lounge spaces, a yoga studio, a high-intensity training room, a karaoke room, a community garden, and a sky lounge, we will offer ample room for indoor & outdoor entertaining. Learn more about the spectacular amenities & start your new era of living. Additional Details*At this time we are offering Virtual Tours & In-Person Tours by appointment only.Pets: Cats, Dogs (< 75lb)Pet notes: $400 deposit + $50/month pet rentSecurity Deposit: $400Lease length options: 9 - 15 MonthsApplication fee: $44 per applicant 18+Parking type: Garage Parking notes: $250-$300 per month Unit Highlights ✧  Central Air Conditioning & Heating ✧  Soft close cabinetry  ✧  Double-pane windows  ✧  Patio/Balcony* ✧  Walk-in Closets* ✧  Dishwasher ✧  Washer/Dryer ✧  Water & City Views* ✧  Refrigerator with water and ice dispenser* ✧  (*) In Select Homes ✧  USB Ports ✧  Bay Windows*  ✧  Hardwood Floors ✧  Stainless Steel Appliances Community Highlights ✧  Terrace Gardens ✧  Karaoke Room ✧  Yoga Room ✧  Fitness Center ✧  BBQs ✧  Package Lockers ✧  Sky Lounge ✧  Pet Wash Station ✧  Dog Run ✧  Retail Space ✧  Rooftop TerraceDriving DirectionsTraveling Northbound •Get on I-5 N to Seattle•Use left lane to take exit 165 toward Seneca St•Turn left onto Seneca St (Pass by Subway-On the left)•Turn right onto 4th Ave (Pass by Wells Fargo Bank-On the left)•Turn left onto Wall St•Turn Left onto 3rd AveTraveling Southbound •Get on I-5 S to Seattle•Take exit 165B for Union St•Continue onto Union St (Pass by Blue Water Taco Grill-On the left)•Turn right onto 4th Ave•Turn left onto Wall St•Turn left onto 3rd Ave (Destination will be on the right)Office HoursMonday-Sunday:9:00AM-6:00PMPet PolicyO2 welcomes your furry loved ones. Refundable deposit and monthly pet rent apply. Some breed and weight restrictions may apply. Pets: Cats, Dogs (< 75lb) Pet notes: $400 deposit + $50/month pet rent Income RequirementsO2 Income Requirements are 2.5 times the amount of rent Gross Income. Equal Housing OpportunityHh6eBoeQ"	https://seattle.craigslist.org/see/apa/d/seattle-tour-today-up-to-weeks-free-on/7703241582.html
7703241565	8th Floor lounge w/adjoining outdoor terraces, grills & sink	1885	downtown	blacklisted_description	Underground, assigned spaces	(47.608771, -122.338151)	False	"West Edge1430 2nd Ave , Seattle, WA, 98101Follow This Link for More Information:https://greystar.leasehomenow.com/7zm763Call Now -  show contact info
 x 16OR Text 16 to  show contact info
 to text our team.Welcome Home to West Edge1 Bedroom, 1 Bath | Approximately 594 Sq. Ft.Community Info:West Edge is perfectly situated in the center of it all, with incredible access to the city’s teeming array of business pursuits, entertainment venues and cultural interests. Your choice of one and two bedroom and Penthouse level homes are part of the awe-inspiring Seattle skyline. West Edge is perfectly balanced on the edge of where you want to be and what you want to do.*Photos in this ad may be of other units available. Please come tour today! Unit Highlights ✧  Walk-in showers with floating bench and Grohe fixtures ✧  Built-in lighting and glazed porcelain tile ✧  Floor-to-ceiling windows allowing abundant natural light in ✧  Generous private decks with Stunning Views  ✧  Kitchens feature stunning quartz slab counters ✧  Tour Today ✧  Fully-appointed gourmet kitchens with Bosch appliances ✧  Textured cabinetry in two stunning color schemes ✧  Luxurious hard surface flooring throughout ✧  Spa-quality Bathrooms ✧  Automatic Roller shades on windows*Air-conditioning in every homeCommunity Highlights ✧  A Must See ✧  24/7 Concierge Team ✧  State-of-the-art fitness studio ✧  39th Floor Lounge Wraparound Terrace, Seating & Fireplaces ✧  8th Floor lounge w/adjoining outdoor terraces, grills & sink ✧  Yoga studio ✧  Indoor pet lounge & outdoor pet terrace ✧  EV charging ✧  Bike/car Wash Stations*Generous gathering spaces*Business conference room or private dining room*Executive library and lounge w/plush seating & fireplaceOffice HoursMonday-Sunday:9:00AM-6:00PM.Pet PolicyWest Edge is a pet-friendly apartment community. Features include an Indoor and Outdoor Pet Lounge and a Large Dog Run. Please contact our leasing team for details. We do not accept Comprehensive Reusable Tenant Screening Reports as defined by and pursuant to RCW 59.18.* Floor plans are artist’s rendering. All dimensions are approximate. Actual product and specifications may vary in dimension or detail. Not all features are available in every rental home. Pricing and availability are subject to change. Rent is based on monthly frequency. Additional fees may apply, such as but not limited to package delivery, trash, water, amenities, etc. Deposits vary. Please see a representative for details.Equal Housing OpportunityBill and Melinda Gates Foundation Paul Allen Brain Science Institute WeWork SAM University of Washington Medicine NBBJ Seattle BioMed Seattle Cancer Care Alliance Seattle 's Research Institute Amazon Expedia Facebook Nordstrom Swedish Hospital Nanostring Technologies Kaiser Permanente Harborview Virginia Mason Microsoft Google Boeing University Providence Health University of Washington Weyerhaueser Starbucks Paccar PEMCO Safeco Fletcher Insurance PATH Fred Hutchinson Alaska Airlines Zillow Redfin Downtown Belltown Condo Brand new luxury penthouse concession free rent special Public Transit Views Space Needle SLU DT CBD South Lake Union Capitol Hill Water Pike Place Market High Rise Air Conditioning AC 24 Hour Concierge Urban Modern Roof Deck Fitness Center Yoga Reserved Parking Gas Range Dog Lounge Views Fireplaces7WTVIb7f"	https://seattle.craigslist.org/see/apa/d/seattle-8th-floor-lounge-adjoining/7703241565.html
7697093694	1 bed 1 bath at the Beachcomber!	2600	west seattle	blacklisted_description	West Seattle	(47.57492, -122.418339)	False	"This 1 bed 1 bath is newly renovated with a beautiful view of the water and minutes away from Alki Beach!
Very large deck, washer and drier in unit.
Pet friendly!


One month free!
Rent is $2600.00
Deposit is $1000.00 upon approval

For showings, please call our office at  show contact info


We do not accept Reusable Tenant Screening Reports.

This property is Professionally Managed by Tecton Corporation"	https://seattle.craigslist.org/see/apa/d/seattle-bed-bath-at-the-beachcomber/7697093694.html
7699374514	Your dog or cat is welcome! Amazing pet-friendly 1 BR / 1 BA!	1850	west seattle	blacklisted_description	Seattle	(47.4995, -122.3603)	False	"Garden Pointe130 SW 112th Street Seattle, WA 98146A wonderful home in Seattle is waiting for you!We currently have a gorgeous 1 bedroom 1 bathroom renting for $1850 per month. This unit comes with 700 sq ft. Are you searching for a great apartment home in Seattle, Washington? Well, look no further than Garden Pointe Apartments. Situated in a prime location close to great restaurants, schools, and shopping, our friendly community has it all! Enjoy easy access to scenic parks and golfing venues, and we are only minutes away from Sea-Tac Airport. If a great location and a welcoming atmosphere are high on your list, you have come to the right place!

Schedule a Tour: https://www.gardenpointeapthomes.com/?utm_knock=cl&doorway=schedule$500 off First Month's Rent.Community Highlights:− 24 Hour Availability− 24-Hour Maintenance Guarantee− Cabana− Clubhouse− Courtesy Patrol− Covered Parking− Fenced Lot− Multi Use Room− On-Site Maintenance− TV Lounge− Access to Public Transportation− Bilingual Staff− Corporate Suites− Discounts Available− Easy Access to Freeways− Easy Access to Shopping− Housing Vouchers Welcome− Indoor Pool and Spa− Recreation Room− Short-term Leasing AvailableUnit Highlights:− Cable Ready− Carpet− Ceiling Fans− Deck− Dining Room− Dishwasher− Disposal− Oven/Range− Refrigerator− Window Coverings− Balcony/Patio− Discounts Available− Double Pane Windows− Fireplace− Handrails− Sparkling Pool− Vaulted Ceiling− Views− Washer and Dryer in Home− Wheelchair Accessible (Rooms)Contact:  show contact info
 Website: https://www.gardenpointeapthomes.com/?utm_knock=clLeasing Options: 6-Month, 7-Month, 8-Month, 9-Month, 10-Month, 12-MonthPet Policy: Pets Welcome Upon Approval.
There will be a $300.00 pet fee required for dogs and cats.
Breed restrictions apply.
Sorry, no aggressive breeds will be allowed.
Service animals are permitted.
Please call our office for more details. Availability and pricing are subject to change daily EQUAL HOUSING OPPORTUNITY4AE835803A5D4D"	https://seattle.craigslist.org/see/apa/d/seattle-your-dog-or-cat-is-welcome/7699374514.html
7700471112	Your dog or cat is welcome! Amazing pet-friendly 1 BR / 1 BA!	1850	seattle	blacklisted_description	Seattle	(47.503121, -122.335395)	False	"Welcome to Garden Pointe!130 SW 112th Street Seattle, WA 98146Rental Size: 1 BR - 1 BA - 700 sq ft | Per Month: $1850 | Lease Length: 6-Month, 7-Month, 8-Month, 9-Month, 10-Month, 12-Month $500 off First Month's Rent.Your search to find available apartments in Seattle, WA has led you to the right place. Just by clicking on a few buttons you will have a list of our current availabilities at your fingertips. View our photo gallery and catch a glimpse of Seattle living at its finest. 

Schedule a Tour: https://www.gardenpointeapthomes.com/?utm_knock=cl&doorway=schedule  Our community features:   ➢ 24-Hour Maintenance Guarantee➢ Cabana➢ Clubhouse➢ Courtesy Patrol➢ Covered Parking➢ Fenced Lot➢ Fitness Center➢ Multi Use Room➢ On-Site Maintenance➢ Recycling➢ Bilingual Staff➢ Discounts Available➢ Easy Access to Freeways➢ Easy Access to Shopping➢ Extra Storage➢ Housing Vouchers Welcome➢ Indoor Pool and Spa➢ Online Resident Services➢ Recreation Room➢ Security System  Our unit features: ➢ Carpet➢ Ceiling Fans➢ Deck➢ Dining Room➢ Dishwasher➢ Disposal➢ Heating➢ Oven/Range➢ Refrigerator➢ Tub/Shower➢ Balcony/Patio➢ Discounts Available➢ Double Pane Windows➢ Fireplace➢ Handrails➢ Sparkling Pool➢ Vaulted Ceiling➢ Views➢ Walk-In Closets➢ Washer and Dryer in Home   Contact us for more information! --  show contact info
 --Our Pet-Policy: Pets Welcome Upon Approval.
There will be a $300.00 pet fee required for dogs and cats.
Breed restrictions apply.
Sorry, no aggressive breeds will be allowed.
Service animals are permitted.
Please call our office for more details.Website: https://www.gardenpointeapthomes.com/?utm_knock=clAvailability and pricing are subject to change dailyEQUAL HOUSING OPPORTUNITY4AE835803A5D4D"	https://seattle.craigslist.org/see/apa/d/seattle-your-dog-or-cat-is-welcome/7700471112.html
7703241440	One Bedroom with Private Patio/Balcony | West Seattle | Great Location	1900	west seattle	blacklisted_description	West Seattle	(47.546579, -122.386938)	False	"Strata on California6312 California Ave Sw, Seattle, WA, 98136Call Now -  show contact info
 x 38Want more info? See the link below:https://mhe.aptfeatures.com/kg9m07Welcome to the Strata on California1 bedroom | 1 bath | 630 square feetFeatures: ✓  Friendly, Responsive Management Staff ✓  Private Balcony or Patio ✓  Dishwasher ✓  Condo Quality ✓  Microwave ✓  Refrigerator/Freezer/Ice maker  ✓  Temperature Control in Unit  ✓  Granite Counter tops  ✓  Controlled Access Entryways ✓  Walk-in Closet  ✓  Dryer/Washer in Unit  ✓  Insulated Windows ✓  Stainless Appliances ✓  24 Hour MaintenanceCommunity Features: ✓  On-site Maintenance ✓  Close to Public Transportation ✓  Elevator ✓  Recycling  ✓  Free Street Parking ✓  Online Payments Available  ✓  Compost ✓  Off Street Parking ✓  Package LockerCommunity Info:Living in the heart of the city usually means giving up space - the square footage kind and the green, leafy kind - in exchange for the convenience of having restaurants, boutiques, and markets right outside your door. At Strata, you get the best of both worlds.From the California Avenue location to the Northwest Contemporary architecture, Strata on California offers the best in Seattle city living.At Strata, you'll find specialty markets, a great cup of coffee, yoga studios, and some of the city's best restaurants just steps away from home. Strata is just a 10-minute drive from Downtown Seattle, but with all we have to offer, you won't want to leave.Pet Policy:We Accept dogs and cats. Cats - 2 allowed, Rent $35.00, Deposit $250.00 Dogs - 2 allowed, Rent $50.00, Deposit $250.00 Income Requirements:3 times the monthly rent Office Hours:M-F by appointment onlyEqual Housing Opportunityg0HqL8AsFW"	https://seattle.craigslist.org/see/apa/d/seattle-one-bedroom-with-private-patio/7703241440.html
7703241430	Modern Apartment Home near Downtown!	2886	capital hill	blacklisted_description	Broadway	(47.61914, -122.320837)	False	"1 Bedroom, 1 Bath | Approximately 699 Sq. Ft.Want more information on this unit? See link (below):https://greystar.leasehomenow.com/919332WELCOME TO CONNECTION ON BROADWAYCall Now -  show contact info
 x 121OR Text 121 to  show contact info
 to text our team directly. Community Info:Make your mark in the epicenter of culture, diversity and self-expression in one of Seattle’s trendiest neighborhoods. Connection on Broadway offers a lifestyle that blurs the line between vibrant city life and a inclusive neighborhood. Immerse yourself in an energetic location in the center of Capitol Hill, with a public farmers market on-site and Cal Anderson Park in your own backyard. At home, take advantage of attractive amenities thoughtfully curated to enhance your daily routine, from a fitness center and yoga studio to a rooftop terrace.Residence Features: ✩  Air Conditioning  ✩  Engineered Hardwood Flooring ✩  Gas Cooktop* ✩  Energy Star Rated Appliance Package ✩  Quartz Countertop ✩  Roller Shades ✩  Multiple Cabinet Finishes ✩  Balcony/Patio* ✩  Views of Cal Anderson Park* ✩  Electric Cooktop ✩  Built In Kitchen Island*Community Features: ✩  Remote Work Spaces ✩  H-Mart Market. ✩  Fitness Center and Yoga Studio ✩  Easy Access to Local Parks ✩  Additional Storage Available ✩  Bike Storage ✩  On Site Brunch/Lunch Restaurant: Glo's! ✩  Weekly On Site Farmers Market ✩  Rooftop Grills and Fire Pits ✩  Controlled Access Entry ✩  Pet Spa ✩  Easy Access to Link Light Rail ✩  Pet Park ✩  On Site Management & Maintenance ✩  Garage Parking ✩  10 Unique Community Spaces ✩  Pet Friendly ✩  On Site Uplift Fitness ✩  On Site Community PlazaPet Policy:Pet deposit fee min/max: $300 - $600 Pet monthly rent min/max: $50 - $100 Pet policy: We allow two(2) pets per unit with no weight limit following Greystar breed restrictions. Please call our Leasing Office for complete Pet Policy information. Income Requirements:3x monthly rent to qualify. Office Hours:Monday-Sunday: 9:00AM-6:00PM We do not accept Comprehensive Reusable Tenant Screening Reports as defined by and pursuant to RCW 59.18.* Floor plans are artist’s rendering. All dimensions are approximate. Actual product and specifications may vary in dimension or detail. Not all features are available in every rental home. Pricing and availability are subject to change. Rent is based on monthly frequency. Additional fees may apply, such as but not limited to package delivery, trash, water, amenities, etc. Deposits vary. Please see a representative for details.Equal Housing Opportunityp482IYrkVq9"	https://seattle.craigslist.org/see/apa/d/seattle-modern-apartment-home-near/7703241430.html
7703241382	Mt. Rainier Views*, 4th Floor Units*, Smoke-Free Community	1655	west seattle	blacklisted_description	West Seattle	(47.564362, -122.373479)	False	"Residences at 32953295 SW Avalon Way, Seattle, WA, 98126Visit This Website to See More:https://fpi.aptrentnow.com/896e2sCall Now -  show contact info
 x 69OR Text 69 to  show contact info
 to chat!Elevated Living at The Residences at 32951 Bedroom, 1 Bath | Approximately 513 Sq. Ft.Community Info:From breathtaking views of Mt. Rainier in the distance to luxury West Seattle apartments for rent with contemporary interiors, you’ll love every detail of our community at Residences at 3295. Whether you’re looking for a studio, one bedroom, or two bedroom APARTMENTS in West Seattle, WA, you’ll find the space you need in our pet-friendly and smoke-free community.Come home to a modern layout with oversized windows, designer finishes, and a convenient in-home washer and dryer set. With quartz stone countertops and efficient stainless steel appliances, your kitchen will take your culinary efforts to new heights. Extra-large windows allow plenty of natural light to enter your home, while art glass light fixtures give your living spaces a sophisticated look and feel.Our community and our underground parking are controlled access, offering you peace of mind 24 hours a day. Step up your morning workout routine in our fitness center, or enjoy a relaxing evening on our rooftop terrace with breathtaking views of the Seattle skyline and the Cascade Mountains.When the views inspire you to explore downtown or the mountains for yourself, easy freeway access can get you there. There’s also plenty to do closer to home. Spend your weekends relaxing at the waterfront at nearby Alki Beach or hike the forested trails and take in the stunning city views at Puget Park.From the sleek aesthetic of our interiors and the convenience of our community amenities to the invigorating energy of the city and natural areas around us, the Residences at 3295 has everything you’re looking for in your next home. Explore our West Seattle Apartments for rent and Schedule your tour of our community today. Unit Highlights ✧  Custom Hardwood Cabinets ✧  4th Floor Units* ✧  Private Balconies* ✧  Stainless Steel Energy Star Appliances  ✧  Corner Units* ✧  Built-In Ducted Microwave ✧  Views of Downtown Seattle, Cascade Mountain Range and Mt. Rainier* ✧  5TH Floor Units* ✧  9 ft. Ceilings* ✧  Art Glass Light Fixtures ✧  In-Unit Front Loading Washers & Dryers ✧  City Views* ✧  Quartz Stone Countertops with Undermount Sinks ✧  Extra-Large Functional Windows Allowing Abundant Natural Light ✧  Mt. Rainier Views* ✧  Wood Flooring in Kitchen & Entry*In Select UnitsCommunity Highlights ✧  BBQ ✧  Online Resident Services ✧  Rooftop sky terrace ✧  Views of West Seattle Golf Course ✧  Smoke-Free Community ✧  On-Site Parcel Lockers ✧  Professional on-site management ✧  Brand New Rooftop Gym with Mountain View ✧  Reserved parking ✧  Fitness center ✧  Wifi access ✧  Controlled access building ✧  Walk Score of 86! ✧  Pet Friendly ✧  Garden terrace with fire pitOffice HoursTuesday-Friday: 9:00AM-6:00PMSaturday-Sunday: 10:00AM-5:00PMPet PolicyCats and Dogs Ok Max Number of Pets Per Home: 2 Equal Housing OpportunityfE4NoZt6b"	https://seattle.craigslist.org/see/apa/d/seattle-mt-rainier-views-4th-floor/7703241382.html
7703241380	Campus View is leasing out fast, find your future home today!	1617	university district	blacklisted_description	U-District	(47.660528, -122.320637)	False	"2 weeks free off 2nd month's rent  Welcome to Campus View & Avalon on 7th1 bedroom | 1 bath | 600 square feetVisit This Website to See More:https://mhe.aptfeatures.com/13i977Our beautiful homes have quality options to make you feel at home.Call Now -  show contact info
 x 125 Community Info:As Seattle’s premier UW off-campus housing, Campus View & Avalon on 7th offer a range of spacious, recently remodeled residences with different floor plan options. Choose from Studio, 1, 2 & 3 bedroom Seattle U District apartments featuring a prime location and desirable amenities – including a controlled access garage, rooftop deck, and more. Our professional, on-site management and maintenance staff keeps everything running smoothly!Our Seattle U District apartments are just blocks away from the University of Washington, making it easy to commute to class and meet up with friends! We’re walking distance to many popular eateries, coffee shops, bars and stores in the University District. It’s also just a quick bus or car ride to the heart of downtown Seattle.Contact us today to see how you can call Campus View or Avalon, the top student housing in Seattle, your home away from home! Our office can answer any questions you may have and get you scheduled for a tour.Campus View has two unique UW off-campus housing options located right next door to one another.Campus View I: Offering 2 and 3 bedroom homes, complete with granite counter tops, vinyl flooring, large bedrooms and spacious closets. Some of our University District apartments even feature spectacular views of The Space Needle, Lake Union, Mt. Rainier and Downtown.Campus View II: Offering1, 2 and 3 bedroom homes, complete with stone counter tops, stainless steel appliances, vinyl flooring, spacious closets, and private balconies. Some of the options also feature vaulted ceilings and a skylight in the living room.Just steps from Campus View you will find Avalon on 7th.Avalon on 7th: Offering Studio, 1 Bedroom, 2 Bedroom and 3 Bedroom homes, complete with new appliances, new flooring, new lighting, and some even offer balconies and lofts. These spacious open layouts will make you feel right at home! You won’t find better UW off-campus student housing in Seattle!Residence Features: ✩  Vaulted Ceilings ✩  City & Mountain Views ✩  Stainless Steel Appliances (select units) ✩  Gourmet Kitchen ✩  Private Balcony ✩  Refrigerator ✩  Dishwasher ✩  Granite Countertops ✩  Oven RangeCommunity Features: ✩  Public Parking ✩  Laundry Facility ✩  Package Locker ✩  Recycling ✩  Access to Public Transportation ✩  Roof Top terrace ✩  24-Hour Emergency Maintenance ✩  Reserved Parking ✩  On-site Management ✩  Garbage & Compost Disposal ✩  Elevator ✩  Controlled Access EntriesPet Policy:No pets Income Requirements:Proof of income from employment Office Hours: M - F: BY APPOINTMENT S - SU: CLOSED Equal Housing OpportunitydrmFv00Rev"	https://seattle.craigslist.org/see/apa/d/seattle-campus-view-is-leasing-out-fast/7703241380.html
7703241158	Pantry* & Plenty of Storage Space, Lux Vinyl Plank Flooring	3360	capital hill	blacklisted_description	2220 E Union St	(47.61302, -122.303252)	False	"East Union2220 East Union Street, Seattle, WA, 98122Call Now -  show contact info
 x 46Use the link below for more details:https://thrive.touraptnow.com/u4015gHello from East Union!2 bedroom | 2 bath | 855 square feetFeatures: ✓  Cable/Internet/Digital Voice: Google Fiber/Webpass, CenturyLink, Comcast/Xfinity, Wave Broadband ✓  Electricity Metered Per Your Usage ✓  Stainless Steel Appliances ✓  Private Decks or Juliet Balconies ✓  Spacious One & Two-bedroom Floor Plans ✓  Electric Ranges in-unit w/ Gas Grills on Roof & 2nd Floor Terrace ✓  Water & Sewer Metered Per Your Usage ✓  Lux Vinyl Plank Flooring ✓  Walk-in Closets*  ✓  Trash & Recycling Based on Occupants ✓  Pantry* & Plenty of Storage Space ✓  In-Unit Washer & DryersCommunity Features: ✓  2nd Floor Courtyard Terrace w/ Large Table Seating + Gas Grill ✓  Direct Garage Access to PCC ✓  Community Lounge w/ Full Kitchen, Fireplace, Deck, TV & Free Wi-Fi ✓  Secure Package Lockers ✓  Bike Storage & Bike Repair Workshop ✓  Library Lounge with Community Sharing Pantry & Coffee Station ✓  Rooftop Deck w/ Lounge Seating, Firepit, 2 Gas Grills, & Outdoor Speakers ✓  Fitness Center w/ Sonos Speakers, Spin Bikes, Free Weights, Dance/Yoga Area & More ✓  Pet Friendly! Dog Run & Dog Wash Station ✓  Secured Access Building & GarageCommunity Info:Each modern Central District apartment for rent at East Union is everything you’ve been searching for! At East Union, our rentals in Central District, Seattle provide residents with a warm welcome each and every day. Enjoy coming home to a brand-new apartment building that includes a community lounge, a fitness center, a rooftop patio and terrace, and controlled access parking all on-site. Our beautiful rooftop deck includes stunning mountain and water views, perfect for relaxing on the weekend with friends and family. Along with our fantastic community amenities, you can expect beautiful interiors as well. We offer a variety of spacious one- and two-bedroom floor plans with upgraded amenities and extra closest and storage space. East Union apartment rentals are also near Seattle University, the Swedish Hospital, and dozens of dining and shopping establishments. Contact our team today to learn more about our brand-new Central District apartments for rent.Pet Policy:Maximum 2 Animals Per Apartment $300 Pet Deposit (Per Pet) $35 Cat Rent / Month $50 Dog Rent / Month Breed Restrictions Apply, Contact for Details Income Requirements:Written verification of income in an amount equal to 2.5 times the monthly rent per household will be required.Office Hours:Monday-Friday: 9:00AM-6:00PMSaturday: 10:00AM-5:00PMPhotos and/or floor plans shown are representational and may not depict the exact layout or features of the available unit. If currently occupied, the individual unit you've selected may not be available to tour. Please contact our leasing team with any questions.Equal Housing OpportunityKwEd8NgG"	https://seattle.craigslist.org/see/apa/d/seattle-pantry-plenty-of-storage-space/7703241158.html
7703241160	Walking trails in your backyard!! Come see why you'd love it here!	2039	seattle	blacklisted_description	Seattle	(47.707751, -122.317638)	False	"Park at Northgate Apartments 10735 Roosevelt Way NE, Seattle, WA, 98125Call Now -  show contact info
 x 98Visit This Website to See More:https://thrive.touraptnow.com/74067hWelcome Home to Park at Northgate2 bedroom | 1 bath | 1000 square feetFeatures: ✓  Ceiling Fan ✓  Refrigerator ✓  Carpet ✓  Patio/Balcony ✓  Fireplace ✓  Range/Oven ✓  Dishwasher ✓  Garbage Disposal ✓  Full-sized Bathtub ✓  In Unit Laundry ✓  W/D HookupCommunity Features: ✓  BBQ & Picnic Area ✓  Courtyard and 5+ Acres of Walking Trails ✓  Courtesy Patrol  ✓  Conveniently Located by Grocery, Restaurants, Coffee, Shops, Entertainment & More! ✓  Package Room ✓  Heated Outdoor Seasonal Pool ✓  On Major Bus-line and close to Park-n-Ride & Northgate Light Rail Station. ✓  Shopping includes TJ Maxx, Target, Best Buy, and Northgate Mall.  ✓  24-Hour (Weights & Cardio) Fitness Center ✓  Assigned/Off-Street Parking & Parking Patrol ✓  Professionally Managed ✓  Pet Friendly ✓  24hr Emergency MaintenanceCommunity Info:The Park at Northgate Apartments is your urban retreat! Beautiful, professionally landscaped grounds on 5 1/2 acres just steps away from exciting shopping, dining and entertainment await you! Northgate is a vibrant neighborhood with exciting, top-rated dining, shopping, and entertainment. Visit the new library and community center, grocery shop at several of the varied food stores or takes a bus to anywhere from the Metro Park-and-Ride--all within walking distance! Walk your dog on our 5+ acre professionally landscaped grounds, workout in our facility with free weights, elliptical and treadmills.Our apartments are all renovated with new floors and carpets, newly resurfaced counters, new paint and fixtures, washer and dryers in-unit, exciting colors and beautiful mantles for the wood-burning fireplaces. Our on-site management team provides excellent service to you. So relax! Have a swim in the heated pool and grill up something tasty for dinner at the community barbeque. It's waiting for you here at The Park at Northgate.We invite you to browse our photo gallery and schedule your appointment or drop by and visit us today for your personal tour!Pet Policy:Pet Friendly! (Max 2 pets per household) $300 Pet Deposit + Pet Rent Some Breed Restrictions Apply! Weight Limit 75lbs. Call for more details! Income Requirements:2.5 Times the Rent (Gross Income)Office Hours:Tuesday-Friday: 10:00AM-6:00PMSaturday: 10:00AM-5:00PMPhotos and/or floor plans shown are representational and may not depict the exact layout or features of the available unit. If currently occupied, the individual unit you've selected may not be available to tour. Please contact our leasing team with any questions.Equal Housing OpportunityNOWmUTtu2Zk"	https://seattle.craigslist.org/see/apa/d/seattle-walking-trails-in-your-backyard/7703241160.html
7703241128	Custom cabinetry in two different finishes, Free Weights	3349	eastlake	blacklisted_description	Eastlake	(47.632812, -122.325915)	False	"2 bedroom | 2 bath | 1066 square feetInterested in more information? See link below:https://greystar.leasehomenow.com/2i299uBeautiful Eastlake Apartment HomesCall Now -  show contact info
 x 148OR Text 148 to  show contact info
 to text our team. Community Info:Live where you love! Love where you live! Welcome to Equinox, our luxurious, pet-friendly apartments nestled in the heart of Eastlake, Seattle.We’re focused on our residents’ wants and needs and it shows in our luxurious community and apartment amenities. We strive to provide a welcoming atmosphere with all the perks that will make you feel at home. Our amenities provide our residents with a sense of community.Paired with our amenities, our apartment amenities will make your life easy. Our apartments offer top of the line finishes including granite counter tops, stainless steel appliances and hardwood floors.Our varied floor plan layouts offer unique options , including balconies, patios, vaulted ceilings and walk in closets. We believe in offering the best amenities for our residents, we’d love for you to come see for yourself! Schedule a tour to see why you’ll want to call us home!Residence Features: ✩  Polished slab granite kitchen and bathroom countertops ✩  Custom cabinetry in two different finishes ✩  Ceilings soar from 8'10"" up to 16' ✩  Energy-efficient Bosch stainless steel dishwasher ✩  Smart-box technology and Cat 5 wiring ✩  Rich hardwood flooring throughout* ✩  Stylish ceramic tile surrounds in baths ✩  Viking or Frigidaire gas range and micro-hood ✩  Advanced-technology Frigidaire front loading washer and dryer* ✩  Chic cubbies to display your cookbooks or serving ware ✩  Private balconies or patios* ✩  Top-of-the-line Viking, Jenn Aire or Fisher & Paykel stainless steel refrigerators** varies by floor planCommunity Features: ✩  Rooftop Terrace and Clubhouse ✩  Business Center ✩  Free Weights ✩  24hr Fitness Center  ✩  24hr Fitness Center  ✩  Reservable Yoga Studio with Fitness on Demand ✩  Dry Cleaning Service ✩  Peloton Bikes ✩  Package lockers ✩  Front Access to Lake Union ✩  Parking Garage with Full Size SpacesPet Policy:We love pets! Ask about our accepted breeds and weight limits. Driving Directions:We are located at 1524 Eastlake Ave E, Seattle, WA, 98102.How to find us:Equinox is conveniently located just minutes from downtown Seattle and located just a short distance to the I-5 ramp. Coming from south bound I-5:Take EXIT 167 on the LEFT toward AQUARIUM/SEATTLE CENTER. Turn RIGHT onto FAIRVIEW AVE N. Turn LEFT onto EASTLAKE AVE E.Coming from north bound I-5:Take the BOYLSTON AVE exit, EXIT 168A, toward ROANOKE ST. Stay STRAIGHT to go onto BOYLSTON AVE E. Turn RIGHT onto E ROANOKE ST. Turn LEFT onto EASTLAKE AVE E.Office Hours:Monday - Friday 9am - 6pm, Saturday & Sunday 10am - 5pm We do not accept Comprehensive Reusable Tenant Screening Reports as defined by and pursuant to RCW 59.18.* Floor plans are artist’s rendering. All dimensions are approximate. Actual product and specifications may vary in dimension or detail. Not all features are available in every rental home. Pricing and availability are subject to change. Rent is based on monthly frequency. Additional fees may apply, such as but not limited to package delivery, trash, water, amenities, etc. Deposits vary. Please see a representative for details.Equal Housing OpportunityFM1Y758z7Zbz"	https://seattle.craigslist.org/see/apa/d/seattle-custom-cabinetry-in-two/7703241128.html
7703240928	Elliott Bay Views*, Steps from Transit, Courtesy Officer	2545	queen anne	blacklisted_description	Lower Queen Anne	(47.621264, -122.35924)	False	"Novi at Queen Anne312 2nd Ave W, Seattle, WA, 98119Visit This Website to See More:https://greystar.leasehomenow.com/93711wCall Now -  show contact info
 x 69OR Text 69 to  show contact info
 to text our team.Experience Uptown Seattle's Very Best Living2 Bedroom, 2 Bath | Approximately 952 Sq. Ft.Community Info:Discover something new in this desirable waterfront neighborhood when you lease at Novi at Queen Anne. Nearby public transportation and pedestrian-friendly streets will take you everywhere. Jog along the bay at Myrtle Edwards Park. Bike down to Uptown Hophouse for a drink. Pop downstairs to Stella’s Deli and Market for a freshly-made sandwich. Everything is right here. Unit Highlights ✧  Elliott Bay Views* ✧  Hardwood Floors* ✧  Oversized Closets* ✧  Breakfast Bar in Kitchen* ✧  Gas Fireplace* ✧  In-home Washer and Dryer* ✧  Additional Storage Available ✧  Stainless Steel Appliances* ✧  Private Balcony**In select unitsCommunity Highlights ✧  Pedestrian-Friendly Neighborhood ✧  Stella's Deli and Market On-Site ✧  Smoke-Free ✧  Courtesy Officer ✧  24-hour Fitness Center with Wi-Fi ✧  Bike Storage ✧  Package Service with 24-hour Access ✧  Steps from Transit ✧  Pet-Friendly ✧  Comcast Gigabit Data Speed Available ✧  Compost and Recycling Room ✧  Underground Parking Garage ✧  Easy Highway AccessOffice HoursMonday-Friday: 10:00AM-6:00PMSaturday: 10:00AM-5:00PMPet PolicyProhibited breeds include American Pit Bull Terrier, American Bully, American Staffordshire Terrier, Staffordshire Bull Terrier or any dogs that are cross breeds of or are related to such breeds. Wild (not domesticated) animals and hybrids of wild animals, including wolf and coyote hybrids, are also prohibited, as are monkeys, snakes, ferrets, rabbits, potbelly pigs, and miniature horses. We do not accept Comprehensive Reusable Tenant Screening Reports as defined by and pursuant to RCW 59.18.* Floor plans are artist’s rendering. All dimensions are approximate. Actual product and specifications may vary in dimension or detail. Not all features are available in every rental home. Pricing and availability are subject to change. Rent is based on monthly frequency. Additional fees may apply, such as but not limited to package delivery, trash, water, amenities, etc. Deposits vary. Please see a representative for details.Equal Housing OpportunityYNYl6hqH1P"	https://seattle.craigslist.org/see/apa/d/seattle-elliott-bay-views-steps-from/7703240928.html
7703240893	High-speed data wiring, Locally commissioned artwork	3265	fremont	blacklisted_description	Fremont	(47.650809, -122.342425)	False	"The Hayes3627 Stone Way N, Seattle, WA, 98103Call Now -  show contact info
 x 72OR Text 72 to  show contact info
 to chat!Interested In This Unit? Use this link for more details:thehayesapartments.com/Welcome to The Hayes on Stone Way2 bedroom | 2 bath | 945 square feetFeatures: ✓  Louver blinds ✓  Stainless steel kitchen sinks with pull-out designer selected plumbing fixtures ✓  Many homes with private terraces ✓  Quartz slab countertops in kitchens and baths ✓  Tall ceilings and large, operable windows ✓  Energy Star rated Whirlpool appliances, including microwave, dishwasher and range/oven, and full-size washer and dryer in each home ✓  Some units utilize sliding glass dividers for maximizing interior space ✓  2 distinct and sophisticated color palette choices in appealing, modern tones ✓  Energy efficient lighting including versatile track lighting systems custom configured to each floor plan ✓  Efficiently designed and inviting floor plans with ample kitchen storage ✓  High-speed data wiring ✓  Several homes with west and south (Lake Union) facing views ✓  European style cabinets with brushed nickel hardware accents ✓  Noise-absorbing, soft commercial vinyl plank floors paired with carpet in bedroomsCommunity Features: ✓  Luxer One package locker system with 24/7 secured access ✓  Acoustical sound engineered throughout the building ✓  Fitness room loaded with professional-grade equipment ✓  Locally commissioned artwork ✓  Game Room with bar, lounge area, community refrigerator, and shuffleboard ✓  Controlled access entry system ✓  Bike storage, maintenance station, and bike wash area ✓  24-hour on-line concierge and management services ✓  Media Room: movie screen, terraced seating, and entertainment bar ✓  Street-level retail space ✓  Pet washroom ✓  Business Center with workspaces and whiteboards ✓  Resident rooftop deck with spectacular views, bar seating areas, lounge chairs, heaters, BBQs, Outdoor TV, community garden, and fire pitsCommunity Info:Are you looking for apartments in Fremont, Seattle? The Hayes on Stone Way offers a mix of modern studio, one-, and two-bedroom floor plans that fit your lifestyle and needs. Each apartment is designed to fit your unique individuality. The picturesque, modern exterior of our apartment building is combined with luxurious amenities inside each apartment. Residents will also love our modern community amenities.All of our apartment and community features are coupled with being in a fantastic location, within close proximity to local restaurants, parks, and shopping. Contact us today to schedule a tour of our apartments in Fremont Seattle.Office Hours:Monday-Friday: 9:00AM-6:00PMSaturday-Sunday: 10:00AM-5:00PMEqual Housing OpportunityfG3pWQRrrWz"	https://seattle.craigslist.org/see/apa/d/seattle-high-speed-data-wiring-locally/7703240893.html
7703240839	One Bed One Bath Plus Den! Youngstown Flats!	2169	west seattle	blacklisted_description	Seattle	(47.5344, -122.3547)	False	"This is a 1 Bedroom, 1 Bath, Approximately 887 Sq. Ft. Want more info? See the link below:https://greystar.leasehomenow.com/590a5wCall Now -  show contact info
 x 125OR Text 125 to  show contact info
 to text our leasing team.WEST SEATTLE STYLE!Community Info:Youngstown Flats in West Seattle offers the perfect balance of art and nature. Here, you’ll revel in the details with an array of amazing amenities like a rooftop Sky Lounge with grills and amazing views around the city, on-site fitness center, a dog park and wash area, and more. Fall in love with the historic neighborhood of Youngstown, nestled just east of the Alaska Junction and north of Delridge. Alki Beach, Harbor Island and Downtown Seattle are all easily within each.Settle in to one of our contemporary (and pet-friendly) one- or two- bedroom apartment homes for rent, each offering full-sized in-unit laundry, stone countertops, large closets and even kitchen islands in select homes. Discover why so many are choosing West Seattle as their new home by exploring our community and surrounding neighborhood. Schedule your tour today!Features: ‣  Cable Ready ‣  Microwave ‣  Patio/Balcony ‣  Disposal ‣  Electronic Thermostat ‣  Efficient Appliances ‣  Washer/Dryer ‣  Refrigerator ‣  View ‣  Wheelchair Access ‣  DishwasherCommunity Amenities: ‣  Controlled Access/Gated ‣  Rooftop Skylounge ‣  Sundeck ‣  On-Site Maintenance ‣  High Speed Internet ‣  BBQ/Picnic Area ‣  Fitness Center ‣  Availability 24 Hours ‣  Elevator ‣  Media Room  ‣  Garage ‣  On-Site Management ‣  Free Weights ‣  Bike Racks ‣  Clubhouse  ‣  RecyclingPet Policy:Comments: We are a pet-friendly community! Please contact our leasing office for specific policies and related charges. Office Hours:Tuesday-Saturday: 9:00AM-6:00PMYoungstown Flats4040 26th SW Seattle, Seattle, WA, 98106 We do not accept Comprehensive Reusable Tenant Screening Reports as defined by and pursuant to RCW 59.18.* Floor plans are artist’s rendering. All dimensions are approximate. Actual product and specifications may vary in dimension or detail. Not all features are available in every rental home. Pricing and availability are subject to change. Rent is based on monthly frequency. Additional fees may apply, such as but not limited to package delivery, trash, water, amenities, etc. Deposits vary. Please see a representative for details.Equal Housing Opportunity9juDmKgoppld"	https://seattle.craigslist.org/see/apa/d/seattle-one-bed-one-bath-plus-den/7703240839.html
7703240819	You're here. You're home. You're happy!	1984	seattle	blacklisted_description	Seattle	(47.60212, -122.320697)	False	"1 Bedroom, 1 Bath | Approximately 590 Sq. Ft.See our property details here:https://greystar.leasehomenow.com/5o962mWELCOME HOMECall Now -  show contact info
 x 82OR Text 82 to  show contact info
 to contact us. Community Info:A pet-happy, walk-friendly, view-loving community, Cypress was designed to nurture the natural. Think expansive sunny roof decks, lush courtyards with pretty park views. Not to mention, across-the-street access to Seattle’s newest public park and soccer field.Residence Features: ✩  Roller Shades ✩  Quartz Countertops ✩  Air Conditioning * ✩  Walk-In Closet* ✩  Harwood Finish Laminate Flooring ✩  Built In Pantries ✩  Mt. Rainier and City views - select homes ✩  Stainless Steel Appliances ✩  Microwave Garage*Select homesCommunity Features: ✩  Courtyard ✩  Dog Run ✩  Rooftop ✩  Package Lockers ✩  Outdoor Kitchen w BBQ ✩  Reading Nook ✩  Sky Lounge ✩  Fitness CenterOffice Hours:Monday-Friday:10:00AM-6:00PMSaturday-Sunday:11:00AM-5:00PM We do not accept Comprehensive Reusable Tenant Screening Reports as defined by and pursuant to RCW 59.18.* Floor plans are artist’s rendering. All dimensions are approximate. Actual product and specifications may vary in dimension or detail. Not all features are available in every rental home. Pricing and availability are subject to change. Rent is based on monthly frequency. Additional fees may apply, such as but not limited to package delivery, trash, water, amenities, etc. Deposits vary. Please see a representative for details.Equal Housing OpportunityF1Jhnsf2wOSg"	https://seattle.craigslist.org/see/apa/d/seattle-youre-here-youre-home-youre/7703240819.html
7703240790	Individual Heating, Fiber Internet, Walk-In Closets	1634	green lake	blacklisted_description	Green Lake	(47.68852, -122.343438)	False	"Ask about our Specials! Crew 8228 Green Lake Drive N, Seattle, WA, 98103Follow This Link for More Information:https://avenue5.aptfeatures.com/63idr2Call Now -  show contact info
 x 108OR Text 108 to  show contact info
 to text our team directly.Live at CREW!1 Bedroom, 1 Bath | Approximately 582 Sq. Ft.Community Info:Now Leasing Green Lake Seattle, WA Apartments!Our apartments in Green Lake, Washington are located in one of Seattle’s most sought-after neighborhoods. It’s a great place to walk, to bike, to meet people and make friends. People come from all over the city to walk, run, bike or rollerblade around the Lake’s 3.3-mile paved pathway. Two swimming beaches, sports courts, and boat and paddleboard rental make it easy to get out on the lake and enjoy even more fun.CREW Apartments in Green Lake, Seattle is located in the most convenient spot! The lake is ringed by small boutiques, bars, bistros, restaurants and coffee shops. And just a block or two away, the atmosphere transitions to quiet, Seattle craftsman-style residential neighborhoods.Now, we are proud to announce that CREW is now open and leasing! Our well-designed 70-unit apartment community will be located at the northwest corner of Green Lake Park. Picture your new life. Walking to meet friends at Green Lake. Enjoying a morning paddle around the Lake or boarding the RAPIDRIDE to zoom downtown. It will all be right outside your front door! Call today to learn more about our fantastic community of Green Lake apartments in Seattle!This is simply an amazing place to live! Unit Highlights ✧  Tour Today ✧  Walk-In Closets ✧  Dishwasher + Full Kitchen Package ✧  Air Conditioning and Ceiling Fans ✧  In Unit Washer & Dryer ✧  Fiber Internet ✧  Stainless Steel Appliances ✧  Individual Heating*Smoke Free*Personal Water Heater*Double Pane WindowsCommunity Highlights ✧  Rooftop gathering and entertaining spaces ✧  Views of the DT Seattle Skyline, Puget Sound + the Cascades ✧  Live/Work options ✧  A Must See ✧  Bike Storage & Repair Station ✧  Neighborhood bars, bistros, and baristas! ✧  Walk or bike to shopping, dining, and entertainment ✧  Consider Green Lake Park as your front yard! ✧  Landscaped grounds and courtyardsOffice HoursMonday-Friday: 9:00AM-6:00PMPet PolicyIf you have pets, they are welcome at Crew*. *Some breed/weight restrictions apply Income RequirementsThis is a MFTE home. You must income qualify for this home. Equal Housing OpportunityV7LIb2Ijm"	https://seattle.craigslist.org/see/apa/d/seattle-individual-heating-fiber/7703240790.html
7703240780	Concrete Floors and Tall Ceilings make this the Perfect Open 1 Bed	2150	capital hill	blacklisted_description	seattle	(47.61633, -122.308397)	False	"Lawrence Lofts1818 E Madison Street, Seattle, WA, 98122Use the link below for more details:https://blantonturner.touraptnow.com/t2gbg3Call Now -  show contact info
 x 324OR Text 324 to  show contact info
 for more information.Your journey starts here.1 Bedroom, 1 Bath | Approximately 655 Sq. Ft.Community Info:When it comes time to find your new place to land, touch down at Lawrence Lofts! Make leaving home a little harder by enjoying our high ceilings, oversized windows, and open interiors. Minimal walls and tall ceilings maximize the sensation of spaciousness. Hone your home chef potential in sleek updated kitchens with convenient stainless-steel appliances, granite countertops, under cabinet lighting, and European-inspired cabinetry. Concrete floors make cleaning a breeze and ensures you never hear a peep from your upstairs neighbors. Things don't end with the apartments! Lawrence Lofts offers a fantastic community as well! Immerse yourself in a true PNW Seattle experience with curated projector videos on every floor. Host with half the hassle with a fully equipped, professionally cleaned guest suite. No more couch surfing, our suite is more affordable than any hotel! Barbeque tastes better when you're enjoying cascade mountain views from our reservable rooftop amenity space. Fur babies are family. All breeds and sizes are allowed with NO pet deposits! And more is just outside your door. Conveniently located only blocks from the Pike/Pine Corridor of Capitol Hill, Lawrence Lofts is hyper-connected. Explore the neighborhood with ease. A local walk score of 94 means all the area has to offer is at your fingertips. Come check out Lawrence Lofts today and see why it is the PERFECT place to call your next home!  Unit Highlights ✧  Tile or Concrete Flooring in Living Areas ✧  Front-load Washer and Dryers ✧  Stainless Steel Appliances ✧  Dishwashers ✧  Granite Countertops ✧  Under Cabinet Lighting ✧  High Ceilings ✧  Decks, Patios, and Rooftop Terraces* ✧  Glass-front Cabinets Inspired by European Design ✧  Microwaves ✧  Tile Showers ✧  Deep Tubs ✧  Floor-to-ceiling Windows ✧  Bottom-load Freezers ✧  Garbage Disposals ✧  Fireplaces*Included for Some Floor PlansCommunity Highlights ✧  On-site Retail Spaces ✧  Green Spaces Nearby ✧  Convenient Neighborhood ✧  Virtual Concierge ✧  Professional-grade BBQs ✧  Pet Friendly ✧  Rooftop View Deck ✧  WalkScore of 94 ✧  Guest SuiteOffice HoursMonday-Saturday: 9:00AM-6:00PMPet PolicyPets are part of the family! We conduct individual pet interviews for our furry residents without breed or size restrictions. Once they’re here, walks at Cal Anderson, Mill, and Seven Hills park are easy to sneak in (under a half-mile away). Equal Housing Opportunitywuj4ESUa"	https://seattle.craigslist.org/see/apa/d/seattle-concrete-floors-and-tall/7703240780.html
7703240694	Dishwasher, Washer / Dryer, Cable Ready	1899	seattle	blacklisted_description	seattle	(47.502561, -122.336668)	False	"Sunset Park11202 2nd Lane SW, Seattle, WA, 98005Call Now -  show contact info
 x 210OR Text 210 to  show contact info
 to text us.Need more information? Copy this link:https://amc.touraptnow.com/y9051nFIRST MONTH RENT FREE IF YOU APPLY TODAY- Sunset Park Apartments!!2 bedroom | 1 bath | 862 square feetFeatures: ✓  Fireplace ✓  Dishwasher ✓  If you apply this week, we will give you your first month rent free when you move in! ✓  Patio / Balcony ✓  Washer / Dryer ✓  Carpeting ✓  Window Coverings ✓  Refrigerator ✓  Cable ReadyCommunity Features: ✓  Fitness Center ✓  Professional On-Site Management ✓  Controlled Access/Gated ✓  Beautiful Landscaping ✓  Clubhouse ✓  Playground ✓  Pool ✓  Garage ✓  RecyclingCommunity Info:Welcome home to Sunset Park Apartments where convenience and comfort maximize your lifestyle. With private patios or balconies, fireplaces, an in-unit washer and dryer, and sophisticated finishes, our pet-friendly 1 and 2-bedroom apartments in Seattle, WA, have everything you need to step into a life of ease in a place that instantly feels like home. With close access to a variety of restaurants, shops, parks, and entertainment, you can step into the local lifestyle right outside your door. Here, the perfect combination of nature and contemporary city life is yours. Spend weekends exploring local hiking trails, golfing with friends at nearby courses, or taking a short drive to explore downtown Seattle. Enjoy close proximity to Glen Acres Golf & Country Club, Salmon Creek Ravine Park, and all the scenic beauty the area has to offer. Grab a bite to eat or your favorite brew at Dubsea Coffee, Proletariat Pizza, or Future Primitive Brewing, and fall in love with our friendly community. Choose Sunset Park for the lifestyle you’ve been searching for. Join us today!Pet Policy:Dogs & Cats Allowed Income Requirements:Show proof of income of 2.5x the rental amount. We can take paystubs, investments, bank statements, and/or an offer letter from your employer. Prices are subject to change, based on availability and qualification of the applicant, additional fees may apply.Equal Housing OpportunityAXZ9zg01Bo"	https://seattle.craigslist.org/see/apa/d/seattle-dishwasher-washer-dryer-cable/7703240694.html
7703240577	Stainless-Steel Appliances*, On-Site Management, Spacious Floor Plans	1650	downtown	blacklisted_description	seattle	(47.60092, -122.326237)	False	"Metropolitan Park601 South Washington Street, Seattle , WA, 98104Call Now -  show contact info
 x 128OR Text 128 to  show contact info
 to contact our team.Need more information? Copy this link:https://amc.touraptnow.com/56L1u0Metropolitan Park Welcomes You Home1 bedroom | 1 bath | 490 square feetFeatures: ✓  Private Balcony or Patio ✓  Flexible lease Options ✓  Washer/Dryer Hookup ✓  Stainless-Steel Appliances* ✓  Energy-Efficient Appliances ✓  Two Bathroom Options ✓  Fireplace ✓  Views of Puget Sound* ✓  Refrigerator ✓  Cat and Dog Friendly ✓  Dishwasher ✓  Range ✓  Spacious Floor Plans*In select apartment homesCommunity Features: ✓  Close to Park ✓  On-Site Management ✓  Near Major Employers ✓  Available Gated Garage with Electronic Entrance ✓  Recycling Center ✓  WiFi Available ✓  Pet Friendly ✓  Online Rental Payments ✓  Rooftop Deck ✓  Walkable LocationCommunity Info:At Metropolitan Park Apartments, we offer spacious, beautifully designed, one and two bedroom homes featuring brand new interiors. Our homes have sleek stainless steel appliances, minimalist white European cabinetry, modern hardwood style flooring, plush high end carpeting, bright lighting, and smooth satin nickel finishes. With ample storage, full sized washers/dryers, and over-sized patios and balconies, Metropolitan Park meets all your needs and more. Metropolitan Park boasts a 95/100 walk-score, centrally located in International District, within walking distance to Downtown, Capitol Hill and Pioneer Square. Our location is the bridge between all that Seattle, WA has to offer. Take in breathtaking views of Puget Sound and Downtown from our rooftop deck, and you'll see just how much you have access to. Our 24 hour fitness center, complete with dry sauna, and our on-site 24 hour maintenance, make our community the perfect place for comfortable Seattle living. We are just an easy 5 minutes to King's Station, giving access to all Seattle metro's major bus and link routes. Whether you're explore the exciting culture of International District, taking a walk in Kobe Garden, or lounging on our rooftop deck, our community provides the space and location you need to have it all.Schedule a personalized tour of Metropolitan Park today to discover how much better life can be!Pet Policy:Cats and Dogs Welcome Some Breed Restrictions Apply Income Requirements:3x the monthly rentOffice Hours:Monday-Friday: 9:00AM-6:00PMSaturday: 10:00AM-5:00PM Prices are subject to change, based on availability and qualification of the applicant, additional fees may apply.Equal Housing OpportunityoXl5XWyKSt"	https://seattle.craigslist.org/see/apa/d/seattle-stainless-steel-appliances-on/7703240577.html
7703240558	Easy Access to Downtown Seattle, I-5 and Hwy 99, Quartz Countertops	3093	north seattle	blacklisted_description	seattle	(47.759643, -122.34544)	False	"2 Bedroom, 2 Bath | Approximately 1052 Sq. Ft.Follow The Link Below:https://greystar.leasehomenow.com/8mi040The Essence of Exceptional LivingCall Now -  show contact info
 x 134OR Text 134 to  show contact info
 to text our leasing team. Community Info:Live carefree every day. At Ion Town Center, coming home feels like you're on vacation. With impressive finishes and resort-quality amenities, our apartments make it possible to live beyond your expectations. With so much to do in the perfect location, a vibrant new lifestyle awaits. Embrace it.Residence Features: ✩  Den/Office Space * ✩  AC Ports ✩  2 Unique Interior Color Palettes ✩  Ask about our Signature Homes* ✩  Hardwood-Style Plank Flooring ✩  Option for Furnished Apartments* ✩  Quartz Countertops ✩  Private Balcony/Patio * ✩  Stainless Steel Appliances*Only Available in Select UnitsCommunity Features: ✩  Keywords: Light Rail, Boeing, University of Washington, Shoreline Community College, North Seattle Community College, Walking, Main Street, Lynnwood, Bus, Modern, Google, Facebook, City, UW, Husky, Shoreline, Shopping, Restaurants, Parking, Garage, Public Transportation, Luxury Finishes, Character. ✩  Sky Lounge With Chef Inspired Kitchen ✩  Easy Access to Downtown Seattle, I-5 and Hwy 99 ✩  Sky View Terrace With BBQs ✩  Fit Zone - 24/7 Fitness Center ✩  Top of the Woof - Dog RunDriving Directions:If you are coming from I-5, take Exit N175th St to Shoreline. After getting on N 175th St, drive 0.7 miles, then take a right on Midvale Ave N. The building will be on your right after driving 0.3 miles. If you are coming from the North on Highway 99, turn right on N 175th, then left on Midvale Ave N.Due to ongoing construction, parking may be limited. Parking is available on the side of the road. Alternatively, you can park in the parking lot on the north side of the trailer in the shopping center, by T-Mobile or Starbucks.Office Hours:Monday-Saturday: 9:00AM-6:00PMSunday: 10:00AM-5:00PM We do not accept Comprehensive Reusable Tenant Screening Reports as defined by and pursuant to RCW 59.18.* Floor plans are artist’s rendering. All dimensions are approximate. Actual product and specifications may vary in dimension or detail. Not all features are available in every rental home. Pricing and availability are subject to change. Rent is based on monthly frequency. Additional fees may apply, such as but not limited to package delivery, trash, water, amenities, etc. Deposits vary. Please see a representative for details.Equal Housing OpportunityF4Dwzihf"	https://seattle.craigslist.org/see/apa/d/seattle-easy-access-to-downtown-seattle/7703240558.html
7703240515	Patio*, Rooftop Fire Pits and BBQ, Quartz Countertops, Fitness Center	2207	greenwood	blacklisted_description	Greenwood	(47.69052, -122.354774)	False	"EdgePoint320 N 85th Street, Seattle, WA, 98103Call Now -  show contact info
 x 124OR Text 124 to  show contact info
 to contact our team.Want more info? See the link below:https://greystar.leasehomenow.com/80s14tFind Your New Home Today!1 bedroom | 1 bath | 780 square feetFeatures: ✓  Patio* ✓  A/C Ports* ✓  In-Unit Washer and Dryer ✓  Walk-in Closets* ✓  Mountain Views* ✓  Quartz Countertops ✓  Balcony* ✓  Stainless Steel Appliances*select apartment homesCommunity Features: ✓  Resident and Bike storage ✓  Club Room ✓  Pet Wash and Dog Run ✓  Rooftop Fire Pits and BBQ ✓  Fitness Center ✓  Electric Vehicle ParkingCommunity Info:Discover your new home at EdgePoint in Seattle’s Greenwood neighborhood! Our new apartment home community includes open one bedrooms, traditional one bedrooms, one bedrooms with dens & two bedrooms! Homes will feature designer finishes including stainless steel appliances, quartz counter tops, walk-in closets* & mountain views*. Community amenities include a rooftop deck with mountain views, clubroom, fitness center, bike storage, pet spa, dog run and electric vehicle parking. Being located in the heart of Greenwood your favorite grocery stores, shopping and dining are just steps away. We can’t wait to welcome you home to EdgePoint!Pet Policy:Pet friendly Office Hours:Monday-Friday: 9:00AM-6:00PMSaturday-Sunday: 10:00AM-5:00PM We do not accept Comprehensive Reusable Tenant Screening Reports as defined by and pursuant to RCW 59.18.* Floor plans are artist’s rendering. All dimensions are approximate. Actual product and specifications may vary in dimension or detail. Not all features are available in every rental home. Pricing and availability are subject to change. Rent is based on monthly frequency. Additional fees may apply, such as but not limited to package delivery, trash, water, amenities, etc. Deposits vary. Please see a representative for details.Equal Housing OpportunityQ6UrQlKU7h0"	https://seattle.craigslist.org/see/apa/d/seattle-patio-rooftop-fire-pits-and-bbq/7703240515.html
7700470522	Affordable convenience at Harlow Heights Apartments! Washer & Dryer in unit	1675	south seattle	blacklisted_description	Seattle	(47.5413, -122.3129)	False	"Harlow Heights Apartments4351 15th Ave S Seattle, WA 98108A wonderful home in Seattle is waiting for you!We currently have a gorgeous 1 bedroom 1 bathroom renting for $1675 per month. This unit comes with 520 - 524 sq ft. Welcome home to Harlow Heights. A contemporary community in the heart of Seattle, Washington. Our prime location places you near Lake Washington, Jefferson Park Golf Course, and Interstate 5. Enjoy easy access to shopping, family eateries, local shops, and entertainment hots spots.

Schedule a Tour: http://www.harlowheights.com/?utm_knock=cl&doorway=schedule show contact info
Community Highlights:● Controlled Access● Courtyard● Gated Access● Concierge● Elevator● SundeckUnit Highlights:● Cable Ready● Disability Access● Disposal● Eat-in Kitchen● Microwave● Oven● Storage Units● Tub/Shower● Vinyl Flooring● Window Coverings● All-electric Kitchen● Balcony or Patio in Select Homes● Central Air and Heating● Concierge● Double Pane Windows● Double Vanities● Island Kitchen● Massive Windows● Views Available● Walk-in Closets in Select UnitsContact:  show contact info
 Website: http://www.harlowheights.com/?utm_knock=clLeasing Options: 6-Month, 7-Month, 8-Month, 9-Month, 10-Month, 11-Month, 12-MonthPet Policy: Pets Welcome Upon Approval.
Maximum adult weight is 20 pounds.
One pet allowed per household.
Pet deposit is $250. Availability and pricing are subject to change daily EQUAL HOUSING OPPORTUNITY2FC80CD641C740"	https://seattle.craigslist.org/see/apa/d/seattle-affordable-convenience-at/7700470522.html
7700471016	For an easy commute by bus, come home to Harlow Heights Apartments	1675	south seattle	blacklisted_description	Seattle	(47.564714, -122.313561)	False	"Harlow Heights Apartments - A place to call home! Bed: 1 / Bath: 1  Sq. Footage: 520 - 524 sq ft Rent: $1675/MonthTerms: 6-Month, 7-Month, 8-Month, 9-Month, 10-Month, 11-Month, 12-Month show contact info
 Welcome home to Harlow Heights. A contemporary community in the heart of Seattle, Washington. Our prime location places you near Lake Washington, Jefferson Park Golf Course, and Interstate 5. Enjoy easy access to shopping, family eateries, local shops, and entertainment hots spots.

Schedule a Tour: http://www.harlowheights.com/?utm_knock=cl&doorway=scheduleOur Apartment Homes Feature:   − Cable Ready− Dishwasher− Disposal− High Speed Internet Access− Microwave− Oven− Refrigerator/Freezer− Storage Units− Tub/Shower− Vinyl Flooring− All-electric Kitchen− Breakfast Bar in Select Homes− Central Air and Heating− Concierge− Double Pane Windows− Double Vanities− In Unit Washer & Dryer− Island Kitchen− Massive Windows− Views Available Our Residents Enjoy:  − Controlled Access− Courtyard− Gated Access− Concierge− Elevator− SundeckContact Info: show contact info
 4351 15th Ave S Seattle, WA 98108 Website: http://www.harlowheights.com/?utm_knock=clMon - Fri: 9:00 AM - 5:00 PMOffice not on site. Pets: Pets Welcome Upon Approval.
Maximum adult weight is 20 pounds.
One pet allowed per household.
Pet deposit is $250. Availability and pricing are subject to change dailyEQUAL HOUSING OPPORTUNITY2FC80CD641C740"	https://seattle.craigslist.org/see/apa/d/seattle-for-an-easy-commute-by-bus-come/7700471016.html
7703240284	Premium Grade Carpet in Bedrooms, Mountain Views and Courtyard Views*	1715	seattle	blacklisted_description	North Seattle	(47.70062, -122.347339)	False	"Cooper13530 Linden Ave N, Seattle, WA, 98133Visit This Website to See More:https://thrive.touraptnow.com/40zvo5Call Now -  show contact info
 x 110North Seattle Apartments 1 Bedroom, 1 Bath | Approximately 662 Sq. Ft.Community Info:Coming home to an apartment you love makes every day an excellent day, and we strive to create a welcoming and enjoyable environment at Cooper, our beautiful Seattle apartments. With an excellent array of amenities and apartments designed with spacious and pleasing floor plans, our North Seattle apartments are designed to provide a relaxing yet invigorating residential experience. We like to think our apartment community offers the best of both worlds: easy proximity to Seattle’s best entertainment in a relaxing atmosphere. Unit Highlights ✧  Stainless Steel Appliances* ✧  Views of Space Needle and Downtown Seattle* ✧  Above the Range Microwave* ✧  Vinyl Planked Flooring* ✧  Dishwasher & Disposal ✧  Mountain Views and Courtyard Views* ✧  Lux Vinyl Plank (Wood-Look) Flooring ✧  Dens/Bonus Space* ✧  Large Closets/Walk-in Closets* ✧  Premium Grade Carpet in Bedrooms ✧  Newly Renovated Units ✧  Spacious Floorplans ✧  Balconies* ✧  2"" White Faux Wood Blinds**In Select UnitsCommunity Highlights ✧  Free Bike Storage ✧  Interior Hallways & Elevators ✧  Underground Garage ✧  On-site 24-Hour Emergency Maintenance ✧  Gated Courtyard w/ Party Lights, BBQ's and Firepits ✧  Resident Portal (Rent Cafe') for work orders, rent pay/auto pay, and updates. ✧  Conveniently Located by Restaurants, Coffee, Parks, Schools, Shops and More! ✧  Social Hall w/ Gourmet Kitchen, Dining & Lounge Seating, Cable TV & Free Wi-Fi ✧  24-Hour Fitness Center & Yoga Studio ✧  Storage Rental ✧  Controlled Access BuildingDriving Directions1 Block West of Hwy 99 on the Corner of Linden Ave N. & 137th.Office HoursMonday:9:00AM-6:00PMTuesday:10:00AM-6:00PMWednesday:9:00AM-6:00PMThursday:10:00AM-6:00PMFriday:9:00AM-6:00PMSaturday:10:00AM-5:00PMPet PolicyPet Friendly! $300 Pet Deposit (for up to 2 pets max.) plus Pet Rent. Some breed restrictions apply. Call for details! Income Requirements2.5 Times Rent (Gross Income)Photos and/or floor plans shown are representational and may not depict the exact layout or features of the available unit. If currently occupied, the individual unit you've selected may not be available to tour. Please contact our leasing team with any questions.Equal Housing Opportunity6cuALGj1jLwE"	https://seattle.craigslist.org/see/apa/d/seattle-premium-grade-carpet-in/7703240284.html
7703240280	Resident lounge, Two palettes of interior finishes, Pet spa	2241	queen anne	blacklisted_description	South Lake Union	(47.630726, -122.342338)	False	"Leeward1305 Dexter Street, Seattle, WA, 98109Want more information? Follow this link:https://greystar.leasehomenow.com/848753Call Now -  show contact info
 x 129OR Text 129 to  show contact info
 to text our leasing team.Up to One Month Free on Select Homes! 1 Bedroom, 1 Bath | Approximately 752 Sq. Ft.Community Info:Urban living as vibrant and alive as its surroundings. Leeward offers open concept one, one plus den and two bedroom floor plans with modern interiors and designer finishes. Conveniently located in the revitalized neighborhood of South Lake Union, distinctive for its live-work-play culture, Leeward offers all the conveniences of a connected community. Leeward is just minutes from major employers, transit options, Lake Union waterfront, shopping, dining and nightlife.  Unit Highlights ✧  Two palettes of interior finishes ✧  Open concept with one, one plus den and two bedroom floor plans ✧  Air conditioning available ✧  Quartz countertops ✧  Full size washer/dryer ✧  Stainless steel appliances ✧  Wood style plank flooring ✧  Oversized windows with roller shadesCommunity Highlights ✧  Fitness center ✧  Easy transit access ✧  Sky lounge ✧  e-business center, conference room ✧  High-tech gaming room ✧  Roof-top bark park ✧  Spin studio ✧  Roof decks with expansive views of Lake Union ✧  100% smoke-free ✧  Resident lounge ✧  Pet spaOffice HoursMon - Fri 9 AM - 6 PMSat & Sun 10 AM - 5 PMPet PolicyPet friendly, fees and restrictions apply. Income RequirementsIncome needs to be 3x the monthly rental rate.We also require a rental history verification. View our screening criteria here:https://thegreystar.com/files/Leeward_Greystar.pdf  We do not accept Comprehensive Reusable Tenant Screening Reports as defined by and pursuant to RCW 59.18.* Floor plans are artist’s rendering. All dimensions are approximate. Actual product and specifications may vary in dimension or detail. Not all features are available in every rental home. Pricing and availability are subject to change. Rent is based on monthly frequency. Additional fees may apply, such as but not limited to package delivery, trash, water, amenities, etc. Deposits vary. Please see a representative for details.Equal Housing Opportunity0rWhXCw5jnU"	https://seattle.craigslist.org/see/apa/d/seattle-resident-lounge-two-palettes-of/7703240280.html
7703240196	Seasonal Swimming Pool, Access Code Package Lockers, Build-in Shelves	2429	seattle	blacklisted_description	10500Meridian Ave N St Seattle WA 98133	(47.705541, -122.333737)	False	"One Month Free The Galleria 10500 Meridian Avenue North, Seattle, WA, 98133Interested in more information? See link below:https://avenue5.aptfeatures.com/969im5Call Now -  show contact info
 x 158OR Text 158 to  show contact info
 to text with us.You're here. You're home. You're happy.2 Bedroom, 1 Bath | Approximately 1000 Sq. Ft.Community Info:Call us NOW about our SPECIALS! The Galleria Apartments offers spacious yet cozy apartment homes with beautiful landscaped courtyard, 24-hours access amenities and ample location of the heart of North Seattle hotspots including Northgate mall, Northgate Light Rail station, Kraken Community Iceplex, North Seattle College, etc. We'd love to show you your future home!  Unit Highlights ✧  Build-in Shelves ✧  Private Patio/ Balcony ✧  Large Closets ✧  Dishwasher ✧  Cable Ready ✧  Storage Rooms ✧  Wheelchair Access ✧  Carpeting/ Hardwood Floor ✧  Disposal ✧  Electronic Thermostat ✧  RefrigeratorCommunity Highlights ✧  Business Center with Wi-Fi Lounge ✧  Access Code Package Lockers ✧  Media Room with Entertainments ✧  Doggie Park ✧  On-Site Maintenance ✧  High Speed Internet ✧  On-Site Management ✧  Elevators ✧  24-hour Fitness Center ✧  BBQ Grills/ Picnic Area ✧  Pets Friendly ✧  Clubhouse ✧  Landscaped Courtyard ✧  Recycling ✧  On-Site Laundry Facilities ✧  Seasonal Swimming PoolDriving DirectionsLocated on the East side of the I-5, exit 173 to Northgate Way with close proximity to North Seattle College, just off of Meridian Avenue North.Office HoursMonday-Friday:9:00AM-6:00PMSaturday-Sunday:10:00AM-5:00PMPet PolicyPet Friendly Community. Income RequirementsApplicants are required to make 3x the rent to income qualify. Guarantors must 6x the monthly rent.Equal Housing OpportunityNorth Seattle Northgate Northwest Hospital University of Washington North Seatle College Amazon Boeing Downtown Seattle Link Lightrail fPCPZ15i"	https://seattle.craigslist.org/see/apa/d/seattle-seasonal-swimming-pool-access/7703240196.html
7703240151	Video Monitored Parcel Room, Bike Storage & Bike Repair Station	2442	capital hill	blacklisted_description	Seattle	(47.614511, -122.322054)	False	"This is a 1 Bedroom, 1 Bath, Approximately 608 Sq. Ft. Visit This Website to See More:https://greystar.leasehomenow.com/uh1383Location! Location! Location! Can't beat a 99 Walkscore in the Heart of Capitol Hill! Tour today! Call Now -  show contact info
 x 123OR Text 123 to  show contact info
 to text our leasing team. Community Info:Welcome to the Cue Apartments, a mix of new and historic - located on the corner of East Pine Street and Harvard Avenue in the heart of Seattle’s famous Capitol Hill neighborhood! Walking distance to hot-zones of hangouts for foodies, bar-flies, and music-lovers, in a chic location that’s 10 steps away from Seattle Central Community College, Seattle University, Downtown Seattle and South Lake Union. Taking a cue from the neighborhood (pun intended), you’ve got to come and see what makes us special and boutique! Besides our must see apartment amenities, Cue’s thoughtfully planned homes feature contemporary hard surface flooring, designer kitchens with quartz countertops, tons of storage, custom closet organizers, built-in bedroom storage, fully-tiled glass showers, and European fixtures! Residence Features: ✩  Floor-to-Ceiling Windows ✩  Contemporary Metal Patina hard surface flooring throughout ✩  Stainless Steel Appliances  ✩  Fully-tiled walk in glass showers and European Hardware  ✩  Washer and Dryer in every unit  ✩  A Must See ✩  Designer kitchens with quartz countertops*Track Lighting *Entry Coat Closets *Custom closet organizers*Wired for fiber internet with Wave G or Comcast*Under-mount sinks, microwaves and ovens *Built-in Storage shelves in Bedroom *Patios and decksCommunity Features: ✩  Tour Today ✩  Full Service 24-Hour Gym ✩  Private Access Parking Garage** ✩  Bike Storage & Bike Repair Station ✩  Large Roof Sun-Deck with BBQ Areas ✩  Resident Cocktail Ad Lib Lounge & Patio ✩  Rooftop Bocce Ball Court ✩  Video Monitored Parcel Room*High Speed Wi-Fi Throughout the Common Areas & Amenity Areas*On-Site Property Management*Custom Made Art by Local & National Artists*Built Green Construction – Eco Friendly*Reduce, Reuse & Recycle, Compost & Breakdown*24-Hour Access to Ice Machine*Smoke-free Living*24-Hour Emergency Maintenance*On-Site Private Access Storage*Online Payments Available*Online Service Request AccessPet Policy:Maximum of 2 pets per apartment. Dogs and cats only. Restricted dog breeds: Akita, Spitz, Chow Chow, Pit Bull, Doberman Pinscher, Rottweiler, Malamute, Presa Canario and Wolf-Hybrid. $50 Pet Rent $250 Refundable Pet Deposit Driving Directions:Find us on the corner of Harvard & Pine, you can't miss us! Office Hours:Monday-Friday: 9:00AM-6:00PMSaturday: 10:00AM-5:00PM We do not accept Comprehensive Reusable Tenant Screening Reports as defined by and pursuant to RCW 59.18.* Floor plans are artist’s rendering. All dimensions are approximate. Actual product and specifications may vary in dimension or detail. Not all features are available in every rental home. Pricing and availability are subject to change. Rent is based on monthly frequency. Additional fees may apply, such as but not limited to package delivery, trash, water, amenities, etc. Deposits vary. Please see a representative for details.Equal Housing OpportunityBxQ7cfc7s"	https://seattle.craigslist.org/see/apa/d/seattle-video-monitored-parcel-room/7703240151.html
7703240137	Bike storage, Pool table, Complimentary Wi-Fi in common areas	1926	south seattle	blacklisted_description	S. Seattle	(47.537121, -122.280859)	False	"Up to 1 month FREE!*Restrictions apply, contact the office for details. Station At Othello Park 4219 S. Othello Street, Seattle, WA, 98118Need more information? Copy this link:https://greystar.leasehomenow.com/p7y483Call Now -  show contact info
 x 41OR Text 41 to  show contact info
 to text our team directly.Effortless Living1 Bedroom, 1 Bath | Approximately 780 Sq. Ft.Community Info:Location is King! Our location provides commuters with instant connectivity to the best of Seattle. Offers residents easy access to the light rail (it's outside your front door!). The I-5, King County International Airport, Boeing and Seattle's best local shopping, restaurants and entertainment venues.We offer renters the very best combo of location and lifestyle. Situated in the Othello neighborhood in Seattle, Washington, our community offers spacious apartment homes.Take a deep breath as you take in the amazing views atop our SKYDECK 360. Get a work-out in at our Fully Equipped Fitness Center or recharge after a long day around the fire pit. Unit Highlights ✧  Updated finishes in select homes ✧  Join us for a monthly resident event! ✧  Relax and unwind after a long day in our rooftop spa ✧  Host game night in our clubhouse with billiards table  ✧  Catch the next Seahawks game on our 55inch TV  ✧  Patio/Balconies in select homes ✧  Entertain all year long in our clubhouse with full kitchen and pool table!  ✧  Stay Connected Throughout with WiFi in all Social Spaces  ✧  Never miss a package delivery again with our 24-hour secure package lockers  ✧  Our rooftop deck is better than yours  ✧  Lake Washington view from our rooftop deck!Community Highlights ✧  Cardio Equipment ✧  Pool table ✧  Laundry Center ✧  Clubhouse ✧  Dog Wash Station ✧  Demonstration kitchen ✧  24-hour fitness center ✧  BBQ area ✧  Pets are Welcome ✧  Additional storage ✧  Garage parking ✧  Food Retail onsite ✧  Bike storage ✧  Rooftop deck ✧  Walking distance to lightrail and public transit ✧  Makers Space coming May 2023! ✧  Complimentary Wi-Fi in common areasDriving DirectionsParking garage entrance is located off 43rd Ave SParking free for first hour, Lobby doors located on MLK Jr WayOffice HoursMonday: 10:00AM-6:00PMTuesday-Wednesday: 9:00AM-6:00PMThursday-Friday: 10:00AM-6:00PMSaturday-Sunday: 10:00AM-5:00PMPet PolicyWe accept up to two pets per home; dogs and cats. There are no weight limits but some breed restrictions apply. There is a $300 refundable deposit per pet due at move in and monthly pet rent of $50 per pet. Please contact the office for more information! Income Requirements2.5x Rent  We do not accept Comprehensive Reusable Tenant Screening Reports as defined by and pursuant to RCW 59.18.* Floor plans are artist’s rendering. All dimensions are approximate. Actual product and specifications may vary in dimension or detail. Not all features are available in every rental home. Pricing and availability are subject to change. Rent is based on monthly frequency. Additional fees may apply, such as but not limited to package delivery, trash, water, amenities, etc. Deposits vary. Please see a representative for details.Equal Housing Opportunity6Uo8sgOhDX9"	https://seattle.craigslist.org/see/apa/d/seattle-bike-storage-pool-table/7703240137.html
7703240102	Your New View Awaits! Modern 3 Bed 2 Bath! Tour Now!	2750	bellevue	blacklisted_description	seattle	(47.554762, -122.121663)	False	"Overlook at Lakemont5305 Lakemont Blvd SE, Bellevue, WA, 98006Call Now -  show contact info
 x 98OR Text 98 to  show contact info
 to text our leasing team.Use the link below for more details:https://amc.touraptnow.com/w14864Luxury Apartments in Bellevue, Washington3 bedroom | 2 bath | 1257 square feetFeatures: ✓  Walk-In Closets ✓  Private Patio or Balcony ✓  Dishwasher ✓  Fireplace ✓  Full-Size Washer & Dryer ✓  Ceiling Fan ✓  Quartz Breakfast Bar ✓  Bay WindowsCommunity Features: ✓  Fire Pit w/ Lounge Seating ✓  Online Rental Payments ✓  Pet-Friendly ✓  Sundeck & Outdoor Lounge Area ✓  Outdoor BBQ Area ✓  Pet Wash Station ✓  Playground ✓  24-Hour Management & Maintenance ✓  Swimming Pool  ✓  Bike Repair Station ✓  24-Hour Fitness CenterCommunity Info:Ready to embrace vacation-inspired living in Bellevue, WA? The modern one, two, and three bedroom apartments at Overlook at Lakemont come in a variety of spacious, pet-friendly floor plans for rent in King County near Issaquah. This quiet suburban oasis is just minutes from I-90 and a host of shops, restaurants, and recreation destinations. Our interiors were designed to elevate and streamline your day-to-day with features that are equal parts form and function, like walk-in closets, a fireplace, and a private patio or balcony, while our onsite amenities like a swimming pool and hot tub will help you kick back and relax. Live it up, wind it down, or take life at whatever pace you desire – your new home delivers the lifestyle you’ve been searching for.Experience your best life at Overlook at Lakemont.Pet Policy:At Overlook at Lakemont, we know just how much you love your furry friends. Our spacious layouts and light-filled rooms are the perfect place for your pets. As a pet-friendly community in Bellevue, Washington, we encourage you to bring your canine or feline friends with you. Breed restrictions: Pit Bulls (Bull Terriers or American Staffordshire Terriers), Rottweilers, German Sheperds, Doberman Pinschers, Chow Chows, Akitas, and Huskies, full blood or mixed at any percentage are PROHIBITED from residing at this community. For more information on our pet policy, contact our friendly leasing team today. Income Requirements:Three times the rent monthlyOffice Hours:Monday-Friday: 9:00AM-6:00PMSaturday: 10:00AM-5:00PM Prices are subject to change, based on availability and qualification of the applicant, additional fees may apply.Equal Housing OpportunitykJTj7RWP0"	https://seattle.craigslist.org/see/apa/d/bellevue-your-new-view-awaits-modern/7703240102.html
7703239986	100 Transit Score, Guest Hotel & Parking Discounts, Soaking Bathtubs	2575	south seattle	blacklisted_description	Steps Away From The Pike Place Market & All Seattle Gem	(47.58602, -122.333937)	False	"Sequel1900 1st Avenue, Seattle, WA, 98101Call Now -  show contact info
 x 13OR Text 13 to  show contact info
 to text with us.Want more info on this unit? See the link (below):https://greystar.leasehomenow.com/5v2568Every Good Time Deserves a Repeat!1 bedroom | 1 bath | 682 square feetFeatures: ✓  Dishwasher  ✓  Floor-to-Ceiling Windows ✓  Open Layout ✓  Chef-style Kitchens ✓  Wall Mounted Air Conditioners ✓  Energy Star Stainless Steel Appliances ✓  Gas Hot Water ✓  Wall-to-wall Plank Wood Flooring ✓  Exposed Ceilings ✓  Designer Quartz Countertops  ✓  Soaking Bathtubs ✓  Custom Cabinetry ✓  Refrigerator with Water & Ice Dispensers ✓  In-Vanity Lighting ✓  Full Size Washer & DryerCommunity Features: ✓  100 Transit Score ✓  24-hour Dog Run ✓  Peloton Bikes ✓  Discounted SAC Membership ✓  Dry Cleaning Service ✓  Controlled Access Features ✓  Preferred Rooftop Bar Seating ✓  In-Residence Spa Massage ✓  Parcel Delivery Service ✓  Discounted Hotel Services ✓  24-hour Valet Parking ✓  Personal Training Services ✓  Guest Hotel & Parking Discounts ✓  24-hour Concierge Service ✓  24-hour Fitness Center ✓  99 Walk Score ✓  Housekeeping Service ✓  Pet Friendly ✓  24-hour Rooftop Patio  ✓  Dog Walking Reservations ✓  Room ServiceCommunity Info:At Sequel, we take Seattle Apartments to the next level. We emphasize the urge to replicate a good experience by living your life to it's fullest, always having fun and turning your days into timeless adventures. We are providing a new community that follows through and makes our residents feel fulfilled in the place that they have chosen to call home. Living at Sequel in the heart of downtown Seattle, you will be a short walk from Pike Place Market, easy access to bus lines and walking distance to local companies including Zillow, Amazon and Porch.Enjoy all Seattle has to offer at Sequel featuring world class amenities and a location-centric lifestyle. In the hub of Belltown, business and fun are at your fingertips. Walk outside to an array of local restaurants featuring Tom Douglas and other happy hour hot spots. Be sure to ask about our concierge and housekeeping services to supplement your living environment.Pet Policy:Sequel is a Pet Friendly Community and located near pet supply shops! Ask us for more details! Income Requirements:3x Monthly Rent VerifiableOffice Hours:Monday-Friday:9:00AM-6:00PM We do not accept Comprehensive Reusable Tenant Screening Reports as defined by and pursuant to RCW 59.18.* Floor plans are artist’s rendering. All dimensions are approximate. Actual product and specifications may vary in dimension or detail. Not all features are available in every rental home. Pricing and availability are subject to change. Rent is based on monthly frequency. Additional fees may apply, such as but not limited to package delivery, trash, water, amenities, etc. Deposits vary. Please see a representative for details.Equal Housing Opportunity1q8qtlOeKRk"	https://seattle.craigslist.org/see/apa/d/seattle-100-transit-score-guest-hotel/7703239986.html
7703239984	BBQ & Picnic Areas for Family Time, TV Lounge for Entertainment	1725	renton	blacklisted_description	East Renton Highlands	(47.502686, -122.159225)	False	"Renton Sage4455 NE 12th St, Renton, WA, 98059-4444Need more information? Copy this link:https://fpi.aptrentnow.com/138pq8Call Now -  show contact info
 x 64OR Text 64 to  show contact info
 to text our leasing team.Experience Life At Renton Sage2 Bedroom, 1 Bath | Approximately 815 Sq. Ft.Community Info:Welcome to Renton Sage, your solution to affordable housing in the highly desired Renton Highland neighborhood. We offer a charming community of one and two-bedroom apartment homes. Enjoy the comfort of home and the convenience of modern residential amenities, all within a central location just outside of Seattle, close to major employers, and an enticing collection of dining and entertainment options.Our community located near Bellevue provides everything you need to feel at home. A short tour through our grounds will reveal exciting resident amenities, including a fully equipped fitness center, luxurious clubhouse, and outdoor features such as a sparkling swimming pool and picnic area.Inside each of our Renton apartments, find designer finishes and modern touches that welcome you in each day. Your state-of-the-art kitchen offers cutting-edge appliances for all of your cooking needs, and may even contain quartz countertops. The open-concept living and dining area may also have plush carpeting or hardwood-style floors, depending on your preferred floor plan. You’ll even have access to your own private patio or balcony, where you can take in the fresh mountain air.Located just a short drive from Bellevue and downtown Seattle, you’ll have quick and easy access to the best schools and employers in the area. On the weekend, immerse yourself in nature at Cedar River Trail Park, or dine out at delicious local restaurants. No matter what you’re looking for, you’re sure to find it here at Renton Sage. Unit Highlights ✧  Private Balcony: Your Outdoor Oasis ✧  Spacious Closets for All Your Storage Needs ✧  Durable and Stylish Vinyl Flooring ✧  Ceiling Fan for Year-Round Comfort ✧  Quartz Countertops for Elegant Living ✧  Fully-Equipped Kitchen with Modern Appliances ✧  Washer & Dryer: Laundry Made EasyCommunity Highlights ✧  Near Public Transit for Easy Commute ✧  Fitness Center to Keep You Active ✧  Recreation Room for Socializing ✧  Pool for Ultimate Relaxation ✧  On-Site Maintenance for Quick Fixes ✧  Covered Parking for Peace of Mind ✧  Courtyard: A Peaceful Escape ✧  Package Receiving for Your Convenience ✧  Clubhouse: Your Community Hub ✧  Valet Trash for Easy Living ✧  Pet Amenities for Furry Friends ✧  BBQ & Picnic Areas for Family Time ✧  High-Speed Internet for Work & Play ✧  TV Lounge for EntertainmentOffice HoursMonday-Friday: 9:00AM-6:00PMSaturday: 10:00AM-5:00PMPet PolicyMax 2 Allowed | One time Fee $250 Rent $35 | Deposit $250 Comments: Pet Deposit, Pet Rent and One -Time Fee amounts are per pet.Questions? Please contact our leasing office Restrictions: Breed Restrictions Apply Income RequirementsAMI LIMITS 2023-202460% - 1 Person: $57,540, 2 Person: $65,760, 3 Person $73,980, 4 Person $82,200, 5 Person $88,800Equal Housing Opportunity4951KnWG8Q"	https://seattle.craigslist.org/see/apa/d/renton-bbq-picnic-areas-for-family-time/7703239984.html
7703239909	New modern cabinets, Quartz counter tops, Tile back splash in kitchen	2535	greenlake	blacklisted_description	Haller Lake, Northgate, Greenlake, Ballard & Wallingfor	(47.71251, -122.344467)	False	"Haller Post1130 N 115th St, Seattle, WA, 98133Use this link for more info:https://thrive.touraptnow.com/67r304Call Now -  show contact info
 x 461BD 1BTH + W/D + 24/7 GYM + Dog Park! - $19252 Bedroom, 2 Bath | Approximately 1005 Sq. Ft.Community Info:Spacious, newly renovated apartments in North Seattle.Stylish Seattle Living tucked away just south of Haller Lake you'll spoil yourself with stainless steel appliances and rich quartz counter tops under designer lighting with modern paint and trim. Every apartment has lush new carpets and luxury vinyl floors.Luxer package services to ensure your package is received and a short drive to Northgate Mall and Greenlake where you can enjoy shopping, dining, and outdoor fun.24/7 GymWork out on your own time with complimentary access to a wide variety of gym equipment. The Haller Post fitness center is fully stocked with free weights, exercise bikes, treadmills, punching bags, and multi-station strength machines, filling a bountiful space with the latest exercise toys.Pet-Friendly HavenLet your dogs run wild in the off-leash dog park as you relax in the connected BBQ lounge. Meet new friends and make connections in our relaxed community zone. Dogs can enjoy the outdoor obstacle course and play fetch in the extensive outdoor space.Close to NatureIn natural Northwest Seattle, Haller Post Apartments are just one block away from Haller Lake and Northacres Park. Enjoy the great outdoors while staying close to home. Visit the shore of Puget Sound or go for a SUP or paddle boat ride at Greenlake. Go whale-watching, hiking, and sightseeing in this wildlife-filled part of Seattle.Our NeighborhoodEast of Carkeek Park, north of Woodland Park Zoo, and west of Northgate mall, Haller Post residents enjoy every facet of Seattle life. Visit shops and restaurants within walking distance of home. Fill your pallet with Thai and Mexican food, or enjoy fresh sushi and local seafood. Treat yourself and go shopping on a whim. Enjoy city life without the crowds. Unit Highlights ✧  Wood burning Fireplaces with stylish tile surround ✧  Porches and patios ✧  Lots of Windows offering beautiful bright interiors ✧  Designer lighting, paint colors and trim ✧  Stainless steel appliances ✧  Vinyl plank flooring throughout living area. Great for pets! ✧  Quartz counter tops ✧  Spacious floor plans ✧  New modern cabinets ✧  Tile back splash in kitchenCommunity Highlights ✧  Covered/Reserved Parking ✧  Easy access to many nearby restaurants, shops, parks, highways, and much more. ✧  24/7 State-of-the-art Fitness Center ✧  Managed by award winning Thrive Management. ✧  24 hour access parcel lockers ✧  Dog Park with obstacle courseOffice HoursMonday-Friday: 9:00AM-6:00PMSaturday: 10:00AM-5:00PMPet PolicyDogs and cats welcome 2 pet maximum $300 deposit per pet $50 pet rent per month for dogs $35 pet rent per month for cats Breed restrictions apply, no weight limit Photos and/or floor plans shown are representational and may not depict the exact layout or features of the available unit. If currently occupied, the individual unit you've selected may not be available to tour. Please contact our leasing team with any questions.Equal Housing Opportunityq2GqG4Vbe"	https://seattle.craigslist.org/see/apa/d/seattle-new-modern-cabinets-quartz/7703239909.html
7703239628	RARE THREE-BEDROOM HOME - GET IT BEFORE IT'S GONE	3296	capitol hill	blacklisted_description	Central District, near Capitol Hill!	(47.6116, -122.3056)	False	"Union 18 1140 18th Ave Seattle, Seattle, WA, 98122Call Now -  show contact info
 x 97Follow The Link Below:https://thrive.touraptnow.com/56319hWelcome to Union 18 Apartments in Seattle, WA3 bedroom | 2 bath | 1200 square feetFeatures: ✓  Chef Style Kitchens ✓  Stainless Steel Appliances ✓  Subway tile kitchen backsplash ✓  In home washer and dryer ✓  Broadloom carpets ✓  Large and/or walk-in closets (select homes) ✓  Energy-efficient lighting throughout ✓  Under-cabinet LED lighting ✓  Quartz Countertops ✓  Large private patio or balcony ✓  Large Closets ✓  Storage ✓  Stylish two-tone cabinetry ✓  Washer/Dryer ✓  Modern Finishes ✓  Dishwasher ✓  Hardwood FloorsCommunity Features: ✓  benches for friendly gatherings ✓  Controlled-access bike storage ✓  Bike Storage ✓  Urban Sundeck ✓  Cardio Studio ✓  Controlled-access building entry ✓  Free Weights ✓  2 BBQ grills ✓  USB plugs and complimentary wireless printer ✓  Café Style Eating Area ✓  Corn hole ✓  Pet wash and grooming station ✓  Ping Pong TableCommunity Info:Inspired by Capitol Hills retro style, Union 18 is focused on functionality and passion for life. The sixties period architecture offers spacious layouts with large bedrooms and well accommodating living rooms. Each home is outfitted with modern plank flooring, broadloom carpets, energy efficient lightning, in home Washer/Dryer and large private patio. The chef style kitchens make it ideal for entertaining by offering full size stainless steel appliances, stone counter top prep station, subway tile back splash and under-cabinet LED lighting. Enjoy the features of this walkable, bike friendly and bus accessible neighborhood. Everything you need is at your fingertips with the best restaurants, hottest venues, and the hippest attractions just a few blocks away. Union|18 provides quick access to all Seattle destinations, so don’t wait, become a part of the most sought-after living location in Seattle today!Pet Policy:Pets - Max 2 allowed, Cat Rent $35, Dog Rent $50 Comments: A pet deposit is $300 per pet Office Hours:Monday: 9:00AM-6:00PMTuesday: 10:00AM-6:00PMWednesday: 9:00AM-6:00PMThursday: 10:00AM-6:00PMFriday: 9:00AM-6:00PMPhotos and/or floor plans shown are representational and may not depict the exact layout or features of the available unit. If currently occupied, the individual unit you've selected may not be available to tour. Please contact our leasing team with any questions.Equal Housing OpportunityCyDbf2qAGG5"	https://seattle.craigslist.org/see/apa/d/seattle-rare-three-bedroom-home-get-it/7703239628.html
7700020567	Newly remodeled 1 bed / 1 bath with upgrades galore!	1720	seattle	blacklisted_description	Seattle	(47.717, -122.3015)	False	"Welcome to 3030 Lake City Rental Information  Pricing: $1720 - $1750/Month | 1 Bedroom 1 Bath | 653 sq ftLease Term: 6-Month, 7-Month, 8-Month, 9-Month, 10-Month, 11-Month, 12-Month2 weeks off if you move in by December 21tst and a $75 gift card!
B005 reduced to $1505 and E212 reduced to $1725Apartment Amenities   ✓ Cable Ready✓ Carpet✓ Heating✓ High Speed Internet Access✓ Linen Closet✓ Over-sized Windows✓ Range✓ Recycling✓ Refrigerator/Freezer✓ Separate Dining Areas in Select Units✓ Breakfast Bar in select homes✓ Dishwasher & Disposal✓ Eat-in Kitchen✓ Efficient Stainless Steel Appliances✓ Faux Wood Flooring✓ Private Patio or Balcony✓ Quartz Countertops✓ Storage Space in Select Units✓ Walk-In Closets in Select Units✓ Washer/dryer In Select HomesCommunity Features  ✓ Courtyard✓ Laundry Facilities✓ Maintenance on site✓ Renters Insurance Program✓ Reserved Parking✓ Smoke Free✓ Dog Run With Wash Station✓ Fire Pit✓ Green Building✓ Online Services✓ Outdoor Lounge With Gas BBQ✓ Package Concierge✓ Walking Distance To Bus LinesAbout CommunityDescription: 3030 Lake City offers studio, one- and two-bedroom apartment homes with a certified Green renovation offering energy efficient improvements, reduced utility bills and improved building performance. Residents enjoy beautiful kitchens with quartz countertops, new shaker-style cabinets, stainless steel appliances, wood-style flooring throughout the kitchen and living room, washer and dryers in select homes, and designer carpet in the bedrooms. Community amenities include our dog run, luxury style outdoor lounge with gas barbecues and a fire pit. Stop by for a tour and see why 3030 Lake City is a fantastic place to call home.  Location: 3030 NE 143rd St  Seattle, WA 98125  show contact info
Office Hours: Mon - Fri: 9:00 AM - 6:00 PMAdditional InformationPet Policy: 2 pets per apartment home 
- $50 pet rent per pet 	
- $200 refundable deposit per pet 
The following breed restrictions apply - Akita, Alaskan Malamute, Chow, Dalmatian, Doberman Pinscher, German Shepherd, Great Dane, Husky, Rottweiler, Saint Bernard, Wolf Dog Hybrids and all Pit Bull breeds. Website: https://www.3030lakecity.com?rcstdid=MzM=-dkCsfkCKtXI=EQUAL HOUSING OPPORTUNITY85BCC4933AE343"	https://seattle.craigslist.org/see/apa/d/seattle-newly-remodeled-bed-bath-with/7700020567.html
7703239400	Rooftop deck, Dog relief area, Pet-friendly, Pendant lighting	2911	seattle	blacklisted_description	South Lake Union	(47.622213, -122.335856)	False	"Radius 400 Boren Avenue North, Seattle, WA, 98109Call Now -  show contact info
 x 128OR Text 128 to  show contact info
 to contact our leasing team.Need more information? Copy this link:https://greystar.leasehomenow.com/92vkw6radius. everywhere you turn.2 bedroom | 2 bath | 1065 square feetFeatures: ✓  Pendant lighting ✓  Spacious walk-in custom closets and built in closet systems for extra storage ✓  Studio, 1-, and 2-bedroom apartments ✓  Quartz countertops with under mount sinks ✓  Gas Stoves ✓  Ceiling fans ✓  Microwave and Dishwasher ✓  Stainless steel appliances ✓  Wood flooring in living areas ✓  Full size Washer & Dryer ✓  Linear glass tile backsplash ✓  Designer solar shades ✓  Patio or Balcony on select apartments  ✓  Portal connections for personal A/C unitsCommunity Features: ✓  Pet-friendly ✓  Dog relief area ✓  Bike storage ✓  24-hour automated package pick-up ✓  Outdoor BBQ and entertainment area ✓  Community Pub Room ✓  Clubroom ✓  Across from Amazon and easy access to Microsoft Connector ✓  Storage units ✓  Fitness center ✓  LEED Certified  ✓  Rooftop deck ✓  Walking distance to retail, restaurants and Lake UnionCommunity Info:You're into details. You're smart and self-motivated. You're a natural problem solver and you make it happen. Living in South Lake Union means immediate access to mass transit, craft beer, artisan cuisine and a killer music scene. Walking to everything isn't just a luxury, it's a way of life - and living at Radius means more time to ride your bike, walk your dog, go for a hike or paddleboard on the lake. It's Seattle on your terms - exactly the way it's supposed to be.VIRTUAL TOURS:Radius Gym, Common Room, and Deck:https://my.matterport.com/show/?m=GXeQxHHv7XjRadius Lobby and Lounge Rooms:https://my.matterport.com/show/?m=9XuKV6GSFS6Model One-Bedroom A1 and B1 Floorplans:https://my.matterport.com/show/?m=XDp6jmTZrX8Office Hours:Open Monday thru Sunday 10am-6pm. We do not accept Comprehensive Reusable Tenant Screening Reports as defined by and pursuant to RCW 59.18.* Floor plans are artist’s rendering. All dimensions are approximate. Actual product and specifications may vary in dimension or detail. Not all features are available in every rental home. Pricing and availability are subject to change. Rent is based on monthly frequency. Additional fees may apply, such as but not limited to package delivery, trash, water, amenities, etc. Deposits vary. Please see a representative for details.Equal Housing OpportunityFrHkW4e8"	https://seattle.craigslist.org/see/apa/d/seattle-rooftop-deck-dog-relief-area/7703239400.html
7703239001	Double Pane Windows, Oven, Large Pantries, Heating	2099	burien	blacklisted_description	Burien	(47.463221, -122.328475)	False	"ONE MONTH FREE ON SELECTED HOMES Cambridge Square South 455 S 156th St , Burien, WA, 98148Call Now -  show contact info
 x 123Want more info? See the link below:https://thrive.touraptnow.com/804555Welcome to Cambridge Square South Apartments!2 bedroom | 1.5 bath | 940 - 960 square feetFeatures: ✓  Refrigerator ✓  Microwave ✓  Double Vanities* ✓  Large Pantries ✓  Disposal ✓  Walk-In Closets ✓  Large Bedrooms ✓  Tile Floors ✓  Tub/Shower ✓  Dishwasher ✓  Trash Compactor ✓  Spacious Living Room ✓  Cable Ready ✓  Wood Burning Fireplaces* ✓  Storage Units ✓  Linen Close ✓  Double Pane Windows ✓  Washer/Dryer - In Homes* ✓  Oven ✓  Window Coverings ✓  Spacious Kitchen ✓  Dining Room ✓  Wheelchair Accessible (Rooms) ✓  Heating ✓  Plush CarpetCommunity Features: ✓  24/7 Emergency Maintenance ✓  11 Miles From Downtown Seattle ✓  Spacious Balconies and Patios ✓  Two Resort Style Swimming Pools ✓  0.9 Miles From Nearest Grocery Stores ✓  Recycling ✓  1.1 Miles From Downtown Old Burien ✓  Laundry Facilities ✓  Two Indoor Pool Cabanas  ✓  Storage Space ✓  3.8 Miles From Sea-Tac International Airport ✓  Two Garden Style Courtyards ✓  Bike StorageCommunity Info:At Cambridge Square, YOU are our first priority. We strive to uphold the highest standards in maintaining your apartment and the community. Our experienced and caring staff goes the extra distance to make sure your needs are met. You'll find an unmatched ambiance in our Victorian courtyards, English Tudor architecture, and poolside apartments. Our convenient location puts downtown Seattle, the SeaTac airport, and SouthCenter shopping area within minutes while maintaining a very private and secure setting. Come enjoy our garden style landscaping and two oversized resort style swimming pools with large deck areas for sun bathing and conversation. Over half of our 201 apartments have views of the pools and most of those from private patios, porches. Video tours and pictures are available upon request.Pet Policy:Cats Allowed Dogs Allowed $250 Pet Deposit $250 Pet Fee Office Hours:Monday, Wednesday, Friday:9:00AM-6:00PMTuesday & Thursday 10:00AM-6:00PMSaturday & Sunday :10:00AM-5:00PM Photos and/or floor plans shown are representational and may not depict the exact layout or features of the available unit. If currently occupied, the individual unit you've selected may not be available to tour. Please contact our leasing team with any questions.Equal Housing Opportunity7YYo2jP7zI"	https://seattle.craigslist.org/see/apa/d/seattle-double-pane-windows-oven-large/7703239001.html
7701429495	Walk-In Closets, Non-Smoking Community, Ceiling Fans	1660	south seattle	blacklisted_description	3701 S Hudson St, Seattle, WA	(47.556581, -122.285661)	False	"3701 S Hudson St, Seattle, WA 98118Greenhouse Apartments features unique one- and two-bedroom apartment homes that are designed to give residents a foundation for colorful and creative residential living. From the lush carpeting and wood flooring to the illuminating windows and dramatic nine-foot ceilings, our Columbia City, Seattle apartments offer just the right blend of ingredients for residents to create homes full of personality and comfort.If youve been searching for a community of apartments filled with upscale amenities and convenient features, look no further. Our spacious apartments include touches like ceiling fans, granite counter-tops, expansive closets throughout and abundant kitchen storage as well. Our community boasts a rooftop fire pit, a sundeck, 24 hour fitness center and 24 hour clubhouse both with WiFi its clear that community spirit is alive and well at Greenhouse apartments in Seattle.Unit Amenities:Front Loading Washer and DryerContemporary Kitchens with Abundant Storage and Built-in PantryEnergy Star Silver Metallic AppliancesStylish Granite CountertopsExtra-Large Windows Featuring Trickle Ventilators Allow for Natural Light, Fresh Air and Territorial ViewsRoomy 9-Foot High CeilingsCeiling FansKarndean Wood Floors Entry to Kitchen and Carpeted Living Spaces and BedroomsWalk-In Closets*Ground-Level Patio with Outdoor Access**In Select HomesCommunity Amenities:Complementary Common Area Wi-FiPublic Transportation options nearby, Including Link Light Rail24 Hour Fitness CenterBike StoragePet FriendlyNon-Smoking CommunityCall:  show contact info
For more information, visit us at: https://livecushwake.com/zwqgjmht/greenhouse-apartments*Equal housing opportunity*"	https://seattle.craigslist.org/see/apa/d/seattle-walk-in-closets-non-smoking/7701429495.html
7701434577	Comfort, convenience and unmatched amenities. 2 BR/2 BA, 960 SqFt	2080	shoreline	blacklisted_description	Shoreline - Shoreline Park and Ride	(47.767635, -122.345261)	False	"Echo Lake Apartment HomesRENT: $2080 - $2865 / MONTH SIZE: 960 - 981 sq ft  BEDROOMS: 2 BATHROOMS: 2 LEASE TERMS: 4-Month, 5-Month, 6-Month, 7-Month, 8-Month, 9-Month, 10-Month, 11-Month, 12-MonthMove-In Special! Up to 2 Months FREE on select homes. Lease terms apply. Please contact the leasing office for details!UNIT FEATURES:   ❖ Cable Ready❖ Carpeting❖ Dishwasher❖ Disposal❖ High Speed Internet Access❖ Ice Maker❖ Range❖ Refrigerator❖ Wheelchair Access❖ Window Coverings❖ Extra Storage❖ In Unit Washer & Dryer❖ Large Closets❖ Microwave❖ Patio/Balcony❖ Stainless Steel Appliances in Select Homes❖ Storage Units❖ Upgraded Homes AvailableEqually as appealing on the inside, apartment homes at Echo Lake have been designed to maximize your living space and comfort. Open floor plans create an airy feeling, and broad windows bring in even more natural light. Designer finishes are sleek and contemporary, including black appliances and stainless steel fixtures.PROPERTY FEATURES: ❖ BBQ/Picnic Area❖ Clubhouse❖ Elevator❖ Garage❖ Maintenance on site❖ Office Staff On-site❖ Smoke Free❖ Sparkling Pool❖ Fitness Center with Free Weights❖ Package Service❖ Recreation Room❖ View PET POLICY: Limit 2 Pets Per Home. 

1 Pet - $30 Pet Rent per month, $200 Pet Deposit (Refundable), $200 Pet Fee (Non-Refundable). Breed Restrictions Apply.VISIT OR CALL US TODAY!  1150 N 192nd StShoreline, WA 98133 show contact info
 Website: https://www.echolakeapartments.com/?utm_source=craigslist Photos may not be of the actual unit.EQUAL HOUSING OPPORTUNITYSPRCL30E711014CDBC74F6"	https://seattle.craigslist.org/see/apa/d/seattle-comfort-convenience-and/7701434577.html
7702078743	$1,500 Off Two-Bedroom Apartment	2180	renton	blacklisted_description	B-303	(47.4639, -122.136702)	False	"15300 Southeast 155th Place, Renton, WA 98058Welcome to Valley SpringsValley Springs is a beautiful community offering luxurious 1, 2 and 3 bedroom apartment homes spread across 4 buildings. At Valley Springs we treat you like family - you won't just be a number to us. We take pride in our apartment homes, the community, and our hospitality services and it shows! Call or drop-in to tour an apartment home and our beautifully landscaped grounds. We look forward to making Valley Springs your new place to call home!Unit Amenities:DishwasherMicrowaveFull size washer/dryer in every home.Tons of gorgeous maple wood kitchen cabinets.Romantic, electric fireplace with tile hearth.Gorgeous roman soaking tub.Plenty of closet space.Storage room on your patio/deck.All homes are pre-wired for cable, phone, and internet.Patio/Balcony*In Select HomesCommunity Amenities:PlaygroundCourtyardPremium LocationOutdoor Lover's DreamCommuter's ParadiseBBQCall:  show contact info
For more information, visit us at: https://livecushwake.com/vp5gklxj/valley-springs-apartments*Equal housing opportunity*"	https://seattle.craigslist.org/see/apa/d/renton-1500-off-two-bedroom-apartment/7702078743.html
7703237880	One Month Free Rent!!!	2255	capital hill	blacklisted_description	seattle	(47.61541, -122.317894)	False	"1 bedroom | 1 bath | 548 square feetInterested In This Unit? Use this link for more details:https://avenue5.aptfeatures.com/007902Feel The Electricity - A LEED Platinum DesignCall Now -  show contact info
 x 168OR Text 168 to  show contact info
 to contact our team. Community Info:Dating back to 1916, the brick façade at Sunset Electric recalls the Pike/Pine corridor's history as ""auto row."" Today, the contemporary apartments in this Capitol Hill neighborhood connect you to the energy and active lifestyle in one of Seattle's most popular areas. This one-of-a-kind, LEED Platinum-certified community features a sweeping, open-air courtyard along with access to Stout, a buzzy on-site brewpub. A vast seven-story atrium includes exposed beams and wire mesh panels that add to the space's industrial aesthetic. Follow the exterior stairwells and catwalk hallways to your trendy studio, one or two bedroom home.Residence Features: ✩  Floor-To-Ceiling Windows ✩  A Must See ✩  Subway Tiling ✩  Ice Makers ✩  White Quartz Countertops ✩  Open Concept Floorplans ✩  Stainless Steel Appliances ✩  City Views and Water Views ✩  Large Walk-In Closets ✩  Vinyl Plank Flooring*Central Heat*In Select Units*Courtyard Patios*Direct EntryCommunity Features: ✩  Interior Open Air Courtyard ✩  Rooftop Deck with WiFi ✩  Dog Wash Station ✩  Controlled Access Garage ✩  Tour Today*Additional Storage Available*Reserved Parking*Smoke Free Building*100% Walkscore*BBQAreaPet Policy:We welcome two pets per apartment home. Breed restrictions apply. Please contact leasing office for complete details. Office Hours:Tuesday-Saturday: 10:00AM-4:30PMEqual Housing OpportunityxhV9Qzla1"	https://seattle.craigslist.org/see/apa/d/seattle-one-month-free-rent/7703237880.html
7701985061	Home is Where the Heart is – Make Yours Shine Brightly Here!	1699	burien	blacklisted_description	Burien	(47.444753, -122.331022)	False	"Location:   327 S 177th Pl - Burien, WA 98148 Rental Information:$1699/Month | 1 Bedroom 1 Bath | 720 sq ft  Lease Terms:  Call More Information: show contact info
What you’ll find in our community!❖ Clubhouse❖ Courtesy Patrol❖ Covered Parking❖ Fitness Center❖ Maintenance on site❖ Smoke Free❖ Wheelchair Accessible (Rooms)❖ Easy Access to Public Transportation❖ Fantastic Schools Nearby❖ Great Commuter Routes❖ Minutes to Shopping❖ Online Resident Services❖ Seasonal Outdoor Swimming Pool❖ Storage UnitsFeatures in this apartment home!❖ Carpet❖ Ceiling Fans in Select Units❖ Dining Room❖ Dishwasher❖ Disposal❖ Oven❖ Refrigerator❖ Window Coverings❖ Balcony or Patio❖ Fireplace❖ Heating❖ Individual Climate Control❖ Vaulted Ceilings in Select Units❖ Walk-in Closets in Select Units❖ Washer and Dryer in Home Call Wellington Place at  show contact info
Our residents enjoy some of the best community amenities in the business. Relax in our fabulous clubhouse or cool off after a long day in our seasonal outdoor swimming pool. There is something for everyone here like our courtesy patrol, covered parking, online resident services, and spectacular skyline views. Come let the staff at Wellington Place pamper you in your new home.  Website: https://www.wellingtonplaceapartments.com/?utm_knock=clPet Policy: Pets Welcome Upon Approval. Breed restrictions apply. Limit of 2 pets per home. Maximum adult weight is 35 pounds. 
Pet deposit is $200 per pet. 
The non-refundable pet fee is $200 per pet.*Price is subject to change without prior noticeEQUAL HOUSING OPPORTUNITYAE850EF2E07B45CA"	https://seattle.craigslist.org/see/apa/d/seattle-home-is-where-the-heart-is-make/7701985061.html
7701985166	Ready to lease! Beautifully designed 2 bed 2 bath apartment	1995	burien	blacklisted_description	Burien	(47.444753, -122.331022)	False	"Come home to a great community - Wellington Place!Address: 327 S 177th Pl Burien, WA 98148Beds: 2  / Baths: 2 / Size: 984 sq ft   Monthly Rent: $1995Our residents enjoy some of the best community amenities in the business. Relax in our fabulous clubhouse or cool off after a long day in our seasonal outdoor swimming pool. There is something for everyone here like our courtesy patrol, covered parking, online resident services, and spectacular skyline views. Come let the staff at Wellington Place pamper you in your new home.Security Deposit: CallLength of Lease: Call show contact info
 Property Features: ◾ Clubhouse◾ Courtesy Patrol◾ Covered Parking◾ Fitness Center◾ Maintenance on site◾ Smoke Free◾ Wheelchair Accessible (Rooms)◾ Easy Access to Public Transportation◾ Fantastic Schools Nearby◾ Great Commuter Routes◾ Minutes to Shopping◾ Online Resident Services◾ Seasonal Outdoor Swimming Pool◾ Storage UnitsApartment Amenities:◾ Carpet◾ Ceiling Fans in Select Units◾ Dining Room◾ Dishwasher◾ Disposal◾ Oven◾ Refrigerator◾ Window Coverings◾ Balcony or Patio◾ Fireplace◾ Heating◾ Individual Climate Control◾ Vaulted Ceilings in Select Units◾ Walk-in Closets in Select Units◾ Washer and Dryer in HomePets: Pets Welcome Upon Approval. Breed restrictions apply. Limit of 2 pets per home. Maximum adult weight is 35 pounds. 
Pet deposit is $200 per pet. 
The non-refundable pet fee is $200 per pet. Business Hours: Mon - Fri: 10:00 AM - 6:00 PMReady to Lease? Call our office at  show contact info
Website: https://www.wellingtonplaceapartments.com/?utm_knock=clEQUAL HOUSING OPPORTUNITY5DB40D8D94A34767"	https://seattle.craigslist.org/see/apa/d/seattle-ready-to-lease-beautifully/7701985166.html
7697402540	!! FREE RENT UNTIL END OF 2023!! COME TOUR TODAY FOR OUR SPECIAL!!	2800	kirkland	blacklisted_description	Kirkland - North Rose Hill	(47.702604, -122.176904)	False	"SK Apartments show contact info
  Unit Details: 2-BR 2-BA | Square Footage: 1160 sq ft | Rental Rates: $2800/Month! Lease Length: 12-MonthApartment Features:✓ 9Ft Ceilings✓ Den✓ High-Speed Internet Access✓ Linen Closet✓ Office✓ Oven/Range✓ Pantry✓ Trash Compactor✓ Tub/Shower✓ Window Coverings✓ Balcony or Patio✓ Double Pane Windows✓ Hardwood Floors✓ Heating✓ Island Kitchen✓ Microwave✓ Stainless Steel Appliances✓ Walk-In Closets✓ Washer and Dryer in Home✓ Wheelchair Accessible (Rooms)About Our Community:Finding an apartment home in Kirkland, Washington, has never been easier! Welcome to SK Apartments; ideally situated less than a mile away, you will find an abundance of restaurants, superb shopping, and great entertainment. You can enjoy nearby outdoor adventures like Juanita Bay Park, Heritage Park, and Waverly Park. Come home to a community that provides you with the everyday conveniences you need and want.

Schedule a Tour: https://www.skapartments.com/?utm_knock=cl&doorway=scheduleWonderful Amenities:✓ Assigned Parking✓ Courtyard✓ Easy Access to Freeways and Shopping✓ Elevator✓ Fitness Center✓ Garage✓ Grill✓ Guest Parking✓ Recycling✓ Sprinkler System✓ Access to Public Transportation✓ Controlled Access✓ Key Fob Entry✓ Online Services✓ On-Site Maintenance✓ Renters Insurance Program✓ Smoke-Free✓ Video Patrol Contact Information:Address: 11415 Slater Ave NE Kirkland, WA 98033  show contact info
 Website: https://www.skapartments.com/?utm_knock=clPet Policy: Pets Welcome Upon Approval.
Breed restrictions apply. 
We love all pets, but the following breeds/crossbreeds are not allowed: Pit Bulls (Staffordshire Bull Terrier), Dobermans, Rottweilers, Chow Chows, German Shepherds, Huskies, Mastiffs, Great Danes, Malamutes, Akitas, and Wolf Hybrids. 
Breed restrictions are subject to change without notice.

Contact leasing offices for more details.Availability and pricing are subject to change dailyEQUAL HOUSING OPPORTUNITY31F69C5591F2466E"	https://seattle.craigslist.org/see/apa/d/kirkland-free-rent-until-end-of-2023/7697402540.html
7699778830	2 BR / 1.5 BA great for pets! Pet-Friendly Community in Seattle	1675	seattle	blacklisted_description	Seattle - Bryn Mawr-Skyway	(47.4924, -122.2359)	False	"2 Bedroom  1.5 Bathroom | 890 sq ft | $1675/Month Hillview Apartments12825 60th Lane South F-08 F-08 Seattle, WA 98178 show contact info
Description: Ten minutes from Downtown Seattle, Bellevue, South center and AuburnOne month free rent! Apply by November 15th.2 bd, 1.5 ba | Available NowHillview Apartments is a peaceful community which features all of your living essentials. Located only minutes from all major freeways and highways, Hillview is close to Downtown Seattle, Tukwila and Renton. We are also on the bus line and moment from local shops banks and schools. Residents enjoy relaxing sunsets on our deluxe-size patios featured with every home.2 bed 1.5 bath ready for immediate move in! Apply by 11/15/23 and receive 1 month free rent at move in!KEY FEATURESSq Footage: 890 sqft.Bedrooms: 2 BedsBathrooms: 1.5 BathsParking: 1 Assigned | Guest parkingPets Policy: Cats & Dogs OKLaundry: In UnitProperty Type: ApartmentRENTAL FEATURESLiving roomDining roomStorage spaceFireplaceRange / OvenRefrigeratorDishwasherGarbage disposalFreezerBalcony, Deck, or PatioCable-readyTake your virtual tour here - https://my.matterport.com/show/?m=5pAhkF6gsha&brand=0Apply here - www.iconre.org/apply-nowRental TermsRent: $1,675Application Fee: $62Security Deposit: $600Available Now Apartment Amenities:Our Residents Enjoy:− 24 Hour Availability− Maintenance on site− Online Services− Package Service− Property Manager on Site− Public Transportation− Smoke Free− Assigned parking (reserved space with every unit)− Close to major freeways I-5, 405, I-90, 167− Close to shopping (WestField Mall, Renton Landing)− Convenient to Downtown Seattle & Renton− Easy to I5 access− Fast Access to the Sea-Tac Airport, Link Lite Rail− Major bus lines− On-call emergency maintenance− Steps to the 101, 102, 106 Buslines− Ten minutes from Downtown Seattle, Bellevue, South center and AuburnAdditional Details:Deposit: CallTerms: 12-MonthPets:  show contact info
Website: https://www.iconre.org/hillviewEQUAL HOUSING OPPORTUNITY11C440E73712473"	https://seattle.craigslist.org/see/apa/d/seattle-br-15-ba-great-for-pets-pet/7699778830.html
7702003510	Where you belong... 🔑🥂	2010	lake forest park	blacklisted_description	Lake Forest Park	(47.741464, -122.288041)	False	"Sheridan Beach Terrace Bedroom: 2 | Bathroom: 1Square Footage: 910 sq ftMonthly Rent: $2010 show contact info
  Community Description  The nearby Ballards Farmers Market is a local favorite, or you can enjoy some time in Ballard Park. As for our apartment homes, we offer variously sized homes from 1- to 3 bedrooms. These units feature stunning amenities, including quartzite countertops. large sliding glass doors, and other window features that invite in natural light at every opportunity.

We also offer several other amenities to provide a place to call home. Schedule a tour today and find out why the Sheridan Beach Terrace apartments are calling you home!

Schedule a Tour: https://liveatsheridanbeachterrace.com/?utm_knock=cl&doorway=schedule    Community Amenities➢ Community Garden➢ Community Grill➢ Dog Park➢ Elevator➢ Lake Washington Views➢ Maintenance on site➢ Recycling➢ Rooftop Terrace➢ Smoke Free➢ Sundeck➢ Credit Builder Program➢ Picnic Area/Grilling Station➢ Planned Social Activities➢ Public Transportation➢ Renters Insurance Program➢ Rooftop Terrace➢ Storage Space➢ Trash Pickup - Door to Door➢ WaterfrontUnit Features➢ Balcony/Patio➢ Balcony/Patio➢ Ceiling Fans➢ Ceiling Fans➢ Den➢ Dishwasher➢ Dishwasher➢ Oven/Range➢ Oven/Range➢ Tub/Shower➢ Double Pane Windows➢ Heating➢ In Unit Washer & Dryer➢ Large Floor To Ceiling Closets➢ Natural Lighting➢ Stainless Steel Appliances➢ Stunning Views➢ Three Panel Sliding Doors➢ Wood-style Plank Flooring➢ Wrap Around Balcony'S  Contact InformationVisit Us: 15530 Bothell Way NE Lake Forest Park, WA 98155 show contact info
 Hours: Mon - Thu: 9:00 AM - 6:00 PMFri: 9:00 AM - 4:00 PMSat: 10:00 AM - 3:00 PMSundayClosed.  Website: https://liveatsheridanbeachterrace.com/?utm_knock=cl   Additional DetailsPet Policy: Please ask management for details regarding our pet policies. 2 pet maximum per household. No aggressive breeds. Weight limit of 70 lbs.Lease Terms: Variable, 12-Month Price is subject to change without prior noticeEQUAL HOUSING OPPORTUNITYD79561D128684DB"	https://seattle.craigslist.org/see/apa/d/seattle-where-you-belong/7702003510.html
7698222775	Enjoy your upgraded new 1050 sq ft, 2 bed / 2 bath!	2685	lake forest park	blacklisted_description	Lake Forest Park	(47.7559, -122.3003)	False	"Sheridan Beach Terrace Leasing Office:  15530 Bothell Way NE Lake Forest Park, WA 98155 show contact info
Take a look at what Sheridan Beach Terrace has to offer! Situated in lush landscapes, in the hub of Lake Forest Park, our community brings the world to your fingertips. Sheridan Beach Terrace is home to a prime location that provides you with easy access to the best attractions, and entertainment that this area has to offer.

Schedule a Tour: https://liveatsheridanbeachterrace.com/?utm_knock=cl&doorway=scheduleRental Information: 2 Bedroom / 2 Bathroom / 1050 sq ft / $2685/Month  Lease Terms: Variable, 12-MonthApartment Amenities:◾ Balcony/Patio◾ Balcony/Patio◾ Ceiling Fans◾ Den◾ Den◾ Dishwasher◾ Dishwasher◾ Oven/Range◾ Tub/Shower◾ Tub/Shower◾ Double Pane Windows◾ Heating◾ Large Bedrooms◾ Modern Cabinetry◾ Natural Lighting◾ Quartz Countertops◾ Stainless Steel Appliances◾ Three Panel Sliding Doors◾ Wrap Around Balcony's◾ Wrap Around Balcony'SAdditional Information:◾ Community Garden◾ Community Grill◾ Dog Park◾ Elevator◾ Lake Washington Views◾ Maintenance on site◾ Recycling◾ Rooftop Terrace◾ Smoke Free◾ Sundeck◾ Credit Builder Program◾ Picnic Area/Grilling Station◾ Planned Social Activities◾ Public Transportation◾ Renters Insurance Program◾ Rooftop Terrace◾ Storage Space◾ Trash Pickup - Door to Door◾ Waterfront Leasing Hours: Mon - Thu: 9:00 AM - 6:00 PMFri: 9:00 AM - 4:00 PMSat: 10:00 AM - 3:00 PMSundayClosed. show contact info
Pet Policy: Please ask management for details regarding our pet policies. 2 pet maximum per household. No aggressive breeds. Weight limit of 70 lbs. Website: https://liveatsheridanbeachterrace.com/?utm_knock=cl  EQUAL HOUSING OPPORTUNITYEEB433833F5045E"	https://seattle.craigslist.org/see/apa/d/seattle-enjoy-your-upgraded-new-1050-sq/7698222775.html
7701420893	6 Weeks free - Call us today! - 3 bedroom 2 bathroom at Rainier View Homes!	3150	seattle	blacklisted_description	Seattle	(47.489821, -122.258133)	False	"-- Rainier View Homes -- show contact info
 Monthly Rent:  $3150 Apartment: 3 Bedroom | 2 Bathroom  Square Footage:  1330 sq ft The Rainier View Homes is a newly-built development, featuring 11 detached cottage-style units, all designed with the environment in mind. Currently underway to be certified 4-Star Built Green and solar-ready. Each home features an open concept floor plan, large windows for natural light, and engineered wood floors. Beautiful kitchens built with contemporary cabinetry, quartz countertops, and stainless steel appliances. Other unit features include a washer/dryer, air conditioning, spacious patios, and plenty of storage. Property amenities include a community park and 22 parking spaces.6 Weeks free - Call us today! - 3 bedroom 2 bathroom at Rainier View Homes!3 bd, 2 ba | Available NowThe Rainier View Homes is a newly-built development, featuring 11 detached cottage-style units, all designed with the environment in mind.3 Bedroom 2 Bathroom Home ready end of January! 1330 square feet - 2 Stories$3150.00 + $200 sewer and garbage*resident is responsible for their own electric and water bill Move In Special - Move In with a 18-month lease and get 2 months free rent! Move in with a 12-month lease and get 1-month free rent!Take your 3D tour here - https://my.matterport.com/show/?m=UUH8KN5ofHt&brand=0UNIT FEATURES:HIGH CEILINGSLARGE WINDOWSOPEN FLOORPLANSWASHER/DRYER IN UNITAIR CONDITIONINGCONTEMPORARY CABINETRYQUARTZ COUNTERTOPS STAINLESS STEEL APPLIANCESSTORAGEPRIVATE BALCONIESCOMMUNITY FEATURES:BUILT IN 2019ON-SITE PARKINGCOMMUNITY PARKPET FRIENDLYSMOKE FREEWe have side street parking for guests as wellApply now - https://www.iconre.org/apply-nowAmenitiesAssigned ParkingCommunity ParkRental TermsRent: $3,150Application Fee: $62Security Deposit: $600Available NowPet PolicyCats allowedDogs allowedPet Policy: Check out our beautiful community featuring: ❖ Courtyard❖ Garden❖ Porch❖ Public Transportation❖ Spa❖ Sprinkler System❖ Individual Locking Bedrooms❖ Private BathroomApartment features include:  Phone:  show contact info
Tue - Fri: 9:00 AM - 6:00 PMSat: 10:00 AM - 5:00 PM Website: https://www.iconre.org/rainierviewhomes6017 South 127th Lane - #10 Seattle, WA 98178Lease Terms: 12-MonthEQUAL HOUSING OPPORTUNITY92A99F8E218C430"	https://seattle.craigslist.org/see/apa/d/seattle-weeks-free-call-us-today/7701420893.html
7702734054	1BD 1BA, In-Unit Washer/Dryer, Parking	2336	queen anne	blacklisted_description	Queen Anne	(47.6379, -122.3643)	False	"AVA is a living space in the Queen Anne neighborhood of Seattle. Walk, bike or drive to pizza or sushi, espresso or tacos, music, bars, clubs and plenty of boutique shopping. From Buckley's On Queen Anne to Urban Café and South Fountain Lawn to SIFF Cinema Uptown, everything you need is right here in our Queen Anne neighborhood -– or you can check out nearby Magnolia and Capitol Hill. Our studios and 1- and 2-bedroom Seattle apartments feature an urban-inspired design that extends beyond your walls to cool spaces all over the building. Plus, our technology package, AVAConnect, offers high-speed and common area WiFi, digital resident services including the ability to submit service requests and pay your rent online, package service, and more. There are chill spaces inside and out the community with a roof deck with barbecues and amazing water views, a fitness center, and garage parking. Now with our Furnished+ program, apartment living is easier than ever before. Appreciate the stylish furnishings and enjoy the convenience of pre-installed Wi-Fi and cable TV, flexible lease-terms, and utilities that are included in your rent. With Furnished+, you can step right into the life you want to live, without all the hassle. So what are you waiting for? Dive in and make our Seattle apartments your new home today.-Stainless Steel Appliances-In-Unit Washer/Dryer-Green Community-Pet Friendly-Parking-Controlled Access-Balcony/Patio (Select Homes)-AVAConnect Technology PackageCall:  show contact info
Visit https://avalon-communities.com/62qnxtnl/ava-queen-anne to learn more.Prices and availability are subject to change."	https://seattle.craigslist.org/see/apa/d/seattle-1bd-1ba-in-unit-washer-dryer/7702734054.html
7703234960	Spacious One-Bedroom Apartment on Lakeview Boulevard!	2200	capital hill	blacklisted_description	Seattle	(47.631539, -122.323891)	False	"Completely surrounded by nature! The large staircase takes you up to this massive one-bedroom/one-bathroom unit includes a vintage dining room, living room, large kitchen area, and a walk-in closet. Just minutes away from Downtown Seattle and Amazon neighboring next to Capitol Hill, Eastlake, South Lake Union, and a short walk to Volunteer Park! It has water and city views of Seattle, plus the Olympic Mountains overlooking Lake Union. The apartment includes amenities such as a full-size washer, dryer, oven/stovetop, dishwasher, refrigerator, and wood-burning fireplace. Has a front yard porch and a semi-private backyard. Pet Friendly! Dogs under 30 lbs. and cats are are allowed.

Utilities $85 per month (water, sewer, trash)
Gas and electricity are separate
$750 Security Deposit
$25 Application Fee
Pet Fee: $30 per month + $350 non-refundable fee

Rental Requirements:
-Credit score 700 or above
-Recurring verifiable monthly income of 2.5 times the rent
-Positive reference from an established property management company
-No evictions

Come check out this fantastic unit! Please call or text Vivian at  show contact info
."	https://seattle.craigslist.org/see/apa/d/seattle-spacious-one-bedroom-apartment/7703234960.html
7703234565	Stunning. Unique. And Very Upscale. With Up To 6 Weeks FREE!	2490	belltown	blacklisted_description	Belltown	(47.61532, -122.351338)	False	"6 Weeks Free Joseph Arnold Lofts 62 Cedar St, Seattle, WA, 98121Want more info? See the link below:https://thrive.touraptnow.com/47qtd1Call Now -  show contact info
 x 102One look and you'll know why The Joe is special. Steel beams frame walls of glass – allowing Mother Nature to rotate spectacular murals of snowcapped peaks and dramatic sunsets over Puget Sound.1 Bedroom, 1 Bath | Approximately 692 Sq. Ft.Community Info:One look and you'll know why The Joe is special. Steel beams frame walls of glass – allowing Mother Nature to rotate spectacular murals of snowcapped peaks and dramatic sunsets over Puget Sound. Natural materials nod to the Northwest while refined finishes combine to create contemporary loft homes like no other. It's sophisticated, practical, refined urban living - as only Joe would have it. Unit Highlights ✧  New/Renovated Interiors ✧  Energy-Efficient Heating & Cooling ✧  Efficient hot water equipment ✧  Large Windows maximize daylight ✧  Sustainable Bamboo Flooring ✧  Hardwood Flooring ✧  Ozone-friendly refrigeration systems ✧  Maximized natural & hybrid ventilation ✧  Electric sub-metering ✧  Water sub-metering ✧  Energy-Efficient Stainless Steel Appliances ✧  Modern LED Light Fixtures ✧  Cable & Wi-Fi Ready - Xfinity Gateway in every home ✧  Loft Style Homes ✧  White Quartz Countertops ✧  Digital Programmable Thermostats ✧  Water-conserving fixturesCommunity Highlights ✧  Bike Storage with Work Bench/Station & Street Access ✧  Walk or Bike to work, the waterfront or downtown ✧  Impressive State-of-the-Art - 24-Hour Fitness Center  ✧  Electric Vehicle Charging Stations ✧  Landscaping features hardy, native vegetation ✧  Package Lockers ✧  2 Grand Community Lounges - Reservable for Private Events ✧  Rooftop Pet Lounge ✧  Non-Smoking building ✧  Vegetated Green Roof - reduces water run-off & store for future watering ✧  Water-Conserving irrigation systems ✧  Business Center ✧  Secured Access Building ✧  Yoga Studio with iFit Reflective Trainer ✧  Nearby Zipcar and Public Transportation ✧  Gated Garage Parking with Motorcycle & Tandem Lift Parking Available ✧  Outdoor Firepits & BBQ's in the Outdoor Kitchen ✧  Rooftop Deck & Lounge with breathtaking Views of Puget Sound & Mt. RainierDriving DirectionsIn beautiful & bustling Belltown, 1 block from the Seattle Waterfront.On the Corner of Cedar St & Elliott Ave. Office HoursMonday-Saturday: 10:00AM-6:00PMSunday: 10:00AM-5:00PMPet PolicyPet Friendly! We Welcome up to 2 Animals per Home. Pet Deposit $300 Pet Rent (Dog) - 1st dog $50, 2nd dog $75 per month Pet Rent (Cat) - 1st cat $35, 2nd cat $50 1 dog & 1 cat is $100 for both pets No Weight Limits. However, Breed Restrictions Apply. Income RequirementsGross income must be at least 2.5 times the rent. Rent to income ratio is also a factor. Photos and/or floor plans shown are representational and may not depict the exact layout or features of the available unit. If currently occupied, the individual unit you've selected may not be available to tour. Please contact our leasing team with any questions.Equal Housing Opportunitya5qR9xX2IM"	https://seattle.craigslist.org/see/apa/d/seattle-stunning-unique-and-very/7703234565.html
7703234170	Light rail access just steps away!776	2210	othello	blacklisted_description	Othello	(47.537102, -122.283232)	False	"This is a 1 Bedroom, 1 Bath, Approximately 776 Sq. Ft. Use the link below for more details:https://thrive.touraptnow.com/o551u9Call Now -  show contact info
 x 43Orenda at Othello SquareCommunity Info:You want it, we got it! A fresh perspective in apartment living, here your modern home has personality with light filled interiors and attention to quality, eco-conscious finishes. Amenity spaces – even the rooftop deck – are designed for year-round use and feature local art, texture and colors that celebrate Othello’s global community. Step outdoors and enjoy celebrated ethnic cafes and bakeries or catch the light rail for a speedy passport to all that Seattle offers. Features: ‣  Quartz countertops  ‣  Full-sized in-unit washer and dryer ‣  Lofty ceilings and high windows for abundant natural light  ‣  Choice of fire and ice kitchen colors  ‣  Stainless steel kitchen appliances  ‣  Select units have exterior deck or balcony ‣  Eco-conscious materials Community Amenities: ‣  Secure package lockers  ‣  Indoor lounge that opens to outdoor rooftop entertaining  ‣  Rooftop canopy area with heaters for year-round use  ‣  Steps from Othello Light Rail Station ‣  Rooftop pet terrace  ‣  Rooftop deck with southern views of Mt. Rainier  ‣  Fitness center with boxing, cardio, and strength training  ‣  Bike room with repair station and rinse area  ‣  Indoor communal kitchen and media center  ‣  Indoor shuffleboard, pool table, arcade games  ‣  Underground parking  ‣  Rooftop gas firepits and comfy seating  ‣  Rooftop EVO, BBQ grill and sink Pet Policy:Cats and Dogs allowed 2 Pet Maximum $300 pet deposit Cats - $35/month pet rent Dogs - $50/month pet rent Income Requirements:2.5 times the rent amountOffice Hours:Monday-Friday: 9:00AM-6:00PMSaturday-Sunday: 10:00AM-5:00PMOrenda at Othello Square3939 S. Othello St, Seattle, WA, 98118Photos and/or floor plans shown are representational and may not depict the exact layout or features of the available unit. If currently occupied, the individual unit you've selected may not be available to tour. Please contact our leasing team with any questions.Equal Housing Opportunityq0KwE4R5"	https://seattle.craigslist.org/see/apa/d/seattle-light-rail-access-just-steps/7703234170.html
7700078217	Bellevue 2BR apt, Fully-equipped kitchen, Large deck w/ storage, W/D	2550	bellevue	blacklisted_description	Bellevue	(47.572054, -122.174897)	False	"Welcome Home To Tenzen! Tenzen is a community that has been completely remodeled inside and out – with condominium level, upscale interiors. Tenzen residents share a central courtyard in the trees, featuring a stunning fountain. In addition, residents will find a central patio with grilling area, comfortable seating, and heaters (for chilly nights). The Tenzen community is conveniently located for your car or your feet, easy access to I-90 and I-405 and just steps from shopping, restaurants, movies and services. Imagine walking to the grocery store in a matter of minutes. Give Us A Call… we’d love to show you your new home. Call our leasing office!This apartment features:Fully-equipped kitchenGranite countertopsStainless steel appliancesConvenient W/DLarge deck with extra storageWood burning fireplaceGarage Parking AvailableCome Visit us!Tenzen Apartments4117 124th Ave SEBellevue, WA 98006https://livecreativejuices.com/5wh5cuf7/tenzen-apartmentsContact us today to schedule a tour! Call  show contact info
Office Hours Tuesday - Saturday 9:00am – 6:00pmClosed on Sunday & MondayPhotos in ad may not be of actual apartment, however we try our best to use photos similar to the floor plan."	https://seattle.craigslist.org/see/apa/d/bellevue-bellevue-2br-apt-fully/7700078217.html
7702114918	LIMITED AVAILABILITY; APPLY ONLINE QUICKLY! Apts w/ So Much Nearby!	2523	renton	blacklisted_description	95 Burnett Ave S, Renton, WA	(47.483106, -122.208255)	False	"95 Burnett Ave S, Renton, WA 98057Welcome to 95 Burnett Apartments, an intimate community with a charming atmosphere. Our apartment community is located in Downtown Renton, Washington a vibrant neighborhood brimming with boutique shops, restaurants and parks, all within walking distance from your front door. Choose from eight spacious floor plans with studio, one, two and three bedroom options including two level townhomes. Each home is tailored with amenities such as hardwood floors, 9 ceilings, private balconies/patios, fully equipped kitchens with granite countertops, in-home washer and dryer and select homes feature vaulted ceilings. Plus, enjoy our year round firepit and BBQ gazebo and play ping pong, cornhole, or putt-putt golf with your friends, family or neighbors on our second floor patio deck!,Living at 95 Burnett Apartments in Renton gives you easy access to I-405, and we are just a few miles from Tukwila Station for a quick commute to Seattle and Tacoma on the Sounder train. Flying out for business or pleasure?  We're just six miles from Seattle-Tacoma International Airport.  Our convenient location also puts you within minutes to Boeing, Renton Landing, Southcenter Mall, Gene Coulon Memorial Beach Park and Cedar River Park. Wed love to have you call 95 Burnett your new home. Give us a call to schedule your tour today!,Unit Amenities:All-electric KitchenBreakfast BarCarpeted FloorsCovered Parking GarageDen or Study*GarageHardwood FloorsMini BlindsRefrigeratorTrack and Pendant Lighting*In Select HomesCommunity Amenities:Pet-friendly staff (with dog treats in the office)CourtyardClose to shoppingSoaker tubCopy and fax servicesSpacious floorplansCall:  show contact info
For more information, visit us at: https://livecushwake.com/2k5v34ha/95-burnett*Equal housing opportunity*"	https://seattle.craigslist.org/see/apa/d/renton-limited-availability-apply/7702114918.html
7699331136	deceptively large 2 or 3 br / 1 ba.	2400	west seattle	blacklisted_description	West Seattle	(47.555439, -122.388609)	False	"This gorgeous upper of a duplex is deceptive. From the street it looks like a cute bungalow and it's small and cute, and then you walk thru, and it's GIANT - to the tune of about 1400 square feet (before we include the attic.

I have what might be weird photos in the listing but these are really closeups of the hardwood living room floor, and the stained glass by the fireplace, and the brass faceplates so you can really get a feel for how nice it is.  All of the faceplates in the house have been done in brass, and of course the dining room chandelier is nice so I had to have a photo of it as well. The list of little details that are available to peruse is pretty much endless.


There is a living room with a fireplace, and the reason I have it listed in the title as 2 or 3 is because there is a 19 foot long den that has, in the past, been used as a bedroom.  (meaning that it could easily be a 3 bedroom)

There is a westward facing deck with a tiny view. Great driveway parking at the back of the house (It will hold 4 cars, you get 2 of those spaces - front to back), and a mildly fenced yard. There is also an apple tree in the back yard.


In one of the photos you can see a pull down stairwell that leads to a large attic that is carpeted with the same carpet as the rest of the house. it's about 10 feet wide, and 30 feet long, and has lights, and you can stand in the center of the roof peak. so, it makes for amazing storage (and be sure to ask me about the secret compartment up there).

There is so much more, But if I make this ad too long, you will stop reading it. Trust me, you will be able to take in when you come see it for yourself.

It's behind the Rite Aid off California - a few blocks south of the West Seattle junction, which is a quiet neighborhood, and many of the super friendly neighbors have kids.

I'll be honest, I've had to replace carpet because of pets in the past, so I have a  1  animal policy, with a $1000 deposit.

This is a NO SMOKING property. as in, even if you smoke ""only outside"", I am not interested in renting to you."	https://seattle.craigslist.org/see/apa/d/seattle-deceptively-large-or-br-ba/7699331136.html
7703232587	Beautiful Apartment in Ballard with Abundant Natural Light	2270	ballard	blacklisted_description	Ballard	(47.66862, -122.370896)	False	"This is a 1 Bedroom, 1 Bath, Approximately 734 Sq. Ft. Use this link for more information:https://greystar.leasehomenow.com/v3i898Call Now -  show contact info
 x 138OR Text 138 to  show contact info
 to text our team.Inspired LifestyleCommunity Info:KOI offers renters the very best combo of location and lifestyle. Situated in the Ballard neighborhood in Seattle, Washington, KOI offers spacious apartment homes.Relax on our rooftop deck; hang with your friends and neighbors around the fire pit. Get a work-out in at our Fully Equipped Fitness Center or recharge after a long day in our tranquil landscaped outdoor courtyard.Features: ‣  Abundant Natural Light ‣  Hardwood flooring ‣  Luxurious Bathroom ‣  Stainless Steel Whirlpool Appliances  ‣  Granite Countertops ‣  Private patios on every unit  ‣  Washer & Dryer in unit ‣  Spacious closets ‣  Large windowsCommunity Amenities: ‣  Bicycle Garage for $20 monthly ‣  Rooftop deck w/ views, TV & Wi-Fi access ‣  Reserved, garage parking space for $175 monthly ‣  Package Concierge Lockers for 24 hour access ‣  Smoke-free building ‣  Controlled access property ‣  Fantastic Coffee Machine w/ espresso, hot cocoa and more!  ‣  Spacious Clubhouse with Fireplace ‣  2 Gas BBQ Grilling areas  ‣  Resident Website w/ Online Bill Pay, Work Orders and more ‣  WalkScore = 92 ‣  Easy access to public transportation ‣  Extra Storage closets starting at $95 per month ‣  Electric car charging stations ‣  24 hour fitness center with State of the art cardio studio and Strength training equipment ‣  Courtyard with massive gas fire pit ‣  Walk to Ballard Farmers MarketPet Policy:KOI treats your pets are a part of the family, with complimentary treats at the office every day! -2 pet maximum per apartment home -Pet deposit of $300 -Pet Rent of $50 per pet Restricted Breeds: Pit Bull Terriers/Staffordshire Terriers, Rottweiler's, Doberman Pinschers, Chows, Presa Canarios, Akitas, Alaskan Malamutes, Wolf-Hybrids Please contact our leasing professionals for more information. Income Requirements:Applicant's gross income must be 2.5 times the monthly rent. Guarantors accepted! Must have 5x the monthly rent as income and good credit.Office Hours:Monday-Friday: 10:00AM-6:00PMSaturday: 10:00AM-5:00PMKoi1139 NW Market Street, Seattle, WA, 98107 We do not accept Comprehensive Reusable Tenant Screening Reports as defined by and pursuant to RCW 59.18.* Floor plans are artist’s rendering. All dimensions are approximate. Actual product and specifications may vary in dimension or detail. Not all features are available in every rental home. Pricing and availability are subject to change. Rent is based on monthly frequency. Additional fees may apply, such as but not limited to package delivery, trash, water, amenities, etc. Deposits vary. Please see a representative for details.Equal Housing OpportunityhmG2BuWFsT"	https://seattle.craigslist.org/see/apa/d/seattle-beautiful-apartment-in-ballard/7703232587.html
7703232462	Walk-In Closets*, Private Patios or Balconies*	1978	west seattle	blacklisted_description	West Seattle	(47.563856, -122.375754)	False	"1 bedroom | 1 bath | 597 square feetInterested in more information? See link below:https://greystar.leasehomenow.com/4v43okAS YOU LIKE IT.Call Now -  show contact info
 x 291OR Text 291 to  show contact info
 to text with us. Community Info:Aura West Seattle is a luxurious community featuring studio, one and two-bedroom apartments along with townhomes for rent. From industrial-style live/work studios to townhomes and sixth-floor apartments with penthouse finishes, you will find exactly the home to suit your needs. The Aura West Seattle community is an oasis of comfort for all personalities and is a place where your lifestyle can be as relaxed or as busy as you wish.Residence Features: ✩  Spring Pull Down Faucet ✩  Quartz Countertops ✩  Private Patios or Balconies* ✩  A Must See ✩  Unique Live/Work Units ✩  Amazing Seattle Skyline Views* ✩  Modern Urban Residences ✩  Expansive Floor-to-Ceiling Windows ✩  Walk-In Closets* ✩  Kitchens Designed for the ""Foodie"" ✩  Wood-Style Flooring ✩  Custom Cabinetry with Soft-Close Doors and Drawers Offered in Two Color Schemes ✩  Lux Finishes Throughout ✩  Under-Mount ""Farm Style"" Sink ✩  Stainless Steel Appliances ✩  Soaring 10' Ceilings at Penthouse Level ✩  Stacked Full-Size Washer/Dryer *Custom Carpeted Bedrooms*2"" Window Coverings Throughout*Pendant Lighting Over Kitchen Bars/Islands*Modern Lighting Throughout Apartment* In select apartmentsCommunity Features: ✩  Pet Washing Station ✩  Access to West Seattle Hill Climb ✩  Close to Downtown ✩  Tour Today ✩  Multi-Level Parking Garage ✩  Uber-Chic Rooftop Deck ✩  Resident Lounge and Social Gathering Area with Coffee Bar ✩  24-7 Parcel Package Lockers ✩  Personal Gardening Spaces ✩  Rooftop Pet Park ✩  Bike Storage ✩  RapidRide Stop Right Outside The Front Door ✩  Fitness Center with Cardio Theater and Free Weights*Multi-Size Storage Lockers Available *Climate Controlled Interior Corridors*Social Gathering Spaces*Grilling Stations*24-Hour Maintenance Emergency Service*WiFi in All Common AreasOffice Hours:Monday-Saturday:9:00AM-6:00PM**Photos in this ad may be of other units available We do not accept Comprehensive Reusable Tenant Screening Reports as defined by and pursuant to RCW 59.18.* Floor plans are artist’s rendering. All dimensions are approximate. Actual product and specifications may vary in dimension or detail. Not all features are available in every rental home. Pricing and availability are subject to change. Rent is based on monthly frequency. Additional fees may apply, such as but not limited to package delivery, trash, water, amenities, etc. Deposits vary. Please see a representative for details.Equal Housing OpportunityjCagQ611f"	https://seattle.craigslist.org/see/apa/d/seattle-walk-in-closets-private-patios/7703232462.html
7703229133	3 Bed, Movie Theater, Fitness Center	2082	lake city	blacklisted_description	12548 Lake City Way NE, Seattle, WA	(47.720578, -122.293712)	False	"12548 Lake City Way NE, Seattle, WA 98125WELCOME TO POLARIS AT LAKE CITYPolaris at Lake City is a brand new affordable community near the beautiful Seattle waterfront. Our purpose is to be more than just an apartment community, but rather enhance our resident’s way of life. We want to provide a lifestyle for our residents that fosters ongoing education, holistic health enhancements, personal assistance, and preventative support.There’s so much to discover in this affordable community in the heart of Seattle, Washington!Let us be your guiding star.The landlord will not accept a comprehensive reusable tenant screening report made available to the landlord by a consumer reporting agency.Apartment Features:Stylish Studio, 1, 2 & 3 Bedroom HomesFull-Size Washer & DryerFully Equipped Kitchens With Stainless Steel AppliancesSpacious Bedrooms With Large ClosetsLuxury Vinyl Plank Flooring ThroughoutCarpeting In BedroomsCommunity Features:Community Multi Purpose RoomFitness CenterMovie TheaterGame RoomInternet CafeInternal MailroomEnclosed Private CourtyardPlaygroundInterior Bike StorageOn-Site ParkingPet Friendly CommunityEasy Access to Transit, Retail, ShoppingNon-Smoking CommunityCall:  show contact info
For more information, visit us at: https://liveataxisresidential.com/7ee3jzd6/polaris-at-lake-cityPricing and availability are subject to change."	https://seattle.craigslist.org/see/apa/d/seattle-bed-movie-theater-fitness-center/7703229133.html
7701428556	Dishwasher, Hardwood Laminate Flooring, Paw Spa	2125	queen anne	blacklisted_description	315 1st Ave N, Seattle, WA	(47.621148, -122.355709)	False	"To schedule a tourWe now book our tour appointments online! Please call or text us at  show contact info
 to self-schedule from your phone! Book your appointment online today or anytime 24/7!Property DescriptionIn an effort to provide the best customer experience, we are now offering in person tours and walkins! Contact us today to schedule your personalized experience!Located in the heart of Lower Queen Anne, Astro offers a 95 walk score so you can commute to your South Lake Union or Downtown job in a matter of minutes without the hustle and bustle of the congested streets. You'll find access to grocery stores such as Metropolitan Market and Safeway within blocks.  Coffee shops, restaurants, bars and plenty of shopping is all around you and the new Climate Pledge Arena hosts free festivals and events most weekends offering up incredible entertainment and food for you and your friends to enjoy! Transit is right outside your doorstep, and you'll find Metro, RapidRide, car sharing and bike sharing all available.  Getting around Seattle couldn't be easier.Once you step out on to our rooftop deck you will understand what all the hype is about. Check out 360 views of the Space Needle, Downtown Seattle, Elliott Bay, and the Olympic Mountain Range and you will be awestruck!!For more information, visit us at: https://livecushwake.com/guiqfi7i/astro-apartmentsDetailsPets: Cats, Small Dogs (< 25lb), Large Dogs (> 25lb)Pet notes: Max 2 allowed, Max weight 120 lb each. $270 pet deposit (refundable) Pet Rent: Dog - $50 Cat - $25Deposit: 25% of 1 Months RentLeasing options: 12 monthsLeasing notes: Contact us for actual terms. Deposit (refundable): 25% of 1 Month's Rent Lease terms vary depending upon availability. Leases greater than 12-month's need to be notarized before move-in.Application fee: 50.00Apartment AmenitiesMovable Kitchen IslandUSB Charging OutletsMicrowaveHardwood Laminate FlooringRefrigeratorQuartz CountertopsGarbage DisposalSoft Close CabinetryGE Stainless Steel Kitchen AppliancesCable-readyForced Air HeatingRange/OvenHigh-speed internetDishwasherAir ConditioningCommunity AmenitiesFireplaceControlled accessRooftop Fire-pitElevatorPaw Spa24-Hour Fitness CenterRooftop DeskBeautiful City, Mountain, & Water ViewsTheatre RoomCourtesy PatrolSky Lounge w/Pool TableRooftop BarbequesNon-smoking PropertyOffered by:Astro ApartmentsAstro has a Walkscore of 95!!!Walking distance to Seattle waterfront, Alaskan Way, Marriott Seattle, Edgewater, Pier 60, Amazon, Google, Microsoft, Bill Gates Foundation, Pike Place Market, SAM sculpture park, Seattle Art Museum, Seattle University, University of Washington, Lake Washington, Lake Union, West Seattle, JBLM, Boeing, Zulily, Seattle Times, Starbucks Corporate, Starbucks, Nordstrom, Bellevue, Expo, Alexan 100, LeeAnn, Ellie Passivhaus, Center Steps, Uptown, Elan, Cora, Claredon, 2nd & John, Kirkland, Harbor View medical center, Seattle Cancer Care Alliance, Seattle PD, Seattle Fire, South Lake Union, Seattle Pacific University, Facebook, Vulcan, Carnival Cruise lines, Port of Seattle, Mackay Marine, Ballard, Edmonds, Shoreline, Seattle International Airport, Alaska Airlines, Delta Airlines, FEMA, Army, Navy, Airforce, Marine Corp, Westlake Center, Seattle Aquarium, Climate Pledge Arena, Mariners, Kraken, Seattle Sounders, Seattle Seahawks, Space Needle!Equal Housing OpportunityPricing and availability are subject to change daily. Photos and floor plans may not be of the exact advertised unit. Contact us today for the most up-to-date information!"	https://seattle.craigslist.org/see/apa/d/seattle-dishwasher-hardwood-laminate/7701428556.html
7703229714	Double Pane Windows, Ceiling Fans, Park-Like Setting with Lake	1610	white center	blacklisted_description	White Center	(47.50702, -122.352783)	False	"Coronado Springs1400 SW 107th St, Seattle, WA, 98146Follow The Link Below:https://avenue5.aptfeatures.com/080w4cCall Now -  show contact info
 x 133OR Text 133 to  show contact info
 to text our team directly.FLOURISH AT CORONADO SPRINGS1 Bedroom, 1 Bath | Approximately 679 Sq. Ft.Community Info:Welcome home! With so many choices in one community and easy access to businesses and freeways, you'll find a home that's perfect for you at Coronado Springs! Located just minutes from Downtown Seattle, Coronado Springs offers the convenience of urban living in beautiful natural surroundings. Unit Highlights ✧  Heating ✧  Patio/Balcony* ✧  Double Pane Windows ✧  Water, Sewer and Garbage Included ✧  Cottage Style Homes* ✧  Park Views* ✧  Breakfast Nook ✧  Ceiling Fans*Amenities may vary and are subject to change at any timeCommunity Highlights ✧  Controlled-Access Entry ✧  Lush Landscaping ✧  On-Site Laundry ✧  On-Site Maintenance ✧  Convenient Location ✧  Park-Like Setting with LakeOffice HoursMonday-Saturday: 9:00AM-5:00PMPet PolicyAllowed - Restrictions Apply Income RequirementsGo here to see our income restrictions: https://www.liveatcoronadosprings.com/incomerestrictionsEqual Housing OpportunityxIunS1qFq5"	https://seattle.craigslist.org/see/apa/d/seattle-double-pane-windows-ceiling/7703229714.html
7703228797	Feel the pulse of the city - Just outside your front door!	1763	queen anne	blacklisted_description	Queen Anne, South Lake Union	(47.625593, -122.344938)	False	"708 Uptown708 6th Ave N, Seattle, WA, 98109Need more information? Copy this link:https://greystar.leasehomenow.com/22533kCall Now -  show contact info
 x 264OR Text 264 to  show contact info
 to chat!High End Lifestyle with Low Impact Living. Welcome Home!1 Bedroom, 1 Bath | Approximately 527 Sq. Ft.Community Info:Live in the heart of this bustling city, surrounded by irresistible amenities and eco-friendly features. 708 Uptown Apartments brings you an engaging collection of Lower Queen Anne apartments that offer the ideal backdrop for your metropolitan lifestyle. Pets welcome!Spectacular views, entertainment, and incredible leisure spots are just some of the highlights of our community. Relax with the city as your backdrop on our splendid rooftop deck. Enjoy morning strolls along the landscaped paths or pick up your bike from our racks and go out for a ride in town. Our green building comes with every convenience you need, including a resident-only fitness center, onsite parking garage, BBQ grills on our rooftop, recycling services, and convenient freeway access. Call Today! Unit Highlights ✧  High Ceilings and Full Windows ✧  Energy Star Certified Appliances ✧  Breathtaking Views Of The City* ✧  Loft, 1 & 2 BR ✧  Abundant Natural Light & AC ✧  Hardwood Floors ✧  Unique Floorplans ✧  A Must See ✧  Washer / Dryer ✧  Fully Equipped Kitchens w Dishwasher*Lower Utility Costs*Select Units*Water Efficient FixturesCommunity Highlights ✧  EV Charging Stations ✧  Pet Friendly ✧  State-Of-The-Art Fitness Center ✧  Garage Parking Avail ✧  Rooftop Deck w/ Sound System, BBQ, & Views ✧  We Look Forward To Meeting You ✧  Great Location ✧  Tour Today*LEED Certified—Constructed With Energy *Efficient Green Materials*Rooftop Solar Panels*Zero Net Carbon FootprintOffice HoursMonday-Friday: 10:00AM-5:00PMSaturday: 11:00AM-5:00PMPet PolicyCats and dogs are welcome. Two pets per home. Contact the leasing office for more information. We do not accept Comprehensive Reusable Tenant Screening Reports as defined by and pursuant to RCW 59.18.* Floor plans are artist’s rendering. All dimensions are approximate. Actual product and specifications may vary in dimension or detail. Not all features are available in every rental home. Pricing and availability are subject to change. Rent is based on monthly frequency. Additional fees may apply, such as but not limited to package delivery, trash, water, amenities, etc. Deposits vary. Please see a representative for details.Equal Housing OpportunitySeattle apartments UptownF5p7gIhfcF"	https://seattle.craigslist.org/see/apa/d/seattle-feel-the-pulse-of-the-city-just/7703228797.html
7703228264	Microwaves, Lake Access, State-of-the-Art Fitness Center	2950	central district	blacklisted_description	seattle	(47.597627, -122.287252)	False	"Reduced Rents + Move-In Today & Receive $500 Off Your Move!Plus a $1,500 VISA Gift Card!*Select Homes. New Move-Ins Lakefront on Washington 538 Lakeside Avenue South, Seattle, WA, 98144Need more information? Copy this link:https://amc.touraptnow.com/7807cLCall Now -  show contact info
 x 79OR Text 79 to  show contact info
 to contact us.LIFE ON THE WATER A BOLD URBAN LIFESTYLE2 Bedroom, 2 Bath | Approximately 1050 Sq. Ft.Community Info:Live life on the lake. Located in the desirable Leschi neighborhood, Lakefront on Washington gives you unlimited access to serene water views, nearby trails, and local eats, as well as the sights and sounds of downtown Seattle. Find an ideal studio, one, or two bedroom apartment designed to match your outdoor enthusiasm and busy routine, and feast your eyes on features like stainless-steel appliances, wood-style flooring, and jaw-dropping views from oversized windows. Sophisticated amenities, high-end finishes, and an ideal location on the west shore make Lakefront on Washington your ideal base camp for life in the Pacific Northwest. Unit Highlights ✧  Wood-Burning Fireplace* ✧  Private Patio or Balcony ✧  Dishwasher ✧  Undermount Sinks ✧  Stainless-Steel Appliances ✧  Wood-Finished Cabinetry ✧  Views of Lake Washington, Mount Rainier, Downtown Bellevue & the Cascade Mountains* ✧  White Quartz Countertops ✧  Enlarged Windows ✧  Marine-Inspired Backsplashes ✧  Roller Shades ✧  Microwaves ✧  Tile & Wood-Style Flooring*In Select HomesCommunity Highlights ✧  State-of-the-Art Fitness Center ✧  Onsite Recycling Program ✧  Close to Parks ✧  Composting Program ✧  Onsite Management ✧  Barbecue Grilling Stations ✧  Online Rental Payments ✧  Onsite Moorage w/ Rentable Boat Slips ✧  Business Center ✧  Swimming Pool w/ Sundeck ✧  Lake Access ✧  Lake Washington Swim Platform ✧  Green-Friendly Community ✧  Multiple Clothing Care CentersOffice HoursMonday-Friday:10:00AM-5:00PM Prices are subject to change, based on availability and qualification of the applicant, additional fees may apply.Equal Housing OpportunitywOTw2RoiIu"	https://seattle.craigslist.org/see/apa/d/seattle-microwaves-lake-access-state-of/7703228264.html
7702325414	Looking for the ideal 2 bed / 1 bath? Check out community!	2035	seattle	blacklisted_description	Seattle	(47.503121, -122.335395)	False	"Garden Pointe, located at 130 SW 112th Street Seattle, WA 98146. Description........ Are you searching for a great apartment home in Seattle, Washington? Well, look no further than Garden Pointe Apartments. Situated in a prime location close to great restaurants, schools, and shopping, our friendly community has it all! Enjoy easy access to scenic parks and golfing venues, and we are only minutes away from Sea-Tac Airport. If a great location and a welcoming atmosphere are high on your list, you have come to the right place!

Schedule a Tour: https://www.gardenpointeapthomes.com/?utm_knock=cl&doorway=schedule show contact info
 Bedrooms........... 2  Bathrooms......... 1  Sq Footage......... 880 sq ftUnit Price........... $2035/Month Lease Term........ 6-Month, 7-Month, 8-Month, 9-Month, 10-Month, 12-MonthAmenity List...... ◾ 24 Hour Availability◾ 24-Hour Maintenance Guarantee◾ Cabana◾ Clubhouse◾ Courtesy Patrol◾ Fitness Center◾ Multi Use Room◾ Online Rent Payments◾ Recycling◾ TV Lounge◾ Access to Public Transportation◾ Bilingual Staff◾ Corporate Suites◾ Discounts Available◾ Easy Access to Shopping◾ Indoor Pool and Spa◾ Online Resident Services◾ Professional Management◾ Security System◾ Short-term Leasing AvailableUnit Features.....◾ Cable Ready◾ Carpet◾ Ceiling Fans◾ Deck◾ Dishwasher◾ Oven/Range◾ Pantry◾ Playground◾ Tub/Shower◾ Window Coverings◾ Balcony/Patio◾ Discounts Available◾ Double Pane Windows◾ Fireplace◾ Handrails◾ Vaulted Ceiling◾ Views◾ Walk-In Closets◾ Washer and Dryer in Home◾ Wheelchair Accessible (Rooms) Our Pet Policy... Pets Welcome Upon Approval.
There will be a $300.00 pet fee required for dogs and cats.
Breed restrictions apply.
Sorry, no aggressive breeds will be allowed.
Service animals are permitted.
Please call our office for more details. Leasing Hours...  Mon - Fri: 9:00 AM - 5:00 PMSaturday: By Appointment Only. Call our Office... at  show contact info
 to schedule a private tour today. Our Location.....130 SW 112th Street Seattle, WA 98146 Website: https://www.gardenpointeapthomes.com/?utm_knock=cl Availability and pricing are subject to change dailyEQUAL HOUSING OPPORTUNITYD65A431D94D44A5"	https://seattle.craigslist.org/see/apa/d/seattle-looking-for-the-ideal-bed-bath/7702325414.html
7701385805	Amazing 1 bedroom, 1 bathroom in Seattle. 700 SqFt!	1850	seattle	blacklisted_description	Seattle	(47.503121, -122.335395)	False	"Garden PointeLocated at: 130 SW 112th Street Seattle, WA 98146Featured unit: 1 bed | 1 bath | 700 sq ft Prices start at: $1850/month Call Today!  show contact info
 Your search to find available apartments in Seattle, WA has led you to the right place. Just by clicking on a few buttons you will have a list of our current availabilities at your fingertips. View our photo gallery and catch a glimpse of Seattle living at its finest. 

Schedule a Tour: https://www.gardenpointeapthomes.com/?utm_knock=cl&doorway=scheduleWonderful Amenities!➢ 24-Hour Maintenance Guarantee➢ Cabana➢ Clubhouse➢ Courtesy Patrol➢ Covered Parking➢ Fenced Lot➢ Fitness Center➢ Online Rent Payments➢ Recycling➢ TV Lounge➢ Corporate Suites➢ Discounts Available➢ Easy Access to Freeways➢ Easy Access to Shopping➢ Extra Storage➢ Housing Vouchers Welcome➢ Indoor Pool and Spa➢ Professional Management➢ Security System➢ Short-term Leasing AvailableApartment Features!➢ Carpet➢ Ceiling Fans➢ Deck➢ Dining Room➢ Dishwasher➢ Disposal➢ Heating➢ Pantry➢ Tub/Shower➢ Window Coverings➢ Balcony/Patio➢ Discounts Available➢ Double Pane Windows➢ Fireplace➢ Handrails➢ Sparkling Pool➢ Vaulted Ceiling➢ Walk-In Closets➢ Washer and Dryer in Home➢ Wheelchair Accessible (Rooms) $500 off First Month's Rent.Hours: Mon - Fri: 9:00 AM - 5:00 PMSaturday: By Appointment Only.  Website: https://www.gardenpointeapthomes.com/?utm_knock=clTerms: 6-Month, 7-Month, 8-Month, 9-Month, 10-Month, 12-MonthPet Policy: Pets Welcome Upon Approval.
There will be a $300.00 pet fee required for dogs and cats.
Breed restrictions apply.
Sorry, no aggressive breeds will be allowed.
Service animals are permitted.
Please call our office for more details.Availability and pricing are subject to change dailyEQUAL HOUSING OPPORTUNITY4AE835803A5D4D"	https://seattle.craigslist.org/see/apa/d/seattle-amazing-bedroom-bathroom-in/7701385805.html
7703227291	Seattle WA, 1bd 1ba, On-site parking available	2895	downtown	blacklisted_description	111 1st Avenue South, Seattle, WA	(47.6036, -122.3256)	False	"Welcome to Terry DennyThe Terry Denny Lofts & Penthouse Apartments in Downtown SeattleThe Terry Denny Apartment Building in downtown Seattle's Pioneer Square artfully combines old and new with unique live / work spaces designed for urban residents. Historic loft apartment interiors with renovated apartment building amenities feature hardwood floors, exposed brick walls, modern kitchens, and generously sized bathrooms. New construction penthouse loft apartments offer private decks with stunning views of Elliott Bay and downtown Seattle, floor-to-ceiling windows and a second level perfect for a home office or bedroom. Building amenities include affordable parking options, community roof top deck, bike storage and on-site storage units. Terry Denny Loft Apartments and Penthouse Apartments are available for rent.The Terry Denny Lofts & Penthouse Apartments are located at 111 First Avenue South in the vibrant and historic Pioneer Square neighborhood, where you’ll find a host of galleries, bookstores, boutiques, restaurants, outdoor spaces and all the amenities that downtown Seattle has to offer.Apartment Features:Washer/DryerDigital cable availableCeiling fans17 foot ceiling heightFloor-to-ceiling windowsFlexible living space with second level upstairs loftConcealed architectural lightingDesigner modern kitchens with above counter lighting, stainless steel backsplash and solid black epoxy countersSpacious white tiled baths feature built-in vanity and large above counter sink basinAppliances include dishwasher, disposal, glass-top range and washer & dryer in each unitOn-site storage units availableHardwood floors11 to 15 foot ceilingsAdditional closet and kitchen cupboard spaceLarge private decks with breathtaking water and city viewsWheelchair accessCommunity Features:On-Site ManagementAvailability 24 HoursBicycle StorageElectronic key card access to buildingOn-site parking availableOpen flexible living spacesOriginal millworkExposed brick wallsFive-panel oversized mahogany slider doorsHistoric landmark buildingAdditional parking available at nearby garage, with special discounted monthly rates for residentsStainless steel elevatorCommunity roof top deck with Elliott Bay view and gas grillGarageHistoric BuildingCall:  show contact info
For more information, visit us at: https://samis-living.com/d2au4hhd/terry-denny*Pricing and availability are subject to change daily. Photos may not be of the exact advertised unit. Please contact us today for the most up to date information!"	https://seattle.craigslist.org/see/apa/d/seattle-seattle-wa-1bd-1ba-on-site/7703227291.html
7703227281	Stainless Steel Appliances, 24-Hour Maintenance, Resident Gatherings	3069	belltown	blacklisted_description	Belltown	(47.618122, -122.348242)	False	"One Month Free on select Apartments! This is a 2 Bedroom, 2 Bath, Approximately 940 Sq. Ft. Follow This Link for More Information:https://thrive.touraptnow.com/22u454Call Now -  show contact info
 x 102ONE MONTH FREE ON ALL APARTMENTS!Community Info:Experience our Seattle apartments! Wake up to the energy of the city and form a connection with Seattle’s rich musical culture. Modern and spacious apartments in the heart of Seattle await you at the Verve. Live with passion, and embrace the spirit of Seattle just steps away from the best concerts and festivals in the city. Wake up to the energy of the city and enjoy easy access to downtown. Hugging the cusp of Queen Anne and Belltown, you'll be a stone's throw away from historical restaurants, retail, museums, and parks. Find your passion, find your verve. Stunning views of the Space Needle, Puget Sound, the Cascades, and the Olympic Mountains surround our modern apartments. Unique and Seattle-centric amenity spaces will give you options to play all year long. There’s even space for your furry best friend to chill out and enjoy the view in our community dog park. Find yourself at the center and call Verve home. Stop by our location today to schedule a tour and see our available pet-friendly Seattle apartments. Call with your questions and learn more about our urban apartment community.Features: ‣  Energy Star Appliances ‣  Dishwasher ‣  Stainless Steel Appliances ‣  Garbage Disposal ‣  Pantry ‣  Washer & Dryer ‣  Glass Top Range  ‣  Microwave ‣  Space Needle, Mountain, Water and City Views  ‣  Linen Closets  ‣  Open Layouts ‣  Additional Storage ‣  Granite CountertopsCommunity Amenities: ‣  Reserved Resident Garage Parking ‣  Online Payments Available ‣  Rooftop Dog Lounge ‣  Solarium ‣  Resident Gatherings ‣  24-Hour Maintenance ‣  Sky Lounge and Rooftop Terrace ‣  24-Hour Fitness Center ‣  Complimentary Wi-Fi ‣  Bike Storage and Storage Lockers ‣  Board Room ‣  BBQ grill station ‣  Space Needle, Mountain, Water and City ViewsPet Policy:Verve welcomes your pets. Our homes accommodate up to two pets per home. Breed restrictions. Please call for more details. Office Hours:Monday-Saturday: 10:00AM-5:00PMVerve 2720 4th Ave, Seattle, WA, 98121Photos and/or floor plans shown are representational and may not depict the exact layout or features of the available unit. If currently occupied, the individual unit you've selected may not be available to tour. Please contact our leasing team with any questions.Equal Housing Opportunity1CQe19iSS"	https://seattle.craigslist.org/see/apa/d/seattle-stainless-steel-appliances-24/7703227281.html
7703227111	4-6 Weeks Free, Fully Renovated, City Views and Spacious Floorplans	3145	seattle	blacklisted_description	Denny Triangle	(47.637195, -122.340702)	False	"4-6 Weeks Free! Met Tower 1942 Westlake Avenue, Seattle, WA, 98101Call Now -  show contact info
 x 88OR Text 88 to  show contact info
 to contact us.Use the link below for more details:https://avenue5.aptfeatures.com/3q7330WELCOME TO MET TOWER1 bedroom | 1 bath | 872 square feetFeatures: ✓  Large Closets ✓  Granite countertops ✓  City, Water and Queen Anne Views ✓  Stainless steel Energy Star® Whirlpool® appliances ✓  Penthouse Fireplaces ✓  Wood plank-style flooring ✓  Extended Ceiling Height ✓  20+ distinct floorplans including private penthouses ✓  Washer/Dryer ✓  Deluxe kitchens with breakfast bars ✓  Private Balcony/Patio ✓  Central Air ConditioningCommunity Features: ✓  Controlled access to building and garage ✓  Directly across the street from Amazon Doppler ✓  Cats and large dogs welcome, private pet area on rooftop ✓  WI-FI in all common areas ✓  Barolo Restaurant, Pho Bac Restaurant, Petra Bistro, La Caviste Wine Bar & Bridget Singh DDS all On Site ✓  On-site management and maintenance ✓  Stunning New Lobby ✓  Zipcars in Parking Garage ✓  Access to South Lake Union Trolley right outside ✓  Elevator ✓  24 hour concierge service ✓  Underground parking and private garages availableCommunity Info:Met Tower delivers the best of both worlds – the comforts of your own home while providing all the luxury and convenience of a 5-star hotel. Not enough? You will also enjoy a host of newly renovated amenities exclusive for residents; private balcony/patio, 24-hour personalized Concierge Service, Indoor Swimming Pool, Spa, Fitness Center - all opening early 2024! Residents receive a complimentary 24-Hour Fitness membership while the amenities are closed for renovation. Our community is located in the heart of Seattle (98101), we are directly across the street from Amazon so there is no better commute for all you Amazonians! Did we mention that we are in walking distance to some of the most amazing restaurants and retail in all of Seattle, well we are! We also have some of the most convenient transportation within blocks of our community! If that isn’t your style, then our convenient parking garage will be perfect to keep your car at your fingertips to hit the open road.You can’t beat the 360 degrees of breathtaking views; from Elliot Bay and the Olympics to the Cascades, each one of our homes offer views that rival any Instagram account and makes you want to have your iPhone on the ready for the next time the sun sets.Pet Policy:BFF's Welcomed! Monthly Pet Rent of $50. We have no weight limit restriction. Certain breed restrictions apply. Call today for more details! Office Hours:Monday-Sunday: 9:00AM-6:00PMEqual Housing Opportunity7wNyspOPiO"	https://seattle.craigslist.org/see/apa/d/seattle-6-weeks-free-fully-renovated/7703227111.html
7703227087	Highly functional kitchens, Premium appliances	3191	seattle	blacklisted_description	Denny Triangle	(47.618916, -122.334337)	False	"This is a 1 Bedroom, 1 Bath, Approximately 672 Sq. Ft. Interested In This Unit? Use this link for more details:https://greystar.leasehomenow.com/2p9679Call Now -  show contact info
 x 99OR Text 99 to  show contact info
 to contact our leasing team.Live well-roundedCommunity Info:In the heart of Downtown Seattle’s high-tech neighbourhood, art, architecture and nature meet to form a refined rental community that quickens and slows in step with your rhythm. Shaped by an indoor-outdoor philosophy, with social spaces that make moving between peaceful residence and pulsing city seamless, there’s no place like Ren.Features: ‣  Air conditioning ‣  Premium appliances ‣  Luxurious bathrooms ‣  In suite laundry ‣  Ample balconies* ‣  Darkening shades in bedrooms ‣  Quartz countertops ‣  Rectangular soaker tub ‣  CommunityConnect OneApp to control suite features ‣  Stone tiling ‣  Highly functional kitchens*available on floors 4 through 40Community Amenities: ‣  Top floor private event spaces ‣  Game room ‣  Building-wide Wi-Fi ‣  BBQs ‣  Curated art program of renowned local and international art ‣  Brevvie kiosks & Tide Cleaners lockers ‣  Caterer's kitchen ‣  Lobby bar ‣  Luxerone Package delivery ‣  Outdoor firepits ‣  Top floor wet bar ‣  Top floor terrace ‣  Secure underground car and bicycle parking ‣  24/7 concierge ‣  Top floor co-work space ‣  Fully equipped, state-of-art fitness center ‣  Private meeting rooms ‣  Dog spa with grooming stations ‣  Wellness room for yoga, meditation, and light aerobics ‣  CommunityConnect OneApp technology to access amenitiesPet Policy:Ren is a pet-friendly community! Office Hours:Monday-Friday:11:00AM-5:00PMSunday:11:00AM-4:00PMREN116 Fairview Avenue North, Seattle, WA, 98109 We do not accept Comprehensive Reusable Tenant Screening Reports as defined by and pursuant to RCW 59.18.* Floor plans are artist’s rendering. All dimensions are approximate. Actual product and specifications may vary in dimension or detail. Not all features are available in every rental home. Pricing and availability are subject to change. Rent is based on monthly frequency. Additional fees may apply, such as but not limited to package delivery, trash, water, amenities, etc. Deposits vary. Please see a representative for details.Equal Housing OpportunityCHYU9e4aY"	https://seattle.craigslist.org/see/apa/d/seattle-highly-functional-kitchens/7703227087.html
7703227069	Located in Seattle, 2BD 1BA, Elevator	1863	south seattle	blacklisted_description	4601 S Graham St, Seattle, WA	(47.545904, -122.274491)	False	"Bedrooms: 2Bathrooms: 1Square Feet: 825Date Available: 2023-12-21Address: 4601 S Graham StLocated in the beautiful Seward Park neighborhood, Lantera is an apartment community offering newly renovated one-, two-, and three-bedroom homes. Here at Lantera, we believe in effortless, convenient, functional, and comfortable living. Our location, modern units, great customer service, and amenities will truly put your mind at ease. We are now leasing our newly renovated homes. Please contact us to schedule a tour! Amenities Include:Modern Kitchen CabinetryProfessional Parcel Locker SystemGated Parking with Controlled AccessOn-Site LaundryExtra Large BalconiesStainless Steel AppliancesModern Panel-Doors ThroughoutModern Counter to Cabinet Tile BacksplashHardwood Style FlooringPhone Entry SystemIsland-Mount, Stainless Steel Range HoodsAbove Range Stainless Steel MicrowavesCall:  show contact info
For more information, visit us at: https://liveindigorealestate.com/m47k6oji/lantera*Pricing, availability, and specials are subject to change without notice. Photos may not be of the exact advertised unit. Please contact us today for the most up to date information!"	https://seattle.craigslist.org/see/apa/d/seattle-located-in-seattle-2bd-1ba/7703227069.html
7703227015	Business Center, Stainless Steel Appliances, Pet Friendly	2465	west seattle	blacklisted_description	Parking Lot	(47.55932, -122.384038)	False	"Lease Today & Receive Up to $750 Off Your Move!Special Will Not Last - Call Today!*Select Homes. New Move-Ins Only Elan 41 4100 SW Edmunds St, Seattle , WA, 98116Call Now -  show contact info
 x 136OR Text 136 to  show contact info
 to chat!Interested in more information? See link below:https://amc.touraptnow.com/452n0kWelcome Home to Elan 41 Apartments2 bedroom | 1 bath | 950 square feetFeatures: ✓  Kitchen Island * ✓  Dishwasher ✓  Stainless-Steel Appliances ✓  Spectacular Views of the Olympic and Cascade Mountain Range, Puget Sound, and Downtown Seattle * ✓  Lofted Ceilings ✓  Granite Counter-tops ✓  California Closets * ✓  Stainless Steel Appliances ✓  In-Home Washer and Dryer ✓  Additional Storage ✓  Garbage Disposal ✓  Private Balcony/Patio*Select Homes*Community Features: ✓  Close Proximity to Shopping & Dining ✓  WiFi Available ✓  Brand New Outdoor Grilling and Barbecue Stations ✓  On-Site Dog Park ✓  Newly Renovated Luxury Clubhouse ✓  Professionally Managed ✓  Pet Wash Station! ✓  24-Hour Fitness Center ✓  Bicycle Storage ✓  Pet Friendly ✓  24-Hour Emergency Maintenance ✓  24-Hour Package Lockers with Amazon HUB ✓  Community Courtyard ✓  Business Center ✓  WalkScore of 95 ✓  24-Hour Online Maintenance Request Submittals ✓  Fire Pit Lounge ✓  Game LoungeCommunity Info:A NEW BEGINNING AWAITS YOU AT ELAN 41 The newly remodeled residences at Elan41 in West Seattle offer plenty of privacy in a bustling, community setting. Open decks boast beautiful views spanning from Elliott Bay and the Olympics Mountains to the city skyline and the Cascade Mountains. With a WalkScore of 92, there’s a whole new world just around the corner.Spacious one, two-bedroom and loft apartments, have a fresh, contemporary feel and include contemporary finishes and modern appliances. The beautiful courtyards offer an outdoor gathering place with ample seating and community BBQ's.Take a few steps outside your front door and you’ll land at the West Seattle Junction – where you’ll soon find your favorite nook to sip coffee and read, your favorite bistro to meet friends for dinner, or your favorite bar where everybody knows your name. And there’s culture, lots of culture. Vintage clothing shops, music shops with all your favorite nostalgic albums, one-of-a-kind gifts, contemporary and mid-century furniture…you can find it all in the center of the Junction. It’s just steps from your front door! Looking for something to do on a rainy day? Visit ArtsWest. In addition to compelling plays shown throughout the year, the space includes an ever-changing gallery featuring local artists. Ready for a night out on the town? Whether you’re into pub-style or five-star fun, there are plenty of options just a couple of steps away. Have your dog with you? No fear… your pooch is welcome at several eateries along the Junction. There’s truly something for everyone in the heart of West Seattle.And it all starts at Elan41. Pet Policy:Pet friendly, contact for details and breed restrictions Office Hours:Monday-Friday: 9:00AM-5:00PM Prices are subject to change, based on availability and qualification of the applicant, additional fees may apply.Equal Housing Opportunity9DWZawN450c"	https://seattle.craigslist.org/see/apa/d/seattle-business-center-stainless-steel/7703227015.html
7699470994	Beautiful 1 Bed / 1 Bath Layout, Tons of Light. Call for a Tour!	1675	south seattle	blacklisted_description	Seattle	(47.564714, -122.313561)	False	"Harlow Heights Apartments Bedroom: 1 | Bathroom: 1Square Footage: 520 - 524 sq ftMonthly Rent: $1675 show contact info
  Community Description  Welcome home to Harlow Heights. A contemporary community in the heart of Seattle, Washington. Our prime location places you near Lake Washington, Jefferson Park Golf Course, and Interstate 5. Enjoy easy access to shopping, family eateries, local shops, and entertainment hots spots.

Schedule a Tour: http://www.harlowheights.com/?utm_knock=cl&doorway=schedule    Community Amenities❖ Controlled Access❖ Courtyard❖ Gated Access❖ Concierge❖ Elevator❖ SundeckUnit Features❖ Cable Ready❖ Disability Access❖ Dishwasher❖ Disposal❖ High Speed Internet Access❖ Microwave❖ Refrigerator/Freezer❖ Tub/Shower❖ Vinyl Flooring❖ Window Coverings❖ All-electric Kitchen❖ Balcony or Patio in Select Homes❖ Breakfast Bar in Select Homes❖ Central Air and Heating❖ Concierge❖ Double Vanities❖ In Unit Washer & Dryer❖ Massive Windows❖ Views Available❖ Walk-in Closets in Select Units  Contact InformationVisit Us: 4351 15th Ave S Seattle, WA 98108 show contact info
 Hours: Mon - Fri: 9:00 AM - 5:00 PMOffice not on site.  Website: http://www.harlowheights.com/?utm_knock=cl   Additional DetailsPet Policy: Pets Welcome Upon Approval.
Maximum adult weight is 20 pounds.
One pet allowed per household.
Pet deposit is $250.Lease Terms: 6-Month, 7-Month, 8-Month, 9-Month, 10-Month, 11-Month, 12-Month Price is subject to change without prior noticeAvailability and pricing are subject to change dailyEQUAL HOUSING OPPORTUNITY2FC80CD641C740"	https://seattle.craigslist.org/see/apa/d/seattle-beautiful-bed-bath-layout-tons/7699470994.html
7701995086	You'll love our 1 Bed, 1 bath! Full size washer and dryer included	1675	south seattle	blacklisted_description	Seattle	(47.564714, -122.313561)	False	"Harlow Heights ApartmentsRENT: $1675 / MONTH SIZE: 520 - 524 sq ft  BEDROOMS: 1 BATHROOMS: 1 LEASE TERMS: 6-Month, 7-Month, 8-Month, 9-Month, 10-Month, 11-Month, 12-Month show contact info
UNIT FEATURES:   ➢ Cable Ready➢ Disability Access➢ Dishwasher➢ Eat-in Kitchen➢ Microwave➢ Oven➢ Refrigerator/Freezer➢ Tub/Shower➢ Vinyl Flooring➢ Window Coverings➢ All-electric Kitchen➢ Balcony or Patio in Select Homes➢ Breakfast Bar in Select Homes➢ Concierge➢ Double Vanities➢ In Unit Washer & Dryer➢ Island Kitchen➢ Massive Windows➢ Views Available➢ Walk-in Closets in Select UnitsWelcome home to Harlow Heights. A contemporary community in the heart of Seattle, Washington. Our prime location places you near Lake Washington, Jefferson Park Golf Course, and Interstate 5. Enjoy easy access to shopping, family eateries, local shops, and entertainment hots spots.

Schedule a Tour: http://www.harlowheights.com/?utm_knock=cl&doorway=schedulePROPERTY FEATURES: ➢ Controlled Access➢ Courtyard➢ Gated Access➢ Concierge➢ Elevator➢ Sundeck PET POLICY: Pets Welcome Upon Approval.
Maximum adult weight is 20 pounds.
One pet allowed per household.
Pet deposit is $250.VISIT OR CALL US TODAY!  4351 15th Ave SSeattle, WA 98108 show contact info
 Website: http://www.harlowheights.com/?utm_knock=cl Availability and pricing are subject to change dailyEQUAL HOUSING OPPORTUNITY2FC80CD641C740"	https://seattle.craigslist.org/see/apa/d/seattle-youll-love-our-bed-bath-full/7701995086.html
7703226358	Full Kitchen, Walk-In or Bathtub Showers, Book Tour	2083	seattle	blacklisted_description	1212 Harrison St, Seattle, WA	(47.622133, -122.332664)	False	"Welcome to Sentral SLUWith enviable views of the city skyline and within walking distance of trendy bars and restaurants, Sentral SLU centers you in Seattle. Everyday life is more beautiful in our unfurnished and designer-furnished apartment suites with modern kitchens and flexible, oversized floor plans.Amenities Include:Balconies in Select ApartmentsStainless Steel AppliancesGathering and Networking SpacesQuartz CountertopsFitnessFull KitchenTesla EV CarsharingPet FriendlyIndoor and Outdoor Entertaining AreasTOUR CENTRALGrilling StationCommunity App Powered by CobuCall:  show contact info
For more information, visit us at: https://livewithsentral.com/sqyvv5f6/sentral-slu*Pricing and availability are subject to change daily. Photos may not be of the exact advertised unit. Please contact us today for the most up to date information!"	https://seattle.craigslist.org/see/apa/d/seattle-full-kitchen-walk-in-or-bathtub/7703226358.html
7703226069	1BD 1BA, Walk-in Closets, Stainless Steel Appliances	2542	madison valley		526 19th Avenue East, Seattle, WA	(47.6301, -122.2972)	False	"Enjoy easy living in a sophisticated neighborhood close to Seattle’s best parks, restaurants and urban nightlife. Bus service to downtown is right outside your door, and the property has easy access to the 520 bridge. Step outside for a BBQ in the courtyard, grab some award winning cookies at Hello Robin, pop out for a drink at Cone & Steiner, or brunch at Bounty Kitchen. Just outside the buzz of Pike/Pine but close enough to reap the rewards.FEATURES INCLUDE:-Gated Parking Garage-Concrete Flooring-Controlled Access Building-Faux Wood Flooring-Floor-to-ceiling Windows-Walk-in Closets-Private Courtyard w/ BBQ & Seating Areas-Washer/Dryer-Package Lockers-Patio/Balcony-On Bus Line-24-Hour Service LineCall:  show contact info
For more information, visit us at: https://11residentialliving.com/tcuqks7k/19th-and-mercerPricing and availability are subject to change."	https://seattle.craigslist.org/see/apa/d/seattle-1bd-1ba-walk-in-closets/7703226069.html
7701295178	Seattle WA, Added Cupboard Space, 1/bd	1995	downtown	blacklisted_description	606 2nd Avenue, Seattle, WA	(47.6036, -122.3256)	False	"Welcome to CoronaFrom the moment you enter The Corona Loft Apartments in downtown Seattle's Pioneer Square you notice the details that set these apartments apart. Experience the original marble lobby and staircase with beautiful millwork and ornate cast iron column. Spacious open apartment floor plans provide an opportunity to create your own personal living space. Apartment interiors feature hardwood floors, exposed brick walls and large picture windows artfully integrated with custom, modern kitchens and generous sized bathrooms. Amenities include affordable parking options in local garage, bike storage and on-site storage units. The Corona Loft Apartments are available for rent.The Corona Lofts are located at 606 Second Avenue in the vibrant and historic Pioneer Square neighborhood, where you’ll find a host of galleries, bookstores, boutiques, restaurants, outdoor spaces and all the amenities that downtown Seattle has to offer.Apartment Features:Hardwood FloorsExposed Brick WallsOriginal MillworkFive-Panel Mahogany Doors10' - 13' Ceilings (Varies Per Floor)Concealed Architectural LightingKitchen open to living spaceOversized Picture WindowsWasher & DryerDesigner Open KitchenStainless Steel FinishesSolid Black Epoxy CountersAppliancesGlass-Top Range with Self-Cleaning OvenDishwasherGarbage DisposalAdded Cupboard SpaceSpacious White Tiled BathroomBuilt in VanityLarge Above Counter BasinCommunity Features:Historic landmark building built in 1903Loft plans from 646 sf - 1356 sfConcealed architectural lightingDesigner modern kitchen with above counter lighting, stainless steel backsplash and solid black epoxy countersAppliances include dishwasher, disposal, glass-top range and washer & dryer in each unitSpacious white tiled bathrooms feature built-in vanity and above counter basinHigh speed internet access availableCustom AmenityElectronic key card access to buildingDogs & cats welcome, pet friendly apartmentsOn-site storage units availableBicycle storageParking available at the Butler Garage across the street, with special discounted monthly rates for residentsCall:  show contact info
For more information, visit us at: https://samis-living.com/c7b2kol6/corona*Pricing and availability are subject to change daily. Photos may not be of the exact advertised unit. Please contact us today for the most up to date information!"	https://seattle.craigslist.org/see/apa/d/seattle-seattle-wa-added-cupboard-space/7701295178.html
7695119565	2/BD 2/BA apt, New appliances, Spacious living room, Pet-friendly home	2795	redmond	blacklisted_description	Redmond/Bellevue/Microsoft	(47.641477, -122.144477)	False	"Our Bellevue apartments and town homes – adjacent to Goldsmith Park and directly across the street from the Microsoft campus – are surrounded by lush landscaping and soaring trees, feeling as if you are in the secluded country. But with businesses, great shopping and dining close by in downtown Redmond and at Redmond Town Center, you never feel far from anything. Each apartment home provides spacious floor plans, modern kitchens, designer touches, and plenty of storage. Enjoy fabulous amenities as well, including outdoor pools, fitness centers and business lounge.This apartment features:Fully-equipped kitchen with stove, refrigerator, dishwasher, disposal and generous pantryWood-style flooring throughoutLarge windows throughoutGenerous cabinets & closetsConvenient washer and dryer insideCozy! Wood-burning fireplace9-month & 15-month leases availablePhotos in ad may not be of actual apartment, however we try our best to use photos similar to the floor plan.Come Visit us!Redmond Park Apartments14700 NE 35th StBellevue, WA 98007https://livecreativejuices.com/ovydxrlk/redmond-park-apartmentsContact us today to schedule a tour! Call  show contact info
Office HoursTuesday - Friday 10:00 am - 6:00 pmSaturday 10:00 am - 4:00 pmClosed Sunday & MondayPhotos in ad may not be of actual apartment, however we try our best to use photos similar to the floor plan.related search terms :::: bellevue, downtown redmond, redmond park, redmond town center, over lake mall, crossroads mall, bellevue square, goldsmith park, lake sammamish, lake washington, marymoor park, bellevue municipal golf course, burke-gillman trail, bellevue college, digipen institute of technology, lake washington technical college, bellevue school district, highway 520, microsoft shuttle, microsoft campus"	https://seattle.craigslist.org/see/apa/d/bellevue-bd-ba-apt-new-appliances/7695119565.html
7699528553	Rent a great 2 bed / 1 bath!	2045	seattle	blacklisted_description	Seattle	(47.717, -122.3015)	False	"3030 Lake City  Address:  3030 NE 143rd St Seattle, WA 98125 Bedrooms: 2 | Baths: 1 | Sq. Footage:  930 sq ft | Pricing: $2045/Month Terms: 6-Month, 7-Month, 8-Month, 9-Month, 10-Month, 11-Month, 12-Month2 weeks off if you move in by December 21tst and a $75 gift card!
B005 reduced to $1505 and E212 reduced to $1725+ + + + + + + + + + + + + + + + + + + + + + + + + + + + + + + + + + + + + + + + + + + + + + +Features in this apartment home: ✓ Cable Ready✓ Carpet✓ Heating✓ High Speed Internet Access✓ Linen Closet✓ Over-sized Windows✓ Range✓ Recycling✓ Refrigerator/Freezer✓ Separate Dining Areas in Select Units✓ Breakfast Bar in select homes✓ Dishwasher & Disposal✓ Eat-in Kitchen✓ Efficient Stainless Steel Appliances✓ Faux Wood Flooring✓ Private Patio or Balcony✓ Quartz Countertops✓ Storage Space in Select Units✓ Walk-In Closets in Select Units✓ Washer/dryer In Select Homes + + + + + + + + + + + + + + + + + + + + + + + + + + + + + + + + + + + + + + + + + + + + + + +Amenities at our property: ✓ Courtyard✓ Laundry Facilities✓ Maintenance on site✓ Renters Insurance Program✓ Reserved Parking✓ Smoke Free✓ Dog Run With Wash Station✓ Fire Pit✓ Green Building✓ Online Services✓ Outdoor Lounge With Gas BBQ✓ Package Concierge✓ Walking Distance To Bus Lines+ + + + + + + + + + + + + + + + + + + + + + + + + + + + + + + + + + + + + + + + + + + + + + +About the community: 3030 Lake City offers studio, one- and two-bedroom apartment homes with a certified Green renovation offering energy efficient improvements, reduced utility bills and improved building performance. Residents enjoy beautiful kitchens with quartz countertops, new shaker-style cabinets, stainless steel appliances, wood-style flooring throughout the kitchen and living room, washer and dryers in select homes, and designer carpet in the bedrooms. Community amenities include our dog run, luxury style outdoor lounge with gas barbecues and a fire pit. Stop by for a tour and see why 3030 Lake City is a fantastic place to call home.Pets: 2 pets per apartment home 
- $50 pet rent per pet 	
- $200 refundable deposit per pet 
The following breed restrictions apply - Akita, Alaskan Malamute, Chow, Dalmatian, Doberman Pinscher, German Shepherd, Great Dane, Husky, Rottweiler, Saint Bernard, Wolf Dog Hybrids and all Pit Bull breeds.Phone:  show contact info
Mon - Fri: 9:00 AM - 6:00 PMWebsite: https://www.3030lakecity.com?rcstdid=MzM=-dkCsfkCKtXI=*Prices are subject to change without noticeEQUAL HOUSING OPPORTUNITYA7A8D2026F7E43"	https://seattle.craigslist.org/see/apa/d/seattle-rent-great-bed-bath/7699528553.html
7699772759	Spacious, comfortable 1146 Sq Ft 3 bed, 2 bath! Now showing!	2795	burien	blacklisted_description	Seattle/Burien	(47.502843, -122.303447)	False	"Arbour Court Bedroom: 3 | Bathroom: 2Square Footage: 1146 sq ftMonthly Rent: $2795 show contact info
  Community Description  All you need outside your Arbour Court apartment is easily accessible. Never worry about where you will park your car for the night with a garage and covered or assigned parking options. Always stay connected with our high-speed internet access. Rest assured, our on-site professional maintenance team and staff are available when you need them. Call us to schedule a personal tour, and see why Arbour Court is the best-kept secret in Seattle, WA!

Schedule a Tour: https://www.rentarbourcourt.com/?utm_knock=cl&doorway=schedule    Community Amenities➢ 1br Water Sewer Garbage $120➢ 2br Water Sewer Garbage $130➢ 3br Water Sewer Garbage $140➢ On-Site Maintenance/Management➢ Recycling➢ Clubhouse➢ Fitness Center➢ Online Services➢ Public TransportationUnit Features➢ Blinds➢ Carpet➢ Dining Room➢ Dishwasher➢ Disposal➢ Family Room➢ Heating➢ Oven/Range➢ Pantry➢ Tub/Shower➢ Balcony/Patio➢ Fireplace➢ Garage & Carport For Rent➢ Large Bedrooms➢ Storage Units➢ Vaulted Ceiling➢ Vinyl Flooring➢ Walk-In Closets➢ Washer and Dryer in Home➢ Wheelchair Accessible (Rooms)  Contact InformationVisit Us: 2225 S 112th Street Seattle, WA 98168 show contact info
 Hours: Mon - Fri: 9:00 AM - 5:00 PM Website: https://www.rentarbourcourt.com/?utm_knock=cl   Additional DetailsPet Policy: Pets Welcome Upon Approval.
Breed & Weight Restrictions Apply.
Security Deposit $250.
 Non-Refundable Pet Fee Is $250 Per Pet.
Monthly Pet Rent Of $25 Will Be Charged Per Pet.
Please Call For Details.Lease Terms: 6-Month, 7-Month, 8-Month, 9-Month, 10-Month, 11-Month, 12-Month Price is subject to change without prior noticeAvailability and pricing are subject to change dailyEQUAL HOUSING OPPORTUNITYF6758713B1804501"	https://seattle.craigslist.org/see/apa/d/seattle-spacious-comfortable-1146-sq-ft/7699772759.html
7700180168	Delightful 2 bed / 1 bath in Shoreline. 838 Sq Ft. Great value!	1795	shoreline	blacklisted_description	Shoreline - Shoreline Park and Ride	(47.767635, -122.345261)	False	"Echo Lake Apartment Homes - A place to call home! Bed: 2 / Bath: 1  Sq. Footage: 838 - 906 sq ft Rent: $1795 - $2470/MonthTerms: 4-Month, 5-Month, 6-Month, 7-Month, 8-Month, 9-Month, 10-Month, 11-Month, 12-MonthMove-In Special! Up to 2 Months FREE on select homes. Lease terms apply. Please contact the leasing office for details! Imagine living at the lake with a view of the water, surrounded by towering evergreens and expanses of green lawn-this is what living at Echo Lake apartment homes is all about. Imagine an elegant gathering place where friends and family can get together and visit around the cozy fireplace-this is what the clubhouse at Echo Lake was meant to be.Our Apartment Homes Feature:   ✓ Cable Ready✓ Carpeting✓ Dishwasher✓ Disposal✓ High Speed Internet Access✓ Ice Maker✓ Range✓ Refrigerator✓ Wheelchair Access✓ Window Coverings✓ Extra Storage✓ In Unit Washer & Dryer✓ Large Closets✓ Microwave✓ Patio/Balcony✓ Stainless Steel Appliances in Select Homes✓ Storage Units✓ Upgraded Homes Available Our Residents Enjoy:  ✓ BBQ/Picnic Area✓ Clubhouse✓ Elevator✓ Garage✓ Maintenance on site✓ Office Staff On-site✓ Smoke Free✓ Sparkling Pool✓ Fitness Center with Free Weights✓ Package Service✓ Recreation Room✓ ViewContact Info: show contact info
 1150 N 192nd St Shoreline, WA 98133 Website: https://www.echolakeapartments.com/?utm_source=craigslistMon - Fri: 10:00 AM - 6:00 PMSat: 10:00 AM - 5:00 PM Pets: Limit 2 Pets Per Home. 

1 Pet - $30 Pet Rent per month, $200 Pet Deposit (Refundable), $200 Pet Fee (Non-Refundable). Breed Restrictions Apply. Photos may not be of the actual unit.EQUAL HOUSING OPPORTUNITYSPRCL3027C2699652E249E"	https://seattle.craigslist.org/see/apa/d/seattle-delightful-bed-bath-in/7700180168.html
7702731109	2/bd, Situated in Everett!, Ceiling Fans	1788	north seattle	blacklisted_description	1020 112th St SW , Everett, WA	(47.896169, -122.248251)	False	"1020 112th St SW, Everett, WA 98204Welcome home to Timberline Court. Come and see our spacious, newly renovated apartments for rent in Everett, WA, and schedule a tour of Timberline Court Apartments. We have a wide selection of floor plans, including one- and two-bedroom apartments with plenty of room for you and yours to stretch out and relax. Each of our homes comes with a complete appliance package, including a dishwasher, range, oven, and refrigerator, wood-style flooring in common areas, carpeted bedrooms, and of course, the all-important oversized closets giving you a ton of storage space. Got a pet? Ask about our dog-friendly apartments during your tour. When residing in an apartment community, it is important that you choose the right one for your family. This will mean finding a place that offers easy access to everything you need, from shopping and dining to entertainment for young and old alike. You will find the right Everett apartments to meet your needs right here at Timberline Court. We offer a great selection of two- and one-bedroom apartment homes with everything you need, all in a great community. You can enjoy our dog park with a furred companion, take the kids to our onsite playground or enjoy easy access to Silver Lake, local restaurants, or I-5 for longer trips. One visit to our community will help you find a great selection of apartments for rent, whether you desire something for one or require space for a family. Our goal is to exceed all your expectations about apartment living by providing you with a gorgeous home that keeps you close to all you need or want while offering the peace of living outside the hubbub of city life. Whether you want pet-friendly apartments for you and a furred companion or need something larger for your family, Timberline has exactly what you desire. In one quick visit to Timberline Court Apartments in Everett, you will find a great place to live. Our homes offer you a place of peace in a hectic life. Schedule your tour now.Unit Amenities:PantryRefrigeratorGarbage DisposalWalk In ClosetsCeiling FansRenovated InteriorsVaulted Ceilings (3rd Floor Only)Wood Burning Fireplaces (3rd Floor Only)Dishwasher*In Select HomesCommunity Amenities:Amazon Hub LockersDog ParkPlaygroundOnsite Laundry FacilityCall:  show contact info
For more information, visit us at: https://livecushwake.com/mliharjg/timberline-court*Equal housing opportunity*"	https://seattle.craigslist.org/see/apa/d/everett-bd-situated-in-everett-ceiling/7702731109.html
7701985237	Where life meets limitless possibilities: Explore our spacious 1 BR.	1699	burien	blacklisted_description	Burien	(47.444753, -122.331022)	False	"Wellington Place - A place to call home! Bed: 1 / Bath: 1  Sq. Footage: 720 sq ft Rent: $1699/MonthTerms: Call show contact info
 Wellington Place is proud to offer eight-floor plans with one, two, and three-bedroom apartments for rent. Our unique and spacious floor plans were designed with your comfort and convenience in mind. Your new home will include a balcony or patio, ceiling fans, individual climate control, window coverings, and an in-home washer and dryer. We are a pet-friendly community and welcome your entire family.Our Apartment Homes Feature:   ❖ Carpet❖ Ceiling Fans in Select Units❖ Dining Room❖ Dishwasher❖ Disposal❖ Oven❖ Refrigerator❖ Window Coverings❖ Balcony or Patio❖ Fireplace❖ Heating❖ Individual Climate Control❖ Vaulted Ceilings in Select Units❖ Walk-in Closets in Select Units❖ Washer and Dryer in Home Our Residents Enjoy:  ❖ Clubhouse❖ Courtesy Patrol❖ Covered Parking❖ Fitness Center❖ Maintenance on site❖ Smoke Free❖ Wheelchair Accessible (Rooms)❖ Easy Access to Public Transportation❖ Fantastic Schools Nearby❖ Great Commuter Routes❖ Minutes to Shopping❖ Online Resident Services❖ Seasonal Outdoor Swimming Pool❖ Storage UnitsContact Info: show contact info
 327 S 177th Pl Burien, WA 98148 Website: https://www.wellingtonplaceapartments.com/?utm_knock=clMon - Fri: 10:00 AM - 6:00 PM Pets: Pets Welcome Upon Approval. Breed restrictions apply. Limit of 2 pets per home. Maximum adult weight is 35 pounds. 
Pet deposit is $200 per pet. 
The non-refundable pet fee is $200 per pet. EQUAL HOUSING OPPORTUNITYAE850EF2E07B45CA"	https://seattle.craigslist.org/see/apa/d/seattle-where-life-meets-limitless/7701985237.html
7695128211	Ready to lease! Beautifully designed 2 bed 2 bath apartment	1975	burien	blacklisted_description	Burien	(47.444753, -122.331022)	False	"Wellington Place show contact info
  Unit Details: 2-BR 2-BA | Square Footage: 984 sq ft | Rental Rates: $1995/Month! Lease Length: CallApartment Features:➢ Carpet➢ Ceiling Fans in Select Units➢ Dining Room➢ Dishwasher➢ Disposal➢ Oven➢ Refrigerator➢ Window Coverings➢ Balcony or Patio➢ Fireplace➢ Heating➢ Individual Climate Control➢ Vaulted Ceilings in Select Units➢ Walk-in Closets in Select Units➢ Washer and Dryer in HomeAbout Our Community:Our residents enjoy some of the best community amenities in the business. Relax in our fabulous clubhouse or cool off after a long day in our seasonal outdoor swimming pool. There is something for everyone here like our courtesy patrol, covered parking, online resident services, and spectacular skyline views. Come let the staff at Wellington Place pamper you in your new home.Wonderful Amenities:➢ Clubhouse➢ Courtesy Patrol➢ Covered Parking➢ Fitness Center➢ Maintenance on site➢ Smoke Free➢ Wheelchair Accessible (Rooms)➢ Easy Access to Public Transportation➢ Fantastic Schools Nearby➢ Great Commuter Routes➢ Minutes to Shopping➢ Online Resident Services➢ Seasonal Outdoor Swimming Pool➢ Storage Units Contact Information:Address: 327 S 177th Pl Burien, WA 98148  show contact info
 Website: https://www.wellingtonplaceapartments.com/?utm_knock=clPet Policy: Pets Welcome Upon Approval. Breed restrictions apply. Limit of 2 pets per home. Maximum adult weight is 35 pounds. 
Pet deposit is $200 per pet. 
The non-refundable pet fee is $200 per pet.EQUAL HOUSING OPPORTUNITY5DB40D8D94A34767"	https://seattle.craigslist.org/see/apa/d/seattle-ready-to-lease-beautifully/7695128211.html
7695174363	!!!FREE RENT END OF THE YEAR SPECIAL COME TOUR TODAY!!!	2650	kirkland	blacklisted_description	Kirkland - Near LWTECH	(47.702604, -122.176904)	False	"RENTAL INFO Rental Rates: $2650 - $2930/monthLocation: 11415 Slater Ave NE Kirkland, WA 98033Unit for Rent: 2-BR 2-BA | Square Feet: 1080 sq ft | Lease Length: 12-Month show contact info
PROPERTY AMENITIES● Assigned Parking● Courtyard● Covered Parking● Easy Access to Freeways and Shopping● Elevator● Fitness Center● Garage● Guest Parking● Recycling● Sprinkler System● Access to Public Transportation● Controlled Access● Key Fob Entry● Online Services● On-Site Maintenance● Renters Insurance Program● Smoke-Free● Video PatrolAPARTMENT AMENITIES● 9Ft Ceilings● Ceiling Fans● Den● Dishwasher● Disposal● High-Speed Internet Access● Linen Closet● Pantry● Trash Compactor● Window Coverings● Balcony or Patio● Cable Ready● Double Pane Windows● Framed Mirrors● Granite Countertops● Heating● Island Kitchen● Views Available● Washer and Dryer in Home● Wheelchair Accessible (Rooms)  ADDITIONAL INFODescription: We are proud to be a pet-friendly community and understand that your furry friends are family. Enjoy the convenience of having a garage, covered parking, and high-speed internet access. Rest assured that our on-call and on-site maintenance team will be there to help whenever needed. Make an appointment today and see why you will want to call SK Apartments in Kirkland, WA, your new home!

Schedule a Tour: https://www.skapartments.com/?utm_knock=cl&doorway=schedulePet Policy: Pets Welcome Upon Approval.
Breed restrictions apply. 
We love all pets, but the following breeds/crossbreeds are not allowed: Pit Bulls (Staffordshire Bull Terrier), Dobermans, Rottweilers, Chow Chows, German Shepherds, Huskies, Mastiffs, Great Danes, Malamutes, Akitas, and Wolf Hybrids. 
Breed restrictions are subject to change without notice.

Contact leasing offices for more details. Website: https://www.skapartments.com/?utm_knock=cl SK Apartments: show contact info
Availability and pricing are subject to change daily EQUAL HOUSING OPPORTUNITY2B37C5DDF16545A6"	https://seattle.craigslist.org/see/apa/d/kirkland-free-rent-end-of-the-year/7695174363.html
7701663078	!!Tour our Beautiful home today for one month free rent!!	2800	kirkland	blacklisted_description	Kirkland - Near LWTECH	(47.702604, -122.176904)	False	"2 Bedroom  2 Bathroom | 1160 sq ft | $2800/Month SK Apartments11415 Slater Ave NE Kirkland, WA 98033 show contact info
Description: Finding an apartment home in Kirkland, Washington, has never been easier! Welcome to SK Apartments; ideally situated less than a mile away, you will find an abundance of restaurants, superb shopping, and great entertainment. You can enjoy nearby outdoor adventures like Juanita Bay Park, Heritage Park, and Waverly Park. Come home to a community that provides you with the everyday conveniences you need and want.

Schedule a Tour: https://www.skapartments.com/?utm_knock=cl&doorway=schedule Apartment Amenities:✓ Den✓ Dining Room✓ Dishwasher✓ Disposal✓ Handrails✓ High-Speed Internet Access✓ Linen Closet✓ Oven/Range✓ Refrigerator/Freezer✓ Tub/Shower✓ Double Pane Windows✓ Elevator✓ Framed Mirrors✓ Granite Countertops✓ Hardwood Floors✓ Heating✓ Island Kitchen✓ Microwave✓ Views Available✓ Washer and Dryer in HomeOur Residents Enjoy:✓ Assigned Parking✓ Courtyard✓ Covered Parking✓ Easy Access to Freeways and Shopping✓ Elevator✓ Fitness Center✓ Garage✓ Grill✓ Guest Parking✓ Recycling✓ Access to Public Transportation✓ Controlled Access✓ Key Fob Entry✓ Online Services✓ On-Site Maintenance✓ Renters Insurance Program✓ Smoke-Free✓ Video PatrolAdditional Details:Deposit: CallTerms: 12-MonthPets: Pets Welcome Upon Approval.
Breed restrictions apply. 
We love all pets, but the following breeds/crossbreeds are not allowed: Pit Bulls (Staffordshire Bull Terrier), Dobermans, Rottweilers, Chow Chows, German Shepherds, Huskies, Mastiffs, Great Danes, Malamutes, Akitas, and Wolf Hybrids. 
Breed restrictions are subject to change without notice.

Contact leasing offices for more details. show contact info
Website: https://www.skapartments.com/?utm_knock=clAvailability and pricing are subject to change dailyEQUAL HOUSING OPPORTUNITY31F69C5591F2466E"	https://seattle.craigslist.org/see/apa/d/kirkland-tour-our-beautiful-home-today/7701663078.html
7699130493	We meet all your must haves! Great amenities! Fantastic 2 bed 2 bath	2534	belltown	blacklisted_description	Seattle - Belltown	(47.6151, -122.3447)	False	"The Shelby Leasing Office:  2201 4th Ave Seattle, WA 98121 show contact info
Take a look at what The Shelby has to offer! Have you been looking for immaculate apartment home living in Seattle, WA? Congratulations, you've found it! The Shelby offers all the comforts of home in a pristine setting that is second to none. Our apartment community is nestled in the heart of Seattle, Washington, where everything you love is just a short drive away. We are ideally located right around the corner from local shopping, dining, and entertainment. It's time to pamper yourself with the lifestyle you deserve!

Schedule a Tour: https://www.theshelby.com/?utm_knock=cl&doorway=scheduleRental Information: 2 Bedroom / 2 Bathroom / 969 sq ft / $2534/Month  Lease Terms: Variable, MonthlyApartment Amenities:− Cable Ready− Ceiling Fans− Den in Select Units− Dining Room− Dishwasher− Disposal− Heating− Microwave− Range− Wi-Fi− Carpeted Floors− Eat-in Kitchen− French Doors in Select Units− Granite Countertops− Hardwood Floors− High Speed Internet Access− Refrigerator− Walk-In Closets− Washer and Dryer in Home− Window CoveringsAdditional Information:− Bike Racks− Clubhouse− Courtyard− Elevator− Extra Storage− Lounge− Package Service− Sundeck− Butterfly MX Video Callbox− Conference Center with Wi-Fi− Controlled Access− Controlled Access Gates− Health Club Discount− Laundry Facilities− Luxer One Package Lockers− Maintenance on site− Picnic Area With Barbecue− State-of-the-art Fitness Center Leasing Hours: Mon - Fri: 9:00 AM - 6:00 PMSat: 10:00 AM - 6:00 PM show contact info
Pet Policy: Life is PAWSOME here. Relax in comfort with your furry friend at your side! Pets Welcome Upon Approval. Breed restrictions apply. Limit of 2 pets per home. Pet deposit is $250 per pet. Monthly pet rent of $50 will be charged per pet. Website: https://www.theshelby.com/?utm_knock=cl Availability and pricing are subject to change daily EQUAL HOUSING OPPORTUNITY1CE92AC61BB644B"	https://seattle.craigslist.org/see/apa/d/seattle-we-meet-all-your-must-haves/7699130493.html
7702004244	The bus line’s nearby at Sheridan Beach Terrace! Great for commuters	2685	lake forest park	blacklisted_description	Lake Forest Park	(47.7559, -122.3003)	False	"Sheridan Beach TerraceLocated at: 15530 Bothell Way NE Lake Forest Park, WA 98155Featured unit: 2 bed | 2 bath | 1050 sq ft Prices start at: $2685/month Call Today!  show contact info
 The nearby Ballards Farmers Market is a local favorite, or you can enjoy some time in Ballard Park. As for our apartment homes, we offer variously sized homes from 1- to 3 bedrooms. These units feature stunning amenities, including quartzite countertops. large sliding glass doors, and other window features that invite in natural light at every opportunity.

We also offer several other amenities to provide a place to call home. Schedule a tour today and find out why the Sheridan Beach Terrace apartments are calling you home!

Schedule a Tour: https://liveatsheridanbeachterrace.com/?utm_knock=cl&doorway=scheduleWonderful Amenities!❖ Community Garden❖ Community Grill❖ Dog Park❖ Elevator❖ Lake Washington Views❖ Maintenance on site❖ Recycling❖ Rooftop Terrace❖ Smoke Free❖ Sundeck❖ Credit Builder Program❖ Picnic Area/Grilling Station❖ Planned Social Activities❖ Public Transportation❖ Renters Insurance Program❖ Rooftop Terrace❖ Storage Space❖ Trash Pickup - Door to Door❖ WaterfrontApartment Features!❖ Balcony/Patio❖ Balcony/Patio❖ Ceiling Fans❖ Ceiling Fans❖ Den❖ Dishwasher❖ Oven/Range❖ Oven/Range❖ Tub/Shower❖ Tub/Shower❖ Double Pane Windows❖ Heating❖ In Unit Washer & Dryer❖ Large Floor To Ceiling Closets❖ Natural Lighting❖ Quartz Countertops❖ Stunning Views❖ Three Panel Sliding Doors❖ Wood-style Plank Flooring❖ Wrap Around Balcony'S  show contact info
Hours: Mon - Thu: 9:00 AM - 6:00 PMFri: 9:00 AM - 4:00 PMSat: 10:00 AM - 3:00 PMSundayClosed.  Website: https://liveatsheridanbeachterrace.com/?utm_knock=clTerms: Variable, 12-MonthPet Policy: Please ask management for details regarding our pet policies. 2 pet maximum per household. No aggressive breeds. Weight limit of 70 lbs.EQUAL HOUSING OPPORTUNITYEEB433833F5045E"	https://seattle.craigslist.org/see/apa/d/seattle-the-bus-lines-nearby-at/7702004244.html
7702004135	Happiness awaits you! 2 bed, 1 bath, 910 sqft!	2100	lake forest park	blacklisted_description	Lake Forest Park	(47.741464, -122.288041)	False	"Sheridan Beach Terrace Visit our community today! 15530 Bothell Way NE Lake Forest Park, WA 98155 show contact info
Unit Rates:  $2100 - $2300/month Unit Type: 2-BR 1-BA Unit Size: 910 sq ftLease Terms: Variable, 12-MonthPet Policy: Please ask management for details regarding our pet policies. 2 pet maximum per household. No aggressive breeds. Weight limit of 70 lbs.What you’ll find in our community: ◾ Community Garden◾ Community Grill◾ Dog Park◾ Elevator◾ Lake Washington Views◾ Maintenance on site◾ Recycling◾ Rooftop Terrace◾ Smoke Free◾ Sundeck◾ Credit Builder Program◾ Picnic Area/Grilling Station◾ Planned Social Activities◾ Public Transportation◾ Renters Insurance Program◾ Rooftop Terrace◾ Storage Space◾ Trash Pickup - Door to Door◾ WaterfrontDescription: Located in Lake Forest Park, WA, Sheridan Beach Terrace puts you in the center of shopping, fine eateries, as well as parks, trails, and plenty of opportunities to satisfy your adventurous spirit. Come take a tour and find out why calling Sheridan Beach Terrace home has never looked better.

Schedule a Tour: https://liveatsheridanbeachterrace.com/?utm_knock=cl&doorway=scheduleThis unit comes with: ◾ Balcony/Patio◾ Balcony/Patio◾ Ceiling Fans◾ Den◾ Den◾ Dishwasher◾ Dishwasher◾ Oven/Range◾ Tub/Shower◾ Tub/Shower◾ Double Pane Windows◾ Heating◾ Large Floor To Ceiling Closets◾ Modern Cabinetry◾ Natural Lighting◾ Quartz Countertops◾ Stainless Steel Appliances◾ Three Panel Sliding Doors◾ Wood-style Plank Flooring◾ Wrap Around Balcony'sCall or visit our website to schedule a personal tour! Office Phone:  show contact info
Mon - Thu: 9:00 AM - 6:00 PMFri: 9:00 AM - 4:00 PMSat: 10:00 AM - 3:00 PMSundayClosed.  Website: https://liveatsheridanbeachterrace.com/?utm_knock=clEQUAL HOUSING OPPORTUNITY8171D298507647A"	https://seattle.craigslist.org/see/apa/d/seattle-happiness-awaits-you-bed-bath/7702004135.html
7703222363	Make Lawrence Lofts your new Home! Large 1 Bedroom!	2150	capital hill	blacklisted_description	seattle	(47.61633, -122.308397)	False	"This is a 1 Bedroom, 1 Bath, Approximately 659 Sq. Ft. Follow This Link for More Information:https://blantonturner.touraptnow.com/737679Call Now -  show contact info
 x 323OR Text 323 to  show contact info
 for more information.Your journey starts here.Community Info:When it comes time to find your new place to land, touch down at Lawrence Lofts! Make leaving home a little harder by enjoying our high ceilings, oversized windows, and open interiors. Minimal walls and tall ceilings maximize the sensation of spaciousness. Hone your home chef potential in sleek updated kitchens with convenient stainless-steel appliances, granite countertops, under cabinet lighting, and European-inspired cabinetry. Concrete floors make cleaning a breeze and ensures you never hear a peep from your upstairs neighbors. Things don't end with the apartments! Lawrence Lofts offers a fantastic community as well! Immerse yourself in a true PNW Seattle experience with curated projector videos on every floor. Host with half the hassle with a fully equipped, professionally cleaned guest suite. No more couch surfing, our suite is more affordable than any hotel! Barbeque tastes better when you're enjoying cascade mountain views from our reservable rooftop amenity space. Fur babies are family. All breeds and sizes are allowed with NO pet deposits! And more is just outside your door. Conveniently located only blocks from the Pike/Pine Corridor of Capitol Hill, Lawrence Lofts is hyper-connected. Explore the neighborhood with ease. A local walk score of 94 means all the area has to offer is at your fingertips. Come check out Lawrence Lofts today and see why it is the PERFECT place to call your next home! Features: ‣  Stainless Steel Appliances ‣  Front-load Washer and Dryers ‣  Glass-front Cabinets Inspired by European Design ‣  Fireplaces ‣  Under Cabinet Lighting ‣  Dishwashers ‣  Bottom-load Freezers ‣  Granite Countertops ‣  Decks, Patios, and Rooftop Terraces* ‣  Microwaves ‣  Garbage Disposals ‣  High Ceilings ‣  Tile or Concrete Flooring in Living Areas ‣  Deep Tubs ‣  Tile Showers ‣  Floor-to-ceiling Windows*Included for Some Floor PlansCommunity Amenities: ‣  Professional-grade BBQs ‣  Guest Suite ‣  Pet Friendly ‣  Rooftop View Deck ‣  WalkScore of 94 ‣  Convenient Neighborhood ‣  Virtual Concierge ‣  Green Spaces Nearby ‣  On-site Retail SpacesPet Policy:Pets are part of the family! We conduct individual pet interviews for our furry residents without breed or size restrictions. Once they’re here, walks at Cal Anderson, Mill, and Seven Hills park are easy to sneak in (under a half-mile away). Office Hours:Monday-Saturday: 9:00AM-6:00PMLawrence Lofts1818 E Madison Street, Seattle, WA, 98122Equal Housing OpportunitywPE3riY3Q"	https://seattle.craigslist.org/see/apa/d/seattle-make-lawrence-lofts-your-new/7703222363.html
7694708647	2 weeks free rent - 3 bedroom 2 bathroom at Rainier View Homes!	3150	seattle	blacklisted_description	Seattle	(47.4924, -122.2359)	False	"-- Rainier View Homes -- show contact info
 Monthly Rent:  $3150 Apartment: 3 Bedroom | 2 Bathroom  Square Footage:  1330 sq ft The Rainier View Homes is a newly-built development, featuring 11 detached cottage-style units, all designed with the environment in mind. Currently underway to be certified 4-Star Built Green and solar-ready. Each home features an open concept floor plan, large windows for natural light, and engineered wood floors. Beautiful kitchens built with contemporary cabinetry, quartz countertops, and stainless steel appliances. Other unit features include a washer/dryer, air conditioning, spacious patios, and plenty of storage. Property amenities include a community park and 22 parking spaces.2 weeks free rent - 3 bedroom 2 bathroom at Rainier View Homes!3 bd, 2 ba | Available 12/22/23The Rainier View Homes is a newly-built development, featuring 11 detached cottage-style units, all designed with the environment in mind.3 Bedroom 2 Bathroom Home ready end of January! 1330 square feet - 2 Stories$2800.00 + $175 sewer and garbage*resident is responsible for their own electric and water bill Apply by 1/31/2023 and receive 2 weeks free rent at move in! Take your 3D tour here - https://my.matterport.com/show/?m=UUH8KN5ofHt&brand=0UNIT FEATURES:HIGH CEILINGSLARGE WINDOWSOPEN FLOORPLANSWASHER/DRYER IN UNITAIR CONDITIONINGCONTEMPORARY CABINETRYQUARTZ COUNTERTOPS STAINLESS STEEL APPLIANCESSTORAGEPRIVATE BALCONIESCOMMUNITY FEATURES:BUILT IN 2019ON-SITE PARKINGCOMMUNITY PARKPET FRIENDLYSMOKE FREEWe have side street parking for guests as wellApply now - https://www.iconre.org/apply-nowAmenitiesAssigned ParkingCommunity ParkRental TermsRent: $3,150Application Fee: $62Security Deposit: $500Available 12/22/23Pet PolicyCats allowedDogs allowedPet Policy: Check out our beautiful community featuring: − Courtyard− Garden− Porch− Public Transportation− Spa− Sprinkler System− Individual Locking Bedrooms− Private BathroomApartment features include:  Phone:  show contact info
Tue - Fri: 9:00 AM - 6:00 PMSat: 10:00 AM - 5:00 PM Website: https://www.iconre.org/rainierviewhomes6017 South 127th Lane - #10 Seattle, WA 98178Lease Terms: 12-MonthEQUAL HOUSING OPPORTUNITY92A99F8E218C430"	https://seattle.craigslist.org/see/apa/d/seattle-weeks-free-rent-bedroom/7694708647.html
7703222166	Stunning Homes, Rooftop Lounges, Views + Amazing Location!	2497	queen anne	blacklisted_description	Lower Queen Anne	(47.61872, -122.328937)	False	"This is a 1 Bedroom, 1 Bath, Approximately 875 Sq. Ft. Want more info on this unit? See the link (below):https://avenue5.aptfeatures.com/70ve71Call Now -  show contact info
 x 135OR Text 135 to  show contact info
 to text with us.Life Looks Different HereCommunity Info:Imagine a modern architectural space, curated with an eclectic mix of classic and contemporary. Now imagine you live there! Welcome to Alexan 100, Let us provide you a picture-perfect backdrop that is just waiting for you to call it your own. Let's create memories together.Enjoy kitchens featuring quartz countertops, under-mount sinks, stainless steel appliances, full-size washers and dryers, luxurious spa tub/shower combo, and so much more. Located just north of downtown Lower Queen Anne, Alexan 100 is a unique apartment community made for Seattle and you. Just blocks from the waterfront to the west, and the Seattle Center to the east, you’ll find yourself in the perfect spot to explore the city on foot, bicycle, or however, you choose! Your Alexan 100 Team is local, neighborhood-savvy, and always ready to help. Features: ‣  Private Patios* ‣  Undermount Sinks ‣  Stainless Steel Appliances ‣  Luxury Spa Shower/tub  ‣  Air Conditioning  ‣  Custom Closets ‣  Tile Surrounds in tubs ‣  Quartz Countertops ‣  High Ceilings  ‣  Front-Control Ranges ‣  Full size Washers and Dryers ‣  Contemporary cabinetry ‣  USB outlets*In select homesCommunity Amenities: ‣  Parcel Delivery to Your Door by Fetch ‣  Electric Car Charging Stations ‣  Grills ‣  Controlled Access Parking Garage ‣  Two Skyline Lounges ‣  Dog Spa ‣  Rooftop Clubroom complete with wifi, a full kitchen, TVs, Fireplace and shuffleboard ‣  Rooftop Fire feature ‣  Rooftop Dog Run ‣  Bike Storage ‣  On-site Storage ‣  Strength & Cardio Fitness Center ‣  Multi-level Rooftop Terrace ‣  Amazing ViewsPet Policy:Bring your best friend! Office Hours:Monday-Sunday:9:00AM-6:00PMAlexan 100100 Denny Way, Seattle, WA, 98109Equal Housing Opportunity95CrLtc9i3LO"	https://seattle.craigslist.org/see/apa/d/seattle-stunning-homes-rooftop-lounges/7703222166.html
7702730000	Energy Star Silver Metallic Appliances, Walk-In Closets, Pet Friendly	1660	south seattle	blacklisted_description	3701 S Hudson St, Seattle, WA	(47.556581, -122.285661)	False	"3701 S Hudson St, Seattle, WA 98118Greenhouse Apartments features unique one- and two-bedroom apartment homes that are designed to give residents a foundation for colorful and creative residential living. From the lush carpeting and wood flooring to the illuminating windows and dramatic nine-foot ceilings, our Columbia City, Seattle apartments offer just the right blend of ingredients for residents to create homes full of personality and comfort.If youve been searching for a community of apartments filled with upscale amenities and convenient features, look no further. Our spacious apartments include touches like ceiling fans, granite counter-tops, expansive closets throughout and abundant kitchen storage as well. Our community boasts a rooftop fire pit, a sundeck, 24 hour fitness center and 24 hour clubhouse both with WiFi its clear that community spirit is alive and well at Greenhouse apartments in Seattle.Unit Amenities:Front Loading Washer and DryerContemporary Kitchens with Abundant Storage and Built-in PantryEnergy Star Silver Metallic AppliancesStylish Granite CountertopsExtra-Large Windows Featuring Trickle Ventilators Allow for Natural Light, Fresh Air and Territorial ViewsRoomy 9-Foot High CeilingsCeiling FansKarndean Wood Floors Entry to Kitchen and Carpeted Living Spaces and BedroomsWalk-In Closets*Ground-Level Patio with Outdoor Access**In Select HomesCommunity Amenities:Complementary Common Area Wi-FiPublic Transportation options nearby, Including Link Light Rail24 Hour Fitness CenterBike StoragePet FriendlyNon-Smoking CommunityCall:  show contact info
For more information, visit us at: https://livecushwake.com/zffztzoc/greenhouse-apartments*Equal housing opportunity*"	https://seattle.craigslist.org/see/apa/d/seattle-energy-star-silver-metallic/7702730000.html
7695437764	Prepare to be swept away by this spectacular view! Tour today!	2585	central district	blacklisted_description	Seattle	(47.59922, -122.308936)	False	"Pratt Park Apartments Bedroom: 1 | Bathroom: 1Square Footage: 717 sq ftMonthly Rent: $2585 - $3210Up to 8 weeks free on select studio apartments; Up to 6 weeks free on select 1- & 2-bedroom apartments! Lease terms and restrictions apply. Contact the leasing office for more information!  Community Description  Pratt Park Apartments is conveniently located in the heart of the Central District, a neighborhood dotted with boutique shops, quaint coffee spots, and local parks! Situated just off Downtown Seattle, we are minutes to an array of options.    Community Amenities● Bike Storage● Business Center● Clubhouse● Courtesy Patrol● Disposal Chutes● Dog Wash Room● Elevator● Lounge● On-Site Retail● Roof Terrace● 24 Hour Availability● 24 Hour State of the Art Fitness Center● Access to Large City Park● Built Green - 3 Star Certification● Community Clubroom with Fireplace, Big Screen TV● Controlled Access Gated Community● Easy Access to Public Transit● On-site Maintenance/Management● Rooftop Firepit Lounge● Views of Mt. RainerUnit Features● Cable Ready● Carpet● Den● Disposal● Garden● Heating● Kitchen● Microwave● Pantry● Tub/Shower● Breakfast Nook● Ceiling Fans in Select Homes● Expansive Dual Tilt and Turn, High Efficiency Windows● Hardwood Floors in Select Homes● Internet/Cable Ready● Patio/Balcony● Security System● Storage Units● Surround Sound● Walk-In Closets in select homes  Contact InformationVisit Us: 1800 S Jackson St Seattle, WA 98144 show contact info
 Hours: Mon - Thu: 10:00 AM - 6:00 PMFri - Sat: 10:00 AM - 5:00 PM Website: https://home.securityproperties.com/prattpark/?utm_source=craigslist   Additional DetailsPet Policy: Pratt Park Apartments is a pet friendly community. We allow two (2) pets max per household with a maximum weight of 80 lbs full grown. $25/pet, pet rent per month $200 pet deposit. Breed Restrictions apply.Lease Terms: 6-Month, 7-Month, 8-Month, 9-Month, 10-Month, 11-Month, 12-Month, 13-Month, 14-Month Price is subject to change without prior noticeEQUAL HOUSING OPPORTUNITY7BC46396A54E41"	https://seattle.craigslist.org/see/apa/d/seattle-prepare-to-be-swept-away-by/7695437764.html
7703212446	Kenmore, WA~~3-bedroom 1.5 bath condo + living room + W/D**	1900	north seattle	blacklisted_description	Kenmore, WA	(47.766809, -122.264403)	False	"Kenmore, WA~~3-bedroom 1.5 bath condo + living room + W/D** 

3-bedroom 1.5 bath condo in Kenmore's Lake more Estates. Enjoy a well-lit kitchen featuring new cabinets & countertops & lap flooring, spacious dining & living room w/ new carpeting including access to private balcony w/ extra storage. Bathrooms feature new cabinets & lap flooring as well. Convenient access to bus lines, Bothell Way, & Burke Gilman Trail. Many dining & shopping options just minutes away"	https://seattle.craigslist.org/see/apa/d/kenmore-kenmore-wa3-bedroom-15-bath/7703212446.html
7703220976	Enjoy Modern Living in Historic Ballard at Ballard Yards	1857	ballard	blacklisted_description	Seattle	(47.668592, -122.387757)	False	"This is a 1 Bedroom, 1 Bath, Approximately 471 Sq. Ft. See our property details here:https://greystar.leasehomenow.com/92546qCall Now -  show contact info
 x 12OR Text 12 to  show contact info
 to chat!A NEIGHBORHOOD THAT WORKS.Community Info:Over a century ago, Scandinavian immigrants settled in a place that reminded them of home. Tall trees, deep water, productive fishing, unkind weather. And for generations, Ballard has served as the hub of this community, connecting maritime traditions to the feeling of purpose that continues to this day. With a view of Ballard’s history and a look to the future, these modern apartments at Ballard Yards settle seamlessly into place.Features: ‣  Select homes have private balconies/terraces ‣  AC Ports/heating in all units ‣  Deep, wide bathtubs ‣  Solid surface quartz countertops ‣  Open, contemporary floor plan design ‣  Keyless entry system ‣  Wood-style vinyl plank flooring throughout ‣  Stainless steel appliances (French-door style fridge in select homes) ‣  Designer kitchen and bathroom plumbing fixtures ‣  LED lighting throughout ‣  Modern, soft-close cabinetry with upgraded hardware ‣  Oversized vinyl windows ‣  Rolldown shades ‣  Full-height tiled kitchen backsplashes and tiled tub surrounds ‣  Pantries in select kitchens ‣  Front loading, full-sized stacked washer-dryersCommunity Amenities: ‣  Community lounge with kitchenette, decorative fireplace, and games ‣  Gym with weights, cardio equipment and on-demand fitness ‣  Bar and lounge seating, barbeque and firepit ‣  Bike room and storage ‣  On-site parking and storage available ‣  Rooftop deck with views of the harbor ‣  Dog washPet Policy:At Ballard Yards, we welcome your cats and dogs. Your companion will too feel a sense of luxury in these modern apartments with large windows for gazing outside. There is a two pet maximum per home and a deposit fee of $300 and a per pet rent of $50. Some breed restrictions may apply. Please contact the leasing office for more information. Office Hours:Monday-Friday: 9:00AM-6:00PMSaturday-Sunday: 10:00AM-5:00PMBallard Yards2421 NW Market Street, Seattle, WA, 98107 We do not accept Comprehensive Reusable Tenant Screening Reports as defined by and pursuant to RCW 59.18.* Floor plans are artist’s rendering. All dimensions are approximate. Actual product and specifications may vary in dimension or detail. Not all features are available in every rental home. Pricing and availability are subject to change. Rent is based on monthly frequency. Additional fees may apply, such as but not limited to package delivery, trash, water, amenities, etc. Deposits vary. Please see a representative for details.Equal Housing Opportunityh4hj3icYzPP"	https://seattle.craigslist.org/see/apa/d/seattle-enjoy-modern-living-in-historic/7703220976.html
7701407659	Playground, On-Site Parking, Full-Size Washer & Dryer	2082	lake city	blacklisted_description	12548 Lake City Way NE, Seattle, WA	(47.720578, -122.293712)	False	"12548 Lake City Way NE, Seattle, WA 98125WELCOME TO POLARIS AT LAKE CITYPolaris at Lake City is a brand new affordable community near the beautiful Seattle waterfront. Our purpose is to be more than just an apartment community, but rather enhance our resident’s way of life. We want to provide a lifestyle for our residents that fosters ongoing education, holistic health enhancements, personal assistance, and preventative support.There’s so much to discover in this affordable community in the heart of Seattle, Washington!Let us be your guiding star.The landlord will not accept a comprehensive reusable tenant screening report made available to the landlord by a consumer reporting agency.Apartment Features:Stylish Studio, 1, 2 & 3 Bedroom HomesFull-Size Washer & DryerFully Equipped Kitchens With Stainless Steel AppliancesSpacious Bedrooms With Large ClosetsLuxury Vinyl Plank Flooring ThroughoutCarpeting In BedroomsCommunity Features:Community Multi Purpose RoomFitness CenterMovie TheaterGame RoomInternet CafeInternal MailroomEnclosed Private CourtyardPlaygroundInterior Bike StorageOn-Site ParkingPet Friendly CommunityEasy Access to Transit, Retail, ShoppingNon-Smoking CommunityCall:  show contact info
For more information, visit us at: https://liveataxisresidential.com/qtxt5k5v/polaris-at-lake-cityPricing and availability are subject to change."	https://seattle.craigslist.org/see/apa/d/seattle-playground-on-site-parking-full/7701407659.html
7700189364	Bottom Floor Corner Unit! Full Size Washer Dryer & Parking!	2230	first hill	blacklisted_description	First Hill	(47.604973, -122.318368)	False	"Being in an undeniably cool area in downtown Seattle, Washington, Vantage Park Apartments brings you home to one of the most dynamic destinations in the city.This is your chance to start fresh, to turn a new page, and to be connected to anything and everything in the Emerald City. From coffee dates at Caffe Vita to kicking back in your one or two bedroom apartment, this is the place to be any day of the week.At Vantage Park Apartments, you’ll find contemporary yet attainable livability in Seattle. This is a home where experiences are never shy and new possibilities are lurking around every street block. Monday through Friday, hop on the streetcar and head to your corporate headquarters. On Saturday and Sunday, unleash your inner weekend warrior with trips to Discovery Park, Bainbridge Island, or Mount Rainier National Park.Call:  show contact info
For more information, visit us at: https://livewithapm.com/46jmxz4l/vantage-park"	https://seattle.craigslist.org/see/apa/d/seattle-bottom-floor-corner-unit-full/7700189364.html
7702015815	Spacious Updated 1-bed on Top of Queen Anne Hill!!	1895	queen anne	blacklisted_description	Seattle	(47.633621, -122.357056)	False	"Lindon Apartments - B

Enjoy this spacious and updated 1-bedroom apartment on top of Queen Anne Hill!! You can walk to Kerry park or Trader Joes, we are close to all the restaurants and shopping, directly on Queen Anne Ave. There are a few reserved parking spots still available, and we are offering 2 Months Free Rent for all applicants before January 1st!!

Call or Text for a Tour - 𝟐𝟎𝟔-𝟒𝟗𝟓-𝟑𝟐𝟐𝟖

SCHEDULE ONLINE:
https://showmojo.com/l/82452c0071"	https://seattle.craigslist.org/see/apa/d/seattle-spacious-updated-bed-on-top-of/7702015815.html
7702015604	2bed 2 bath - 1m free Available Now	2095	seattle	blacklisted_description	Seattle	(47.7377, -122.3431)	False	"Large 2 bed 2 bath apartment home. 
Private Covered Balcony. 
Wood Burning Fire Place.
Huge Living Room
Breakfast Bar
Built in Microwave

Parking available - covered and open
Laundry On-site
Elevator

Call or Text for a Tour - 𝟐𝟎𝟔-𝟒𝟗𝟓-𝟑𝟐𝟐𝟖"	https://seattle.craigslist.org/see/apa/d/seattle-2bed-bath-1m-free-available-now/7702015604.html
7702013531	Need a fresh start? Check out our updated 1 Bed in Udistrict with W/D!	1695	ravenna	blacklisted_description	Seattle	(47.668604, -122.311917)	False	"University Flats! #102 
5521 15th Ave NE

Renovated new 1 Bed in the Udistrict!! Get 1 Month FREE RENT + $250 Gift Card with a 12-Month Lease.

✔️ Stainless Steel Appliances
✔️ Washer/Dryer
✔️ Dishwasher
✔️ Microwave
✔️ Corner Unit

SCHEDULE TOUR ONLINE:
https://showmojo.com/l/776bf13071

Call or Text for a Tour - 𝟐𝟎𝟔-𝟒𝟗𝟓-𝟑𝟐𝟐𝟖"	https://seattle.craigslist.org/see/apa/d/seattle-need-fresh-start-check-out-our/7702013531.html
7703219688	Pool, Washer / Dryer, Garage	1699	seattle	blacklisted_description	seattle	(47.502561, -122.336668)	False	"This is a 1 Bedroom, 1 Bath, Approximately 637 Sq. Ft. Want more info? See the link below:https://amc.touraptnow.com/gee7ppCall Now -  show contact info
 x 209OR Text 209 to  show contact info
 to text our leasing team.FIRST MONTH RENT FREE IF YOU APPLY TODAY- Sunset Park Apartments!!Community Info:Welcome home to Sunset Park Apartments where convenience and comfort maximize your lifestyle. With private patios or balconies, fireplaces, an in-unit washer and dryer, and sophisticated finishes, our pet-friendly 1 and 2-bedroom apartments in Seattle, WA, have everything you need to step into a life of ease in a place that instantly feels like home. With close access to a variety of restaurants, shops, parks, and entertainment, you can step into the local lifestyle right outside your door. Here, the perfect combination of nature and contemporary city life is yours. Spend weekends exploring local hiking trails, golfing with friends at nearby courses, or taking a short drive to explore downtown Seattle. Enjoy close proximity to Glen Acres Golf & Country Club, Salmon Creek Ravine Park, and all the scenic beauty the area has to offer. Grab a bite to eat or your favorite brew at Dubsea Coffee, Proletariat Pizza, or Future Primitive Brewing, and fall in love with our friendly community. Choose Sunset Park for the lifestyle you’ve been searching for. Join us today!Features: ‣  Patio / Balcony ‣  Carpeting ‣  Cable Ready ‣  Window Coverings ‣  Washer / Dryer ‣  Fireplace ‣  Refrigerator ‣  If you apply this week, we will give you your first month rent free when you move in! ‣  DishwasherCommunity Amenities: ‣  Beautiful Landscaping ‣  Playground ‣  Recycling ‣  Controlled Access/Gated ‣  Fitness Center ‣  Garage ‣  Clubhouse ‣  Professional On-Site Management ‣  PoolPet Policy:Dogs & Cats Allowed Income Requirements:Show proof of income of 2.5x the rental amount. We can take paystubs, investments, bank statements, and/or an offer letter from your employer.Sunset Park11202 2nd Lane SW, Seattle, WA, 98005 Prices are subject to change, based on availability and qualification of the applicant, additional fees may apply.Equal Housing OpportunityuQEnD96AhV"	https://seattle.craigslist.org/see/apa/d/seattle-pool-washer-dryer-garage/7703219688.html
7702013355	A deal this good doesn't come around every day. 2Bed with W/D in Udist	2495	ravenna	blacklisted_description	Seattle	(47.668604, -122.311917)	False	"University Flats #402
5521 15th Ave NE

Spacious 2 Bed in Udistrict with W/D and all new appliances and renovations! Get 1 Month FREE + $250 Gift Card with a 12-Month Lease.

✔️Washer/Dryer
✔️Stainless Steel Appliances
✔️Brand New Corner Unit
✔️Top Floor
✔️Community Courtyard Patio

SCHEDULE TOUR ONLINE:
https://showmojo.com/l/ show contact info


Call or Text for a Tour - 𝟐𝟎𝟔-𝟒𝟗𝟓-𝟑𝟐𝟐𝟖"	https://seattle.craigslist.org/see/apa/d/seattle-deal-this-good-doesnt-come/7702013355.html
7702643738	1.5 Months Free + $750! Classic Style Two-Bedroom. Apply Now!	2924	ballard	blacklisted_description	Ballard	(47.6701, -122.3763)	False	"AVA is a living space steps from the energy of Ballard – where bars and clubs converge with galleries and restaurants, where sushi meets tacos, and music collides with performing arts. Oh yeah, and just blocks from the 44, 17 and Rapid Ride D bus lines, we're a straight shot to Downtown Seattle. From True North Roasting House and Great Notion Brewing to Ballard Corners Park and Majestic Bay Theatres, there will always be opportunities to have unique experiences. Our chic studios and 1- and 2-bedroom Seattle apartments feature an urban-inspired design that extends beyond your walls to social spaces to connect, relax and play. Plus, our technology package, AVAConnect, offers high-speed and common area WiFi, digital resident services including the ability to submit service requests and pay your rent online, package service, and more. Now with our Furnished+ program, apartment living is easier than ever before. Appreciate the stylish furnishings and enjoy the convenience of pre-installed Wi-Fi and cable TV, flexible lease-terms, and utilities that are included in your rent. With Furnished+, you can step right into the life you want to live, without all the hassle. There are chill spaces with Wi-Fi, flat screens and comfy seating to hang with your friends or unwind alone, an awesome fitness center, a pet run for your pooch, and lots of resident parking and bike storage. And did we mention the Rooftop deck? Our Seattle apartments have the latest features and amenities and are just blocks from the best local hotspots, including the True North Roasting House, Great Notion Brewing, Ballard Corners Park and Majestic Bay Theatres. Stroll around Seattle and discover what's in store for you. So what are you waiting for? Dive in and make our Seattle apartments your new home today.-In-Unit Washer/Dryer-Pet Friendly-High-Speed WiFi-AVAConnect Technology Package-Stainless Steel Appliances-Parking-Fitness Center-Green CommunityCall:  show contact info
Visit https://avalon-communities.com/ebat5uge/ava-ballard to learn more.Prices and availability are subject to change."	https://seattle.craigslist.org/see/apa/d/seattle-15-months-free-750-classic/7702643738.html
7703213663	Convenient and comfortable ~~2 Bed 2 Bath Apt + W/D + Air condition**	1720	north seattle	blacklisted_description	Kenmore, WA	(47.76056, -122.243607)	False	"Convenient and comfortable ~~2 Bed 2 Bath Apt + W/D + Air condition**

Convenient and comfortable community in Kenmore, WA. Situated near the beautiful Lake Washington and the vibrant downtown Bothell area, our residents have access to a wide range of shops, restaurants, and breweries. Enjoy a fun nightlife just minutes away from your front door.

Each of our units is equipped with full-size washers and dryers and air conditioning, making laundry and staying cool a breeze. Our secure entrance and intercom/buzzer system ensure that your safety is our top priority. Additionally, storage units and assigned parking spaces are available for rent."	https://seattle.craigslist.org/see/apa/d/kenmore-convenient-and-comfortable-bed/7703213663.html
7694052088	we only have a few left! ASAP move in!	1779	edmonds	blacklisted_description	Edmonds	(47.78723, -122.341852)	False	"Now Offering One Month Free + $1,000 Amex GC on Select Homes!Hazel Apartments in EdmondsApartment Features:Large Windows with Natural LightContemporary, Soft-Close CabinetsVinyl Plank FlooringCeiling Fans in BedroomsCarpet in BedroomsDecks & Juliette BalconiesCommunity Features:Co-Working Spaces Throughout the LobbyOutdoor Dog RunPet WashParcel Pending Package LockersZero Deposit CommunityFlexible Monthly Payments with Flex RentCall:  show contact info
For more information, visit us at: https://gre-apartments.com/36tz2gs2/hazel-apartmentsPlease leave your name and contact number when replying to this posting.Please leave your name and contact number when replying to this posting.*Pricing and availability are subject to change daily. Photos may not be of the exact advertised unit. Please contact us today for the most up to date information!"	https://seattle.craigslist.org/see/apa/d/mountlake-terrace-we-only-have-few-left/7694052088.html
7699758578	Coffee Room, Controlled Access/Gated, Window Coverings	1610	shoreline	blacklisted_description	1140 N 192nd St, Shoreline, WA	(47.768473, -122.344508)	False	"3 Months FreeDon't miss your opportunity to receive 3 Months Free Rent*! PLUS if you tour and move before January 1, 2024 you can unlock additional savings. Call to schedule your tour and learn more! *Valid on new leases, subject to change, based on availability and select units.The Blakely Senior Living Community is a Senior apartment community for those age 55+ nestled at the heart of Echo Lake, a residential neighborhood in Shoreline. The Blakely was designed to create a warm and inviting community with multiple unique floor plans to choose from. We are truly a one-of-a-kind 55+ community and we invite you to contact us for a visit. We look forward to welcoming you home!Apartment Features:Full Size Washer & DryerFully Equipped Kitchen With Black AppliancesAmple Closet SpaceWindow CoveringsWood Inspired FlooringWood Shaker Style CabinetsCommunity Features:Craft Room2 Sunrooms with DeckCoffee RoomProfessional Management StaffControlled Access/GatedBeautiful LandscapingCommunity Room24-Hour Fitness CenterGame RoomBusiness CenterAdjacent to YMCATheater RoomLaundry Rooms Conveniently Located on Each FloorCall:  show contact info
For more information, visit us at: https://liveataxisresidential.com/hwcdhnj6/blakely-at-echo-lakePricing and availability are subject to change."	https://seattle.craigslist.org/see/apa/d/seattle-coffee-room-controlled-access/7699758578.html
7699209053	Top Floor, Renovated, parking available, washer & dryer.	1840	first hill	blacklisted_description	First Hill	(47.604973, -122.318368)	False	"Being in an undeniably cool area in downtown Seattle, Washington, Vantage Park Apartments brings you home to one of the most dynamic destinations in the city.This is your chance to start fresh, to turn a new page, and to be connected to anything and everything in the Emerald City. From coffee dates at Caffe Vita to kicking back in your one or two bedroom apartment, this is the place to be any day of the week.At Vantage Park Apartments, you’ll find contemporary yet attainable livability in Seattle. This is a home where experiences are never shy and new possibilities are lurking around every street block. Monday through Friday, hop on the streetcar and head to your corporate headquarters. On Saturday and Sunday, unleash your inner weekend warrior with trips to Discovery Park, Bainbridge Island, or Mount Rainier National Park.Call:  show contact info
For more information, visit us at: https://livewithapm.com/er36hy5n/vantage-park"	https://seattle.craigslist.org/see/apa/d/seattle-top-floor-renovated-parking/7699209053.html
7703217108	*6 WEEKS FREE* Waterfront Retreat	3269	downtown	blacklisted_description	Downtown Seattle	(47.606476, -122.339263)	False	"BRING IN THE NEW YEAR IN A NEW HOME! 6 WEEKS FREE on all available apartment homes. Offer valid on new leases only. Transfers excluded.*Call for details. Specials subject to change without notice. This is a 1 Bedroom, 1 Bath, Approximately 735 Sq. Ft. Use this link for more information:https://mack.touraptnow.com/8995i9Call Now -  show contact info
 x 29Luxury Seattle High Rise ApartmentsCommunity Info:Discover the height of luxury living at Cyrene. Our community of high-rise apartments in downtown Seattle offers upscale one and two-bedroom floor plans featuring cutting-edge amenities and an elevated interior feel with stunning water views.Our central location in the heart of downtown Seattle offers picturesque waterfront living and prime access to Pike Place Market, Waterfront Park, Seattle Art Museum, and plenty of exciting shopping and dining options within walking distance. Hop on the light rail at University Street Station to get around the city in no time or stay local to explore the stunning scenery on the banks of Elliott Bay.Schedule your tour of our Seattle high rise today to see what all the buzz is about.Features: ‣  Gas stove ‣  Quartz Countertops ‣  Disposal ‣  Storage Units ‣  High-Speed Internet Access ‣  Dishwasher ‣  Complete Set Of Bosch Stainless-steel Appliances ‣  Air Conditioning ‣  Large  ‣  Balcony  ‣  Rooftop ‣  Open-Concept Layout ‣  Modern ‣  Heating ‣  Floor-to-Ceiling Windows ‣  Fireplace ‣  Luxury Apartments  ‣  Gourmet Kitchen ‣  Cable Ready ‣  Walk-In Closets ‣  Full-Size Washer/Dryer in unit ‣  Water View ‣  Vaulted ceiling ‣  Smoke-FreeCommunity Amenities: ‣  Three separate lounge areas equipped with TVs and coffee bar ‣  Mountain, sound & skyline views ‣  Theater and lounge ‣  Sky Lounge clubroom ‣  Mailroom & package storage ‣  Fully-equipped gym and yoga studio ‣  Electric vehicle stations ‣  Rooftop terraces with cabanas, BBQs, and fireplaces ‣  Chef's kitchen, dining tables, bar, fireplace, pool table ‣  On-site leasing office and concierge services ‣  Bike storage ‣  Dog run ‣  Resident storage ‣  Controlled-access parkingPet Policy:Maximum 2 pets allowed in each apartment home w/ no weight restrictions. No pet deposit, however each pet adds $50 in additional rent. Aggressive breed restrictions apply. Our Address Office Hours:Monday-Friday:9:00AM-6:00PMSaturday:10:00AM-5:00PMCyrene Apartments  50 University St, Seattle, WA, 98101Equal Housing OpportunityDowntown Seattle Seattle Seattle waterfront Waterfront Pike Place Market Pike Place Market Seattle market Pet friendly Dog friendly Cat friendly Belltown Queen Anne Seahawk's stadium Seattle wheel Big wheel University Street Bus system Bus Light Rail Train station Train Shops Uber1y5rjWMzYj"	https://seattle.craigslist.org/see/apa/d/seattle-weeks-free-waterfront-retreat/7703217108.html
7701284134	Community Room, 1/bd, In Seattle	1676	central district	blacklisted_description	402 22nd Ave S, Seattle, WA	(47.599039, -122.303125)	False	"Lease with Confidence!Ask about our 30-Day Move-in Satisfaction Guarantee and Renter’s Assurance Programs.402 22nd Ave S, Seattle, WA 98144Stylish Urban Apartment HomesSituated in a fantastic neighborhood in Seattle, WA, Verse Seattle is within walking distance of tasty eateries, coffeehouses, and recreation.The neighborhood boasts a rich musical past – it’s where the hard rock notes of Jimi Hendrix and never-heard-before soul sounds of Ray Charles began to take shape – and it’s reflected in the pride of the locals. Our beautifully renovated studio, one, and two bedroom apartments are less than two miles from downtown and offer easy access to I-5 and I-90.With everything you need mere steps from our community, you’ll enjoy urban living at its finest.In an effort to provide the best customer experience, we are now offering virtual tours, self-guided tours. Contact us today to schedule your personalized experienceApartment Features:Energy-Efficient AppliancesGarbage DisposalDishwasherAir Conditioning Available for RentNewly Renovated floor PlansStainless-Steel AppliancesScenic ViewsIn-Home Washer & DryerGarages AvailableCommunity Features:Close to Pratt ParkRecycling CenterWiFi AvailableControlled-Access Underground Parking24-Hour Fitness CenterCommunity RoomOnline Rental PaymentsClose to Blue Dog PondGated Electronic EntranceResident Parcel Mail RoomCall:  show contact info
For more information, visit us at: https://livepui.com/xmffejkw/verse-seattlePricing and availability are subject to change."	https://seattle.craigslist.org/see/apa/d/seattle-community-room-bd-in-seattle/7701284134.html
7701310599	"1601: ""Look-&-Lease"" 6 Weeks Free Still Going! Tour Today!"	2054	downtown	blacklisted_description	Denny Triangle	(47.615813, -122.333613)	False	"1823 Terry Ave, Seattle, WA 98101Welcometo Aspira, luxury high-rise apartments located in Belltown Seattle. Aspira wasbuilt with you in mind, focusing on creating a community atmosphere with thelowest impact possible on our environment. Aspira was Seattle's' first 4 StarBuilt Green high-rise, built to help protect our beautiful Pacific Northwestenvironment. At Aspira, Seattle is truly atyour fingertips. With a 99% walk score, you neverhave to venture far from home to enjoy everything that urban living has tooffer. In case you do need to venture farther from home, Aspira also has a 100%transit score! We have over 17,000 sq. ft. of newly amenity spaces; which includes our Fitness Center, Game Room with pool table and table tennis, Theater Lounge, OutdoorTerrace with fire pit and grills, two pet decks, business center, all open 24 hours. With regular community events that are designed tocater to all residents, you'll feel right at home.   Discoveran elevated lifestyle at Aspira, where luxury and sustainability seamlesslyblend together. Contactus now to see our variety of floor plans and experience the finestliving in Belltown Seattle.Unit Amenities:Modern Kitchen*Operable Energy Efficient WindowsRefrigeratorSpectacular Views Of The Space Needle, Lake Union, Puget Sound, The Cascades and City Skyline*Storage Units AvailableWalk-In Closets*Washer and DryerWater-Saving Lavatories and ShowerheadsWheelchair AccessWindow Coverings*In Select HomesCommunity Amenities:ConciergeDry Cleaning ServiceBusiness Center with Complimentary Wifi, Work Stations, and PrintingStorage UnitsEasy Access to Public TransportationElevatorsCall:  show contact info
For more information, visit us at: https://livecushwake.com/vqddbl2x/aspiraPricing and availability are subject to change."	https://seattle.craigslist.org/see/apa/d/seattle-1601-look-lease-weeks-free/7701310599.html
7701362409	Ceiling Fans, On-Site Management, Keyless Apartment Entry	2862	seattle	blacklisted_description	1212 Harrison St, Seattle, WA	(47.622133, -122.332664)	False	"Welcome to Sentral SLUWith enviable views of the city skyline and within walking distance of trendy bars and restaurants, Sentral SLU centers you in Seattle. Everyday life is more beautiful in our unfurnished and designer-furnished apartment suites with modern kitchens and flexible, oversized floor plans.Amenities Include:FitnessLEED Silver CertifiedRefrigerator, Dishwasher, and MicrowavePet FriendlyWalkable to Shopping, Restaurants, and MoreDemonstration KitchenCeiling FansBalconies in Select ApartmentsStainless Steel AppliancesCentral HeatUSB OutletsBook TourCall:  show contact info
For more information, visit us at: https://livewithsentral.com/5jypnxqk/sentral-slu*Pricing and availability are subject to change daily. Photos may not be of the exact advertised unit. Please contact us today for the most up to date information!"	https://seattle.craigslist.org/see/apa/d/seattle-ceiling-fans-on-site-management/7701362409.html
7699232901	Spacious 1BR 1BA apt **SAVE! 8 WEEKS FREE** Modern kitchen, W/D inside	1769	first hill	blacklisted_description	Seattle, Capitol Hill, First Hill	(47.612392, -122.326902)	False	"**SAVINGS! Get 8 WEEKS FREE** December Move-Ins ONLY – Listed price includes 8 weeks free special!This apartment features:Spacious floor planBright, open living roomFully-equipped kitchens with microwavesWasher & dryer insideLarge closetsGarage parking available!Preferred floor levels available, ask us for details!Come Visit us!Vesper Apartments1321 Minor AveSeattle, WA 98101https://livecreativejuices.com/vcp64eao/vesper-apartmentsContact us today to schedule a tour! Call  show contact info
Office Hours Tuesday - Saturday 9:00 AM - 6:00 PMClosed Sunday & Monday Photos in ad may not be of actual apartment, however we try our best to use photos similar to the floor plan."	https://seattle.craigslist.org/see/apa/d/seattle-spacious-1br-1ba-apt-save-weeks/7699232901.html
7702081007	Refrigerator, Everett WA, 2B/2B	1788	north seattle	blacklisted_description	1020 112th St SW , Everett, WA	(47.896169, -122.248251)	False	"1020 112th St SW, Everett, WA 98204Welcome home to Timberline Court. Come and see our spacious, newly renovated apartments for rent in Everett, WA, and schedule a tour of Timberline Court Apartments. We have a wide selection of floor plans, including one- and two-bedroom apartments with plenty of room for you and yours to stretch out and relax. Each of our homes comes with a complete appliance package, including a dishwasher, range, oven, and refrigerator, wood-style flooring in common areas, carpeted bedrooms, and of course, the all-important oversized closets giving you a ton of storage space. Got a pet? Ask about our dog-friendly apartments during your tour. When residing in an apartment community, it is important that you choose the right one for your family. This will mean finding a place that offers easy access to everything you need, from shopping and dining to entertainment for young and old alike. You will find the right Everett apartments to meet your needs right here at Timberline Court. We offer a great selection of two- and one-bedroom apartment homes with everything you need, all in a great community. You can enjoy our dog park with a furred companion, take the kids to our onsite playground or enjoy easy access to Silver Lake, local restaurants, or I-5 for longer trips. One visit to our community will help you find a great selection of apartments for rent, whether you desire something for one or require space for a family. Our goal is to exceed all your expectations about apartment living by providing you with a gorgeous home that keeps you close to all you need or want while offering the peace of living outside the hubbub of city life. Whether you want pet-friendly apartments for you and a furred companion or need something larger for your family, Timberline has exactly what you desire. In one quick visit to Timberline Court Apartments in Everett, you will find a great place to live. Our homes offer you a place of peace in a hectic life. Schedule your tour now.Unit Amenities:Renovated InteriorsWalk In ClosetsWood Burning Fireplaces (3rd Floor Only)RefrigeratorDishwasherVaulted Ceilings (3rd Floor Only)Ceiling FansPantryGarbage Disposal*In Select HomesCommunity Amenities:Onsite Laundry FacilityDog ParkAmazon Hub LockersPlaygroundCall:  show contact info
For more information, visit us at: https://livecushwake.com/3sz52e46/timberline-court*Equal housing opportunity*"	https://seattle.craigslist.org/see/apa/d/everett-refrigerator-everett-wa-2b-2b/7702081007.html
7696831102	Conveniently located 2 bed / 1 bath! 880 Sq Ft. Transit close by!	2035	seattle	blacklisted_description	Seattle	(47.503121, -122.335395)	False	"Garden Pointe Leasing Office:  130 SW 112th Street Seattle, WA 98146 show contact info
Take a look at what Garden Pointe has to offer! Built on a commitment to our residents, our exceptional standards and services will exceed your expectations. Community features include a fitness center, playground, indoor pool and spa, recreation room, TV lounge, and a clubhouse. We offer a 24-hour maintenance guarantee, covered parking, courtesy patrol, and short-term leasing is available. Call us to schedule a personal tour and let us show you why Garden Pointe Apartments is the best-kept secret in Seattle, WA!

Schedule a Tour: https://www.gardenpointeapthomes.com/?utm_knock=cl&doorway=scheduleRental Information: 2 Bedroom / 1 Bathroom / 880 sq ft / $2035/Month  Lease Terms: 6-Month, 7-Month, 8-Month, 9-Month, 10-Month, 12-MonthApartment Amenities:− Cable Ready− Carpet− Deck− Dining Room− Disposal− Heating− Pantry− Playground− Refrigerator− Window Coverings− Balcony/Patio− Discounts Available− Double Pane Windows− Fireplace− Handrails− Sparkling Pool− Views− Walk-In Closets− Washer and Dryer in Home− Wheelchair Accessible (Rooms)Additional Information:− 24 Hour Availability− 24-Hour Maintenance Guarantee− Cabana− Clubhouse− Covered Parking− Fenced Lot− Multi Use Room− Online Rent Payments− On-Site Maintenance− TV Lounge− Access to Public Transportation− Bilingual Staff− Discounts Available− Easy Access to Freeways− Extra Storage− Housing Vouchers Welcome− Online Resident Services− Professional Management− Recreation Room− Short-term Leasing Available Leasing Hours: Mon - Fri: 9:00 AM - 5:00 PMSaturday: By Appointment Only. show contact info
Pet Policy: Pets Welcome Upon Approval.
There will be a $300.00 pet fee required for dogs and cats.
Breed restrictions apply.
Sorry, no aggressive breeds will be allowed.
Service animals are permitted.
Please call our office for more details. Website: https://www.gardenpointeapthomes.com/?utm_knock=cl Availability and pricing are subject to change daily EQUAL HOUSING OPPORTUNITYD65A431D94D44A5"	https://seattle.craigslist.org/see/apa/d/seattle-conveniently-located-bed-bath/7696831102.html
7695113046	Great 1 bed / 1 bath! We Love Pets! Ask about our Pet Policy	1850	seattle	blacklisted_description	Seattle	(47.503121, -122.335395)	False	"Garden PointeRENT: $1850 / MONTH SIZE: 700 sq ft  BEDROOMS: 1 BATHROOMS: 1 LEASE TERMS: 6-Month, 7-Month, 8-Month, 9-Month, 10-Month, 12-Month$500 off First Month's Rent.UNIT FEATURES:   − Cable Ready− Carpet− Ceiling Fans− Dining Room− Dishwasher− Disposal− Heating− Oven/Range− Tub/Shower− Window Coverings− Balcony/Patio− Discounts Available− Double Pane Windows− Fireplace− Handrails− Sparkling Pool− Vaulted Ceiling− Views− Washer and Dryer in Home− Wheelchair Accessible (Rooms)Built on a commitment to our residents, our exceptional standards and services will exceed your expectations. Community features include a fitness center, playground, indoor pool and spa, recreation room, TV lounge, and a clubhouse. We offer a 24-hour maintenance guarantee, covered parking, courtesy patrol, and short-term leasing is available. Call us to schedule a personal tour and let us show you why Garden Pointe Apartments is the best-kept secret in Seattle, WA!

Schedule a Tour: https://www.gardenpointeapthomes.com/?utm_knock=cl&doorway=schedulePROPERTY FEATURES: − 24 Hour Availability− 24-Hour Maintenance Guarantee− Cabana− Courtesy Patrol− Covered Parking− Fenced Lot− Fitness Center− Multi Use Room− Recycling− TV Lounge− Access to Public Transportation− Bilingual Staff− Corporate Suites− Easy Access to Freeways− Easy Access to Shopping− Housing Vouchers Welcome− Indoor Pool and Spa− Online Resident Services− Security System− Short-term Leasing Available PET POLICY: Pets Welcome Upon Approval.
There will be a $300.00 pet fee required for dogs and cats.
Breed restrictions apply.
Sorry, no aggressive breeds will be allowed.
Service animals are permitted.
Please call our office for more details.VISIT OR CALL US TODAY!  130 SW 112th StreetSeattle, WA 98146 show contact info
 Website: https://www.gardenpointeapthomes.com/?utm_knock=cl Availability and pricing are subject to change dailyEQUAL HOUSING OPPORTUNITY4AE835803A5D4D"	https://seattle.craigslist.org/see/apa/d/seattle-great-bed-bath-we-love-pets-ask/7695113046.html
7703212862	Dishwasher & Garbage Disposal, Custom Closets, Views	1982	west seattle	blacklisted_description	West Seattle	(47.560569, -122.386838)	False	"4730 California4730 California Ave SW, Seattle, WA, 98116Call Now -  show contact info
 x 38OR Text 38 to  show contact info
 for more information.Interested in more information? See link below:https://avenue5.aptfeatures.com/548cqdBoutique and Unique1 bedroom | 1 bath | 597 square feetFeatures: ✓  Views ✓  A Must See ✓  High End Finishes ✓  Stainless Steel Appliances ✓  Custom Closets ✓  Under Cabinet Lighting ✓  Floor to Ceiling Windows ✓  Washer & Dryer In Unit ✓  Dishwasher & Garbage Disposal ✓  Balconies ✓  Large Wooden Barn Doors*Smoke Free*Custom Two-Tone Cabinets*Garden TubsCommunity Features: ✓  Bike Parking & Workshop ✓  Controlled Access Garage ✓  Rooftop Pet Pad ✓  Pet Friendly ✓  BBQ/Picnic Area ✓  Rooftop Lounge with Firepit ✓  Fitness Center ✓  Tour Today ✓  Water Views*On Site Management*Accepts Electronic Payments*""Soggy Doggy"" Style Dog Wash Room*Controlled Access Building*Green Community*Emergency Maintenance*On Site Maintenance*Extra StorageCommunity Info:4730 California is more than a place to live; it is at the center of a vibrant community. Known for its fantastic restaurants, scenic Alki Beach-front and historic charm, West Seattle is Seattle's best-kept secret. It won't take you long to discover why people love living at 4730 California. Enjoy boutique apartment living at its best with unique floor plans, high-end finishes and must-have amenity spaces. Discover your best lifestyle.Sit back, relax and feel at home in The Connect, a comfortable gathering area to connect with your neighbors. Keep moving in the 24-hour Fit Studio. Or stop by the Level 8 Lounge rooftop deck for the most spectacular views. Come see us today!Pet Policy:Pet friendly! Income Requirements:Minimum income required: 3x monthly rent**please call for requirements for MFTE homesOffice Hours:Monday-Saturday:10:00AM-6:00PMEqual Housing OpportunitySFHbW4k1Uy8k"	https://seattle.craigslist.org/see/apa/d/seattle-dishwasher-garbage-disposal/7703212862.html
7703211328	Cute 2 Bedroom, 1 Bath home in Edmonds	1950	edmonds		Edmonds, WA	(47.8061, -122.3724)	False	"Cute 2 Bedroom, 1 Bath home for rent with hardwood floors in Edmonds located off of Edmonds Way and 236th. Interior and exterior recently repainted as well as new roof and gutters. House has a spacious backyard with large deck.

Available immediately, showing by appointment.
Leave a message with your full name and phone number.

Tenant is responsible for utilities and lawn/yard upkeep.

First and Last Month Rent due upon signing rental agreement
Refundable Damage/Security Deposit: $500 (unless you move within 6 months)"	https://seattle.craigslist.org/see/apa/d/edmonds-cute-bedroom-bath-home-in/7703211328.html
7701995255	Convenient full size washer/dryer in your new 1 bed, 1 bath!	1675	south seattle	blacklisted_description	Seattle	(47.564714, -122.313561)	False	"Harlow Heights Apartments Visit our community today! 4351 15th Ave S Seattle, WA 98108 show contact info
Unit Rates:  $1675/month Unit Type: 1-BR 1-BA Unit Size: 520 - 524 sq ftLease Terms: 6-Month, 7-Month, 8-Month, 9-Month, 10-Month, 11-Month, 12-MonthPet Policy: Pets Welcome Upon Approval.
Maximum adult weight is 20 pounds.
One pet allowed per household.
Pet deposit is $250.What you’ll find in our community: − Controlled Access− Courtyard− Gated Access− Concierge− Elevator− SundeckDescription: Welcome home to Harlow Heights. A contemporary community in the heart of Seattle, Washington. Our prime location places you near Lake Washington, Jefferson Park Golf Course, and Interstate 5. Enjoy easy access to shopping, family eateries, local shops, and entertainment hots spots.

Schedule a Tour: http://www.harlowheights.com/?utm_knock=cl&doorway=scheduleThis unit comes with: − Cable Ready− Dishwasher− Disposal− High Speed Internet Access− Microwave− Oven− Refrigerator/Freezer− Storage Units− Tub/Shower− Window Coverings− All-electric Kitchen− Breakfast Bar in Select Homes− Central Air and Heating− Concierge− Double Pane Windows− Double Vanities− In Unit Washer & Dryer− Island Kitchen− Massive Windows− Walk-in Closets in Select UnitsCall or visit our website to schedule a personal tour! Office Phone:  show contact info
Mon - Fri: 9:00 AM - 5:00 PMOffice not on site.  Website: http://www.harlowheights.com/?utm_knock=clAvailability and pricing are subject to change dailyEQUAL HOUSING OPPORTUNITY2FC80CD641C740"	https://seattle.craigslist.org/see/apa/d/seattle-convenient-full-size-washer/7701995255.html
7701995183	All the perks of modern living! Washer/dryer included. Tour today!	1675	south seattle	blacklisted_description	Seattle	(47.564714, -122.313561)	False	"Harlow Heights Apartments show contact info
  Unit Details: 1-BR 1-BA | Square Footage: 520 - 524 sq ft | Rental Rates: $1675/Month! Lease Length: 6-Month, 7-Month, 8-Month, 9-Month, 10-Month, 11-Month, 12-MonthApartment Features:✓ Cable Ready✓ Disability Access✓ Dishwasher✓ Disposal✓ Eat-in Kitchen✓ Microwave✓ Oven✓ Storage Units✓ Vinyl Flooring✓ Window Coverings✓ All-electric Kitchen✓ Balcony or Patio in Select Homes✓ Breakfast Bar in Select Homes✓ Central Air and Heating✓ Concierge✓ Double Pane Windows✓ In Unit Washer & Dryer✓ Island Kitchen✓ Views Available✓ Walk-in Closets in Select UnitsAbout Our Community:Welcome home to Harlow Heights. A contemporary community in the heart of Seattle, Washington. Our prime location places you near Lake Washington, Jefferson Park Golf Course, and Interstate 5. Enjoy easy access to shopping, family eateries, local shops, and entertainment hots spots.

Schedule a Tour: http://www.harlowheights.com/?utm_knock=cl&doorway=scheduleWonderful Amenities:✓ Controlled Access✓ Courtyard✓ Gated Access✓ Concierge✓ Elevator✓ Sundeck Contact Information:Address: 4351 15th Ave S Seattle, WA 98108  show contact info
 Website: http://www.harlowheights.com/?utm_knock=clPet Policy: Pets Welcome Upon Approval.
Maximum adult weight is 20 pounds.
One pet allowed per household.
Pet deposit is $250.Availability and pricing are subject to change dailyEQUAL HOUSING OPPORTUNITY2FC80CD641C740"	https://seattle.craigslist.org/see/apa/d/seattle-all-the-perks-of-modern-living/7701995183.html
7703211642	*/*/*2/BD 1/BA, SPACIOUS OPEN FLOOR PLANS, WALK-IN CLOSETS@@	1700	university	blacklisted_description	University Place, WA	(47.229509, -122.534358)	False	"LOCATED IN UNIVERSITY PLACE, A VIBRANT WATERFRONT COMMUNITY, UNIVERSITY GLEN OFFERS SPACIOUS 1- AND 2-BEDROOM APARTMENT HOMES.

WE OFFER GREAT AMENITIES AND A PRIME LOCATION NEXT TO THE VILLAGE AT CHAMBERS BAY SHOPPING CENTER WITH A WHOLE FOODS, UNIVERSITY PLACE LIBRARY AND A GREAT COLLECTION OF RESTAURANTS AND RETAIL."	https://seattle.craigslist.org/see/apa/d/tacoma-bd-ba-spacious-open-floor-plans/7703211642.html
7699527969	Pet-friendly 2 bed / 2 bath! Your dogs and cats are welcome!	2165	seattle	blacklisted_description	Seattle	(47.717, -122.3015)	False	"3030 Lake City Leasing Office:  3030 NE 143rd St Seattle, WA 98125 show contact info
Take a look at what 3030 Lake City has to offer! 3030 Lake City offers studio, one- and two-bedroom apartment homes with a certified Green renovation offering energy efficient improvements, reduced utility bills and improved building performance. Residents enjoy beautiful kitchens with quartz countertops, new shaker-style cabinets, stainless steel appliances, wood-style flooring throughout the kitchen and living room, washer and dryers in select homes, and designer carpet in the bedrooms. Community amenities include our dog run, luxury style outdoor lounge with gas barbecues and a fire pit. Stop by for a tour and see why 3030 Lake City is a fantastic place to call home.Rental Information: 2 Bedroom / 2 Bathroom / 959 sq ft / $2165/Month  Lease Terms: 6-Month, 7-Month, 8-Month, 9-Month, 10-Month, 11-Month, 12-MonthApartment Amenities:❖ Cable Ready❖ Carpet❖ Heating❖ High Speed Internet Access❖ Linen Closet❖ Over-sized Windows❖ Range❖ Recycling❖ Refrigerator/Freezer❖ Separate Dining Areas in Select Units❖ Breakfast Bar in select homes❖ Dishwasher & Disposal❖ Eat-in Kitchen❖ Efficient Stainless Steel Appliances❖ Faux Wood Flooring❖ Private Patio or Balcony❖ Quartz Countertops❖ Storage Space in Select Units❖ Walk-In Closets in Select Units❖ Washer/dryer In Select HomesAdditional Information:❖ Courtyard❖ Laundry Facilities❖ Maintenance on site❖ Renters Insurance Program❖ Reserved Parking❖ Smoke Free❖ Dog Run With Wash Station❖ Fire Pit❖ Green Building❖ Online Services❖ Outdoor Lounge With Gas BBQ❖ Package Concierge❖ Walking Distance To Bus Lines Leasing Hours: Mon - Fri: 9:00 AM - 6:00 PM2 weeks off if you move in by December 20th!Pet Policy: 2 pets per apartment home 
- $50 pet rent per pet 	
- $200 refundable deposit per pet 
The following breed restrictions apply - Akita, Alaskan Malamute, Chow, Dalmatian, Doberman Pinscher, German Shepherd, Great Dane, Husky, Rottweiler, Saint Bernard, Wolf Dog Hybrids and all Pit Bull breeds. Website: https://www.3030lakecity.com?rcstdid=MzM=-dkCsfkCKtXI=  EQUAL HOUSING OPPORTUNITY24922F99D1FC48"	https://seattle.craigslist.org/see/apa/d/seattle-pet-friendly-bed-bath-your-dogs/7699527969.html
7696246363	Bike Storage, Roomy 9-Foot High Ceilings, Non-Smoking Community	1736	south seattle	blacklisted_description	3701 S Hudson St, Seattle, WA	(47.556581, -122.285661)	False	"3701 S Hudson St, Seattle, WA 98118Greenhouse Apartments features unique one- and two-bedroom apartment homes that are designed to give residents a foundation for colorful and creative residential living. From the lush carpeting and wood flooring to the illuminating windows and dramatic nine-foot ceilings, our Columbia City, Seattle apartments offer just the right blend of ingredients for residents to create homes full of personality and comfort.If youve been searching for a community of apartments filled with upscale amenities and convenient features, look no further. Our spacious apartments include touches like ceiling fans, granite counter-tops, expansive closets throughout and abundant kitchen storage as well. Our community boasts a rooftop fire pit, a sundeck, 24 hour fitness center and 24 hour clubhouse both with WiFi its clear that community spirit is alive and well at Greenhouse apartments in Seattle.Unit Amenities:Front Loading Washer and DryerContemporary Kitchens with Abundant Storage and Built-in PantryEnergy Star Silver Metallic AppliancesStylish Granite CountertopsExtra-Large Windows Featuring Trickle Ventilators Allow for Natural Light, Fresh Air and Territorial ViewsRoomy 9-Foot High CeilingsCeiling FansKarndean Wood Floors Entry to Kitchen and Carpeted Living Spaces and BedroomsWalk-In Closets*Ground-Level Patio with Outdoor Access**In Select HomesCommunity Amenities:Complementary Common Area Wi-FiPublic Transportation options nearby, Including Link Light Rail24 Hour Fitness CenterBike StoragePet FriendlyNon-Smoking CommunityCall:  show contact info
For more information, visit us at: https://livecushwake.com/hqtriy4o/greenhouse-apartments*Equal housing opportunity*"	https://seattle.craigslist.org/see/apa/d/seattle-bike-storage-roomy-foot-high/7696246363.html
7702012258	1/BD, City Views, Zero Deposit Community	1983	university district	blacklisted_description	400 Northeast 45th Street, Seattle, WA	(47.6633, -122.3022)	False	"400 Northeast 45th Street, Seattle, WA 98105CosmopolitanApartments is conveniently tucked next to the U District in Wallingford. Take aleisurely stroll down to Lake Union and enjoy lunch on the water at Ivar's orchoose from a variety of cuisine options on NE 45th St. Feel like rocking out? Pop over to the historicBlue Moon Tavern and catch a local band you're sure to love! If you like to bicycle, we are just blocks awayfrom the Burke-Gilman Trail. This trail will lead you to the vibrantneighborhoods of Fremont and Ballard or head in the other direction andadventure to the suburb of Woodinville to enjoy a brew at Red Hook Brewery.With our central Seattle location, whatever you're looking for, you will findit nearby at Cosmopolitan Apartments.Apartment Features:In Unit Washer & Dryer in One & Two Bedroom HomesExtra StorageWindow CoveringWalk-In Closets One & Two Bedroom HomesOn-Site Laundry FacilityGas Utilities IncludedCommunity Features:ElevatorBBQ Grill’s and Patio FurnitureMeditation GardenParking GarageZero Deposit CommunityCity ViewsCall:  show contact info
For more information, visit us at: https://gre-apartments.com/lchfefsf/cosmopolitanPlease leave your name and contact number when replying to this posting.*Pricing and availability are subject to change daily. Photos may not be of the exact advertised unit. Please contact us today for the most up to date information!"	https://seattle.craigslist.org/see/apa/d/seattle-bd-city-views-zero-deposit/7702012258.html
7703209504	Lovely 3BR/2.5BA Townhouse - 4608 NE 6th Pl	3200	renton	blacklisted_description	Renton	(47.492955, -122.157496)	False	"Charming 3 Bed, 2.5 Bath Townhouse in Renton!
Welcome to 4608 NE 6th Pl, a lovely 3 bedroom/2.5 bathroom townhouse with 1,508 sq. ft. in Renton! The beautiful kitchen boasts granite counters, stainless steel appliances, cherry cabinets, and a breakfast nook. Enjoy the formal dining room with a slider to the private patio, and a living room featuring tall windows, a fireplace, and a cathedral ceiling. The open loft space is perfect for a home office, and the master bed suite includes a 5-piece master bath and a California closet. Upgrades include LVP flooring in bathrooms plus central AC with a Nest thermostat. For your convenience, the in-unit washer and dryer are ready for use. Located in Peachtree Condo Community with a clubhouse and pool. Great location close to shopping, I-405 & DT Seattle!

Key Features:

Bedrooms: 3
Bathrooms: 2.5
Square Footage: 1508 sq ft
Parking: 2 car attached garage
Laundry: In-unit washer and dryer
Appliances: Stainless steel kitchen appliances
Pet-Friendly: Cats and dogs are welcome
Outdoor Space: Yard
Monthly cost/HOA details: Tenant responsible for any HOA Move in/Move out fees if applicable
Utilities: Tenant responsible for electricity, gas, and cable/internet

Additional Features:
This townhouse offers an enticing combination of elegance and functionality, including a private patio, cathedral ceilings, and upgraded features for modern living.

Location and Neighborhood:
Located in the Peachtree Condo Community, this townhouse is close to shopping, I-405, and Downtown Seattle. Enjoy the amenities of the clubhouse and pool, making it an ideal spot for comfortable and convenient living.

Lease Terms and Application:

Lease Terms: 12 months, available for move-in now
Platform Fee: $45 per adult (non-refundable)
Security Deposit: Equal to 1x the monthly rent based upon approved credit
Qualifications: Renters should have a minimum credit score of 650 or above and a gross income of at least 3x the monthly rent.
Lease Start: Preference will be given to applicants with the earliest start date
Section 8 or Housing Vouchers are accepted. If approved, the process may take up to 30 days based on the Housing Authority timeline.
Please view our statement of Rental Policy for further details.

Seize the opportunity to call this charming townhouse your home. Contact us today to schedule a viewing!"	https://seattle.craigslist.org/see/apa/d/renton-lovely-3br-25ba-townhouse-ne-6th/7703209504.html
7694794532	A fresh take on living: Explore our 1 BR, 659 Sq Ft spaces.	1815	shoreline	blacklisted_description	Shoreline - Shoreline Park and Ride	(47.767635, -122.345261)	False	"Echo Lake Apartment Homes show contact info
  Unit Details: 1-BR 1-BA | Square Footage: 659 - 711 sq ft | Rental Rates: $1815 - $2595/Month! Lease Length: 4-Month, 5-Month, 6-Month, 7-Month, 8-Month, 9-Month, 10-Month, 11-Month, 12-MonthApartment Features:● Cable Ready● Carpeting● Dishwasher● Disposal● High Speed Internet Access● Ice Maker● Range● Refrigerator● Wheelchair Access● Window Coverings● Extra Storage● In Unit Washer & Dryer● Large Closets● Microwave● Patio/Balcony● Stainless Steel Appliances in Select Homes● Storage Units● Upgraded Homes AvailableAbout Our Community:Imagine living at the lake with a view of the water, surrounded by towering evergreens and expanses of green lawn-this is what living at Echo Lake apartment homes is all about. Imagine an elegant gathering place where friends and family can get together and visit around the cozy fireplace-this is what the clubhouse at Echo Lake was meant to be.Wonderful Amenities:● BBQ/Picnic Area● Clubhouse● Elevator● Garage● Maintenance on site● Office Staff On-site● Smoke Free● Sparkling Pool● Fitness Center with Free Weights● Package Service● Recreation Room● View Contact Information:Address: 1150 N 192nd St Shoreline, WA 98133  show contact info
 Website: https://www.echolakeapartments.com/?utm_source=craigslistPet Policy: Limit 2 Pets Per Home. 

1 Pet - $30 Pet Rent per month, $200 Pet Deposit (Refundable), $200 Pet Fee (Non-Refundable). Breed Restrictions Apply.Photos may not be of the actual unit.EQUAL HOUSING OPPORTUNITYSPRCL300C65CC2A571C446"	https://seattle.craigslist.org/see/apa/d/seattle-fresh-take-on-living-explore/7694794532.html
7701382727	The right place for you! Beautiful 2 bed / 1 bath - prime location!	1945	shoreline	blacklisted_description	Shoreline - Shoreline Park and Ride	(47.767635, -122.345261)	False	"Echo Lake Apartment Homes 1150 N 192nd St Shoreline, WA 98133 Move-In Special! Up to 2 Months FREE on select homes. Lease terms apply. Please contact the leasing office for details!Unit Information: 2 Bedroom | 1 Bath  Unit Size: 851 - 893 sq ft  Monthly Rent: $1945 - $2505 Lease Terms: 4-Month, 5-Month, 6-Month, 7-Month, 8-Month, 9-Month, 10-Month, 11-Month, 12-Month Unit Includes:− Cable Ready− Carpeting− Dishwasher− Disposal− High Speed Internet Access− Ice Maker− Range− Refrigerator− Wheelchair Access− Window Coverings− Extra Storage− In Unit Washer & Dryer− Large Closets− Microwave− Patio/Balcony− Stainless Steel Appliances in Select Homes− Storage Units− Upgraded Homes AvailableProperty Description: Equally as appealing on the inside, apartment homes at Echo Lake have been designed to maximize your living space and comfort. Open floor plans create an airy feeling, and broad windows bring in even more natural light. Designer finishes are sleek and contemporary, including black appliances and stainless steel fixtures.Property Amenities: − BBQ/Picnic Area− Clubhouse− Elevator− Garage− Maintenance on site− Office Staff On-site− Smoke Free− Sparkling Pool− Fitness Center with Free Weights− Package Service− Recreation Room− View Website: https://www.echolakeapartments.com/?utm_source=craigslistCall us today!  show contact info
Mon - Fri: 10:00 AM - 6:00 PMSat: 10:00 AM - 5:00 PMPet Ownership Policy: Limit 2 Pets Per Home. 

1 Pet - $30 Pet Rent per month, $200 Pet Deposit (Refundable), $200 Pet Fee (Non-Refundable). Breed Restrictions Apply.Photos may not be of the actual unit.EQUAL HOUSING OPPORTUNITYSPRCL307402196933014C6"	https://seattle.craigslist.org/see/apa/d/seattle-the-right-place-for-you/7701382727.html
7702079265	Beautiful One-Bedroom Apartment!!	1925	renton	blacklisted_description	seattle	(47.4639, -122.136702)	False	"15300 Southeast 155th Place, Renton, WA 98058Welcome to Valley SpringsValley Springs is a beautiful community offering luxurious 1, 2 and 3 bedroom apartment homes spread across 4 buildings. At Valley Springs we treat you like family - you won't just be a number to us. We take pride in our apartment homes, the community, and our hospitality services and it shows! Call or drop-in to tour an apartment home and our beautifully landscaped grounds. We look forward to making Valley Springs your new place to call home!Unit Amenities:DishwasherMicrowaveFull size washer/dryer in every home.Tons of gorgeous maple wood kitchen cabinets.Romantic, electric fireplace with tile hearth.Gorgeous roman soaking tub.Plenty of closet space.Storage room on your patio/deck.All homes are pre-wired for cable, phone, and internet.Patio/Balcony*In Select HomesCommunity Amenities:PlaygroundCourtyardPremium LocationOutdoor Lover's DreamCommuter's ParadiseBBQCall:  show contact info
For more information, visit us at: https://livecushwake.com/q6wdmsjq/valley-springs-apartments*Equal housing opportunity*"	https://seattle.craigslist.org/see/apa/d/renton-beautiful-one-bedroom-apartment/7702079265.html
7703207929	House for rent	2950	north seattle		Mill creek	(47.846203, -122.210026)	False	Very nice neighborhood and good school district	https://seattle.craigslist.org/see/apa/d/bothell-house-for-rent/7703207929.html
7700397857	Be at the center of it all: 2 BR, 2 BA, 984 Sq Ft.	1995	burien	blacklisted_description	Burien	(47.4441, -122.3249)	False	"Wellington PlaceLocated at: 327 S 177th Pl Burien, WA 98148Featured unit: 2 bed | 2 bath | 984 sq ft Prices start at: $1995/month Call Today!  show contact info
 Wellington Place is proud to offer eight-floor plans with one, two, and three-bedroom apartments for rent. Our unique and spacious floor plans were designed with your comfort and convenience in mind. Your new home will include a balcony or patio, ceiling fans, individual climate control, window coverings, and an in-home washer and dryer. We are a pet-friendly community and welcome your entire family.Wonderful Amenities!✓ Clubhouse✓ Courtesy Patrol✓ Covered Parking✓ Fitness Center✓ Maintenance on site✓ Smoke Free✓ Wheelchair Accessible (Rooms)✓ Easy Access to Public Transportation✓ Fantastic Schools Nearby✓ Great Commuter Routes✓ Minutes to Shopping✓ Online Resident Services✓ Seasonal Outdoor Swimming Pool✓ Storage UnitsApartment Features!✓ Carpet✓ Ceiling Fans in Select Units✓ Dining Room✓ Dishwasher✓ Disposal✓ Oven✓ Refrigerator✓ Window Coverings✓ Balcony or Patio✓ Fireplace✓ Heating✓ Individual Climate Control✓ Vaulted Ceilings in Select Units✓ Walk-in Closets in Select Units✓ Washer and Dryer in Home  show contact info
Hours: Mon - Fri: 10:00 AM - 6:00 PM Website: https://www.wellingtonplaceapartments.com/?utm_knock=clTerms: CallPet Policy: Pets Welcome Upon Approval. Breed restrictions apply. Limit of 2 pets per home. Maximum adult weight is 35 pounds. 
Pet deposit is $200 per pet. 
The non-refundable pet fee is $200 per pet.EQUAL HOUSING OPPORTUNITY5DB40D8D94A34767"	https://seattle.craigslist.org/see/apa/d/seattle-be-at-the-center-of-it-all-br/7700397857.html
7698119252	Ready to view now! Visit our community today!	1699	burien	blacklisted_description	Burien	(47.444753, -122.331022)	False	"Wellington PlaceLocated at: 327 S 177th Pl Burien, WA 98148Featured unit: 1 bed | 1 bath | 720 sq ft Prices start at: $1699/month Call Today!  show contact info
 Comfort and functionality combine to create the home of your dreams here at Wellington Place in Burien, Washington. Our luxurious European-style apartments are located just minutes from the Seatac Airport and nearby Seattle. We are conveniently located close to shopping, dining, entertainment, and numerous public parks. Our close proximity to various freeways makes commuting a breeze.Wonderful Amenities!❖ Clubhouse❖ Courtesy Patrol❖ Covered Parking❖ Fitness Center❖ Maintenance on site❖ Smoke Free❖ Wheelchair Accessible (Rooms)❖ Easy Access to Public Transportation❖ Fantastic Schools Nearby❖ Great Commuter Routes❖ Minutes to Shopping❖ Online Resident Services❖ Seasonal Outdoor Swimming Pool❖ Storage UnitsApartment Features!❖ Carpet❖ Ceiling Fans in Select Units❖ Dining Room❖ Dishwasher❖ Disposal❖ Oven❖ Refrigerator❖ Window Coverings❖ Balcony or Patio❖ Fireplace❖ Heating❖ Individual Climate Control❖ Vaulted Ceilings in Select Units❖ Walk-in Closets in Select Units❖ Washer and Dryer in Home  show contact info
Hours: Mon - Fri: 10:00 AM - 6:00 PM Website: https://www.wellingtonplaceapartments.com/?utm_knock=clTerms: CallPet Policy: Pets Welcome Upon Approval. Breed restrictions apply. Limit of 2 pets per home. Maximum adult weight is 35 pounds. 
Pet deposit is $200 per pet. 
The non-refundable pet fee is $200 per pet.EQUAL HOUSING OPPORTUNITYAE850EF2E07B45CA"	https://seattle.craigslist.org/see/apa/d/seattle-ready-to-view-now-visit-our/7698119252.html
7697439319	!!FREE RENT UNTIL END OF YEAR SPECIAL!! COME TOUR WITH US TODAY!!	2250	kirkland	blacklisted_description	Kirkland - Near LWTECH	(47.702604, -122.176904)	False	"Welcome to SK Apartments!11415 Slater Ave NE Kirkland, WA 98033Rental Size: 1 BR - 1 BA - 724 sq ft | Per Month: $2250 | Lease Length: 12-Month show contact info
Here at SK Apartments, we offer excellent amenities for our residents. Our community provides a garage, high-speed internet access, elevators, and easy access to freeways, shopping, and public transportation. You will love apartment features such as a balcony or patio, 9Ft ceilings, hardwood floors, stunning views available, and washers and dryers in the home.

Schedule a Tour: https://www.skapartments.com/?utm_knock=cl&doorway=schedule  Our community features:   ✓ Assigned Parking✓ Courtyard✓ Covered Parking✓ Easy Access to Freeways and Shopping✓ Elevator✓ Fitness Center✓ Garage✓ Grill✓ Guest Parking✓ Sprinkler System✓ Access to Public Transportation✓ Controlled Access✓ Key Fob Entry✓ Online Services✓ On-Site Maintenance✓ Renters Insurance Program✓ Smoke-Free✓ Video Patrol  Our unit features: ✓ 9Ft Ceilings✓ Ceiling Fans✓ Den✓ Dining Room✓ Dishwasher✓ Disposal✓ High-Speed Internet Access✓ Oven/Range✓ Refrigerator/Freezer✓ Window Coverings✓ Balcony or Patio✓ Cable Ready✓ Double Pane Windows✓ Elevator✓ Framed Mirrors✓ Granite Countertops✓ Hardwood Floors✓ Microwave✓ Views Available✓ Wheelchair Accessible (Rooms)   Contact us for more information! --  show contact info
 --Our Pet-Policy: Pets Welcome Upon Approval.
Breed restrictions apply. 
We love all pets, but the following breeds/crossbreeds are not allowed: Pit Bulls (Staffordshire Bull Terrier), Dobermans, Rottweilers, Chow Chows, German Shepherds, Huskies, Mastiffs, Great Danes, Malamutes, Akitas, and Wolf Hybrids. 
Breed restrictions are subject to change without notice.

Contact leasing offices for more details.Website: https://www.skapartments.com/?utm_knock=clAvailability and pricing are subject to change dailyEQUAL HOUSING OPPORTUNITYC194FCC855FD43E9"	https://seattle.craigslist.org/see/apa/d/kirkland-free-rent-until-end-of-year/7697439319.html
7699128009	!! FREE RENT UNTIL END OF 2023!! COME TOUR TODAY FOR OUR SPECIAL!!	2650	kirkland	blacklisted_description	Kirkland - Near LWTECH	(47.702604, -122.176904)	False	"SK Apartments show contact info
  Unit Details: 2-BR 2-BA | Square Footage: 1080 sq ft | Rental Rates: $2650 - $2930/Month! Lease Length: 12-MonthApartment Features:● 9Ft Ceilings● Ceiling Fans● Dining Room● Disposal● High-Speed Internet Access● Oven/Range● Refrigerator/Freezer● Trash Compactor● Tub/Shower● Window Coverings● Balcony or Patio● Cable Ready● Elevator● Granite Countertops● Heating● Microwave● Views Available● Walk-In Closets● Washer and Dryer in Home● Wheelchair Accessible (Rooms)About Our Community:We are proud to be a pet-friendly community and understand that your furry friends are family. Enjoy the convenience of having a garage, covered parking, and high-speed internet access. Rest assured that our on-call and on-site maintenance team will be there to help whenever needed. Make an appointment today and see why you will want to call SK Apartments in Kirkland, WA, your new home!

Schedule a Tour: https://www.skapartments.com/?utm_knock=cl&doorway=scheduleWonderful Amenities:● Assigned Parking● Courtyard● Covered Parking● Elevator● Fitness Center● Garage● Grill● Guest Parking● Recycling● Sprinkler System● Access to Public Transportation● Controlled Access● Key Fob Entry● Online Services● On-Site Maintenance● Renters Insurance Program● Smoke-Free● Video Patrol Contact Information:Address: 11415 Slater Ave NE Kirkland, WA 98033  show contact info
 Website: https://www.skapartments.com/?utm_knock=clPet Policy: Pets Welcome Upon Approval.
Breed restrictions apply. 
We love all pets, but the following breeds/crossbreeds are not allowed: Pit Bulls (Staffordshire Bull Terrier), Dobermans, Rottweilers, Chow Chows, German Shepherds, Huskies, Mastiffs, Great Danes, Malamutes, Akitas, and Wolf Hybrids. 
Breed restrictions are subject to change without notice.

Contact leasing offices for more details.Availability and pricing are subject to change dailyEQUAL HOUSING OPPORTUNITY2B37C5DDF16545A6"	https://seattle.craigslist.org/see/apa/d/kirkland-free-rent-until-end-of-2023/7699128009.html
7699535705	Beautiful cottage-style home in a quiet setting!	2800	seattle	blacklisted_description	Seattle	(47.489821, -122.25855)	False	"RENTAL INFO Rental Rates: $2800/monthLocation: 6002 South 127th Lane - #03 Seattle, WA 98178Unit for Rent: 2-BR 1.5-BA | Square Feet: 1300 sq ft | Lease Length: 12-Month show contact info
PROPERTY AMENITIES● Courtyard● Garden● Porch● Public Transportation● Spa● Sprinkler System● Individual Locking Bedrooms● Private BathroomAPARTMENT AMENITIES  ADDITIONAL INFODescription: The Rainier View Homes is a newly-built development, featuring 11 detached cottage-style units, all designed with the environment in mind. Currently underway to be certified 4-Star Built Green and solar-ready. Each home features an open concept floor plan, large windows for natural light, and engineered wood floors. Beautiful kitchens built with contemporary cabinetry, quartz countertops, and stainless steel appliances. Other unit features include a washer/dryer, air conditioning, spacious patios, and plenty of storage. Property amenities include a community park and 22 parking spaces.6 Weeks free - Call us today!2 bd, 1.5 ba | Available 1/02/24About Rainier View HomesRent $2800.00 + $200 water and garbage a month for a two bedroom home !!!Apply by 12/31/23 and receive one month free rent!Resort style atmosphereSpa like bathroomsVaulted Ceilingslarge windows for natural light.Engineered wood floorsAir conditioningQuartz counter tops through out homeALL Appliances including W/DTwo free parking spacesPatio off Kitchenlarge front porch2nd floor private patioOpen conceptWhy live in Downtown Seattle ?Minutes away from Downtown Seattle, Airport and Boeing. We are on track for 4 star Built Home.Apply Online: www.iconre.org/apply-nowAmenitiesCommunity ParkRental TermsRent: $2,800Application Fee: $62Security Deposit: $600Available 1/2/24Pet PolicyCats allowedDogs allowedPet Policy:  Website: https://www.iconre.org/rainierviewhomes Rainier View Homes: show contact info
 EQUAL HOUSING OPPORTUNITY64D6668E9FCA4E"	https://seattle.craigslist.org/see/apa/d/seattle-beautiful-cottage-style-home-in/7699535705.html
7697801114	Amazing 1 bedroom, 1 bathroom in Seattle. 610 SqFt!	2063	belltown	blacklisted_description	Seattle - Belltown	(47.61472, -122.342537)	False	"The Shelby Visit our community today! 2201 4th Ave Seattle, WA 98121 show contact info
Unit Rates:  $2063/month Unit Type: 1-BR 1-BA Unit Size: 610 sq ftLease Terms: Variable, MonthlyPet Policy: Life is PAWSOME here. Relax in comfort with your furry friend at your side! Pets Welcome Upon Approval. Breed restrictions apply. Limit of 2 pets per home. Pet deposit is $250 per pet. Monthly pet rent of $50 will be charged per pet.What you’ll find in our community: ➢ Bike Racks➢ Clubhouse➢ Courtyard➢ Elevator➢ Extra Storage➢ Lounge➢ Package Service➢ Sundeck➢ Butterfly MX Video Callbox➢ Conference Center with Wi-Fi➢ Controlled Access➢ Controlled Access Gates➢ Health Club Discount➢ Laundry Facilities➢ Luxer One Package Lockers➢ Maintenance on site➢ Picnic Area With Barbecue➢ State-of-the-art Fitness CenterDescription: Have you been looking for immaculate apartment home living in Seattle, WA? Congratulations, you've found it! The Shelby offers all the comforts of home in a pristine setting that is second to none. Our apartment community is nestled in the heart of Seattle, Washington, where everything you love is just a short drive away. We are ideally located right around the corner from local shopping, dining, and entertainment. It's time to pamper yourself with the lifestyle you deserve!

Schedule a Tour: https://www.theshelby.com/?utm_knock=cl&doorway=scheduleThis unit comes with: ➢ Cable Ready➢ Ceiling Fans➢ Den in Select Units➢ Dining Room➢ Dishwasher➢ Disposal➢ Heating➢ Microwave➢ Range➢ Wi-Fi➢ Carpeted Floors➢ Eat-in Kitchen➢ French Doors in Select Units➢ Granite Countertops➢ Hardwood Floors➢ High Speed Internet Access➢ Refrigerator➢ Walk-In Closets➢ Washer and Dryer in Home➢ Window CoveringsCall or visit our website to schedule a personal tour! Office Phone:  show contact info
Mon - Fri: 9:00 AM - 6:00 PMSat: 10:00 AM - 6:00 PM Website: https://www.theshelby.com/?utm_knock=clAvailability and pricing are subject to change dailyEQUAL HOUSING OPPORTUNITYD654E2FAF918448"	https://seattle.craigslist.org/see/apa/d/seattle-amazing-bedroom-bathroom-in/7697801114.html
7702722994	Great place, great price! Come visit us today! 1 bed, 1 bath!	2187	belltown	blacklisted_description	Seattle - Belltown	(47.58392, -122.328937)	False	"RENT: $2187/Month | SIZE: 665 sq ft | BEDROOMS: 1 | BATHROOMS: 1LEASE TERMS: Variable, Monthly show contact info
ABOUT COMMUNITY: Have you been looking for immaculate apartment home living in Seattle, WA? Congratulations, you've found it! The Shelby offers all the comforts of home in a pristine setting that is second to none. Our apartment community is nestled in the heart of Seattle, Washington, where everything you love is just a short drive away. We are ideally located right around the corner from local shopping, dining, and entertainment. It's time to pamper yourself with the lifestyle you deserve!

Schedule a Tour: https://www.theshelby.com/?utm_knock=cl&doorway=schedulePet Policy: Life is PAWSOME here. Relax in comfort with your furry friend at your side! Pets Welcome Upon Approval. Breed restrictions apply. Limit of 2 pets per home. Pet deposit is $250 per pet. Monthly pet rent of $50 will be charged per pet.UNIT FEATURES:   ● Cable Ready● Ceiling Fans● Den in Select Units● Dining Room● Dishwasher● Disposal● Heating● Microwave● Range● Wi-Fi● Carpeted Floors● Eat-in Kitchen● French Doors in Select Units● Granite Countertops● Hardwood Floors● High Speed Internet Access● Refrigerator● Walk-In Closets● Washer and Dryer in Home● Window CoveringsCOMMUNITY FEATURES: ● Bike Racks● Clubhouse● Courtyard● Elevator● Extra Storage● Lounge● Package Service● Sundeck● Butterfly MX Video Callbox● Conference Center with Wi-Fi● Controlled Access● Controlled Access Gates● Health Club Discount● Laundry Facilities● Luxer One Package Lockers● Maintenance on site● Picnic Area With Barbecue● State-of-the-art Fitness CenterCONTACT US TODAY!The Shelby2201 4th Ave  Seattle, WA 98121Phone:  show contact info
Mon - Fri: 9:00 AM - 6:00 PMSat: 10:00 AM - 6:00 PMWebsite: https://www.theshelby.com/?utm_knock=cl Availability and pricing are subject to change dailyEQUAL HOUSING OPPORTUNITY1B14C8F824DA460"	https://seattle.craigslist.org/see/apa/d/seattle-great-place-great-price-come/7702722994.html
7702714056	Wonderful 910 sq ft 2 bed / 1 bath with breathtaking water views	2100	lake forest park	blacklisted_description	Lake Forest Park	(47.741464, -122.288041)	False	"Community Location: 15530 Bothell Way NE - Lake Forest Park, WA 98155 Rental Information: $2100 - $2300/Month | 2 Bedroom 1 Bath | 910 sq ftLeasing Options:  Variable, 12-Month show contact info
Apartment Amenities:  ◾ Balcony/Patio◾ Ceiling Fans◾ Ceiling Fans◾ Den◾ Den◾ Dishwasher◾ Oven/Range◾ Oven/Range◾ Tub/Shower◾ Tub/Shower◾ In Unit Washer & Dryer◾ Large Bedrooms◾ Large Floor To Ceiling Closets◾ Modern Cabinetry◾ Natural Lighting◾ Stainless Steel Appliances◾ Three Panel Sliding Doors◾ Wood-style Plank Flooring◾ Wrap Around Balcony's◾ Wrap Around Balcony'SProperty Features: ◾ Community Garden◾ Community Grill◾ Dog Park◾ Elevator◾ Lake Washington Views◾ Maintenance on site◾ Recycling◾ Rooftop Terrace◾ Smoke Free◾ Sundeck◾ Credit Builder Program◾ Picnic Area/Grilling Station◾ Planned Social Activities◾ Public Transportation◾ Renters Insurance Program◾ Rooftop Terrace◾ Storage Space◾ Trash Pickup - Door to Door◾ Waterfront Description: Nestled into the wooded surroundings of Lake Forest Park, Sheridan Beach Terrace is an idyllic place to call home. Views of Lake Washington complement our beautiful property surroundings. Your new home offers a community garden, terraced community areas with stunning views, access to local biking/running trails, and much more.

Schedule a Tour: https://liveatsheridanbeachterrace.com/?utm_knock=cl&doorway=schedulePets: Please ask management for details regarding our pet policies. 2 pet maximum per household. No aggressive breeds. Weight limit of 70 lbs.Call: Sheridan Beach Terrace at  show contact info
 Website: https://liveatsheridanbeachterrace.com/?utm_knock=clEQUAL HOUSING OPPORTUNITY8171D298507647A"	https://seattle.craigslist.org/see/apa/d/seattle-wonderful-910-sq-ft-bed-bath/7702714056.html
7702714464	Bon appetit! Enjoy having your own dining room at Sheridan Beach Terrace!	2010	lake forest park	blacklisted_description	Lake Forest Park	(47.741464, -122.288041)	False	"Sheridan Beach Terrace, located at 15530 Bothell Way NE Lake Forest Park, WA 98155. Description........ Nestled into the wooded surroundings of Lake Forest Park, Sheridan Beach Terrace is an idyllic place to call home. Views of Lake Washington complement our beautiful property surroundings. Your new home offers a community garden, terraced community areas with stunning views, access to local biking/running trails, and much more.

Schedule a Tour: https://liveatsheridanbeachterrace.com/?utm_knock=cl&doorway=schedule show contact info
 Bedrooms........... 2  Bathrooms......... 1  Sq Footage......... 910 sq ftUnit Price........... $2010/Month Lease Term........ Variable, 12-MonthAmenity List...... ❖ Community Garden❖ Community Grill❖ Dog Park❖ Elevator❖ Lake Washington Views❖ Maintenance on site❖ Recycling❖ Rooftop Terrace❖ Smoke Free❖ Sundeck❖ Credit Builder Program❖ Picnic Area/Grilling Station❖ Planned Social Activities❖ Public Transportation❖ Renters Insurance Program❖ Rooftop Terrace❖ Storage Space❖ Trash Pickup - Door to Door❖ WaterfrontUnit Features.....❖ Balcony/Patio❖ Balcony/Patio❖ Ceiling Fans❖ Ceiling Fans❖ Dishwasher❖ Dishwasher❖ Oven/Range❖ Oven/Range❖ Tub/Shower❖ Tub/Shower❖ Double Pane Windows❖ Heating❖ In Unit Washer & Dryer❖ Large Bedrooms❖ Quartz Countertops❖ Stainless Steel Appliances❖ Stunning Views❖ Wood-style Plank Flooring❖ Wrap Around Balcony's❖ Wrap Around Balcony'S Our Pet Policy... Please ask management for details regarding our pet policies. 2 pet maximum per household. No aggressive breeds. Weight limit of 70 lbs. Leasing Hours...  Mon - Thu: 9:00 AM - 6:00 PMFri: 9:00 AM - 4:00 PMSat: 10:00 AM - 3:00 PMSundayClosed. Call our Office... at  show contact info
 to schedule a private tour today. Our Location.....15530 Bothell Way NE Lake Forest Park, WA 98155 Website: https://liveatsheridanbeachterrace.com/?utm_knock=cl EQUAL HOUSING OPPORTUNITYD79561D128684DB"	https://seattle.craigslist.org/see/apa/d/seattle-bon-appetit-enjoy-having-your/7702714464.html
7696170452	Eastlake 1 Bdrm Parking included	1625	eastlake	blacklisted_description	Seattle	(47.641249, -122.32697)	False	This 1 bedroom 1 Bath has fresh paint and professionally cleaned carpets. It’s in a small 6 unit building that’s very quiet. The apt has 2 storage areas included. 1 is in the apt under a a stairwell and a bigger locker in the basement. The apt has a small deck off the living area looking towards Lake Union. A 1 year lease is required and No Pets and Non Smokers only please. A parking stall is also included w your rent as is water sewer garbage costs. If 2 people rent add $85.00 for water costs. The apt is a 1/2 block from the bus to downtown and Amazon or to the UW and its campus. Nice apt in a great neighborhood close to work or school. Thanks for looking.	https://seattle.craigslist.org/see/apa/d/seattle-eastlake-bdrm-parking-included/7696170452.html
7697029634	Eastlake 1 Bdrm w parking & Storage	1625	eastlake	blacklisted_description	Seattle	(47.641205, -122.326992)	False	The apt is located between Downtown and the UW for an easy commute both ways. Fresh paint and professionally cleaned carpet. A deck off the living area for afternoon sun. The apt comes with off street parking and 2 storage areas.1 in the unit and 1 in the basement. A 1 year lease is required and No Pets and Non Smokers only. The apt is in a 6 unit building so very quiet and easy. I pay water sewer costs and tenant pays electricity & cable. Eastlake is a great area, close to Lake Union and the UW campus. The apt is clean and ready to rent.	https://seattle.craigslist.org/see/apa/d/seattle-eastlake-bdrm-parking-storage/7697029634.html
7703205678	Urban Living with HUGE Fitness Center!	2539	shoreline	blacklisted_description	Lake City/Shoreline/Cedar Park/Seattle	(47.722852, -122.293011)	False	"This is a 2 Bedroom, 2 Bath, Approximately 1084 Sq. Ft. Use the link below for more details:https://greystar.leasehomenow.com/s427r9Urban Living at Solara Apartments!Call Now -  show contact info
 x 162OR Text 162 to  show contact info
 to text with us. Community Info:Discover your new home at Solara Luxury Apartments in Seattle, WA. Here you will find a living experience that blends city with serene balance. Our pet-friendly apartments are located in North Seattle and offer modern one, two, and three-bedroom homes. Our homes also come equipped with cozy amenities such as private patios, walk-in closets, and more. We’re focused on our residents’ wants and needs and it shows in our luxurious community and apartment amenities. We strive to provide a welcoming atmosphere with all the perks and amenities that will make you feel at home. Call us to apply and schedule a tour today!Residence Features: ✩  Southern Facing Home ✩  Refrigerator with Ice Maker ✩  Full Size Washer & Dryer ✩  Selected ✩  Granite Countertops ✩  Ceiling Fan In Living Room* ✩  Large Walk In Closets* ✩  Premium Vinyl Plank Flooring ✩  Electric Fireplace* ✩  Stainless Steel Appliances ✩  Built In Desk* ✩  Premium Vinyl Plank Flooring* ✩  Ample Kitchen Storage ✩  Private Patio/Balcony With Every HomeCommunity Features: ✩  Theater Room ✩  Community Lounge ✩  On-Site Management ✩  Yoga & Spin Room ✩  Controlled Access - Butterfly MX ✩  Game Room With Dry Bar ✩  Work From Home Spaces ✩  Dog Run ✩  On Site Retail ✩  Fitness Center - 2,400 SQFT! ✩  Selected ✩  Elevators ✩  Dog Wash ✩  Package Receiving - Parcel Pending ✩  Expansive Courtyard With BBQs ✩  On-Site Maintenance ✩  Easy Access To Public Transportation ✩  Garage Parking AvailablePet Policy:Cats - allowed Dogs - allowed Comments: Breed restrictions apply. Income Requirements:Must make 3X the monthly rent to qualifyDriving Directions:Northbound on Lake City Way: Solara Apartments will be located on the right hand side of the street. The leasing office is located on the north end of the community, where you will also find a parking garage.Office Hours:Monday-Friday: 10:00AM-6:00PMSaturday: 10:00AM-5:00PM We do not accept Comprehensive Reusable Tenant Screening Reports as defined by and pursuant to RCW 59.18.* Floor plans are artist’s rendering. All dimensions are approximate. Actual product and specifications may vary in dimension or detail. Not all features are available in every rental home. Pricing and availability are subject to change. Rent is based on monthly frequency. Additional fees may apply, such as but not limited to package delivery, trash, water, amenities, etc. Deposits vary. Please see a representative for details.Equal Housing Opportunity7Kxh4z1wGRA"	https://seattle.craigslist.org/see/apa/d/seattle-urban-living-with-huge-fitness/7703205678.html
7695365498	Game Room, Internal Mailroom, Fitness Center	1802	lake city	blacklisted_description	12548 Lake City Way NE, Seattle, WA	(47.720578, -122.293712)	False	"12548 Lake City Way NE, Seattle, WA 98125WELCOME TO POLARIS AT LAKE CITYPolaris at Lake City is a brand new affordable community near the beautiful Seattle waterfront. Our purpose is to be more than just an apartment community, but rather enhance our resident’s way of life. We want to provide a lifestyle for our residents that fosters ongoing education, holistic health enhancements, personal assistance, and preventative support.There’s so much to discover in this affordable community in the heart of Seattle, Washington!Let us be your guiding star.The landlord will not accept a comprehensive reusable tenant screening report made available to the landlord by a consumer reporting agency.Apartment Features:Stylish Studio, 1, 2 & 3 Bedroom HomesFull-Size Washer & DryerFully Equipped Kitchens With Stainless Steel AppliancesSpacious Bedrooms With Large ClosetsLuxury Vinyl Plank Flooring ThroughoutCarpeting In BedroomsCommunity Features:Community Multi Purpose RoomFitness CenterMovie TheaterGame RoomInternet CafeInternal MailroomEnclosed Private CourtyardPlaygroundInterior Bike StorageOn-Site ParkingPet Friendly CommunityEasy Access to Transit, Retail, ShoppingNon-Smoking CommunityCall:  show contact info
For more information, visit us at: https://liveataxisresidential.com/bim5frtp/polaris-at-lake-cityPricing and availability are subject to change."	https://seattle.craigslist.org/see/apa/d/seattle-game-room-internal-mailroom/7695365498.html
7703203406	Courtyard: A Peaceful Escape, Valet Trash for Easy Living	1745	renton	blacklisted_description	East Renton Highlands	(47.502822, -122.165399)	False	"Renton Sage4455 NE 12th St, Renton, WA, 98059-4444Call Now -  show contact info
 x 63OR Text 63 to  show contact info
 to text our team.Want more information on this unit? See link (below):https://fpi.aptrentnow.com/43vvz4Experience Life At Renton Sage2 bedroom | 1 bath | 630 square feetFeatures: ✓  Ceiling Fan for Year-Round Comfort ✓  Washer & Dryer: Laundry Made Easy ✓  Durable and Stylish Vinyl Flooring ✓  Private Balcony: Your Outdoor Oasis ✓  Fully-Equipped Kitchen with Modern Appliances ✓  Spacious Closets for All Your Storage Needs ✓  Quartz Countertops for Elegant LivingCommunity Features: ✓  Pet Amenities for Furry Friends ✓  Covered Parking for Peace of Mind ✓  High-Speed Internet for Work & Play ✓  Near Public Transit for Easy Commute ✓  Pool for Ultimate Relaxation ✓  Fitness Center to Keep You Active ✓  Valet Trash for Easy Living ✓  BBQ & Picnic Areas for Family Time ✓  Recreation Room for Socializing ✓  Courtyard: A Peaceful Escape ✓  On-Site Maintenance for Quick Fixes ✓  Clubhouse: Your Community Hub ✓  TV Lounge for Entertainment ✓  Package Receiving for Your ConvenienceCommunity Info:Welcome to Renton Sage, your solution to affordable housing in the highly desired Renton Highland neighborhood. We offer a charming community of one and two-bedroom apartment homes. Enjoy the comfort of home and the convenience of modern residential amenities, all within a central location just outside of Seattle, close to major employers, and an enticing collection of dining and entertainment options.Our community located near Bellevue provides everything you need to feel at home. A short tour through our grounds will reveal exciting resident amenities, including a fully equipped fitness center, luxurious clubhouse, and outdoor features such as a sparkling swimming pool and picnic area.Inside each of our Renton apartments, find designer finishes and modern touches that welcome you in each day. Your state-of-the-art kitchen offers cutting-edge appliances for all of your cooking needs, and may even contain quartz countertops. The open-concept living and dining area may also have plush carpeting or hardwood-style floors, depending on your preferred floor plan. You’ll even have access to your own private patio or balcony, where you can take in the fresh mountain air.Located just a short drive from Bellevue and downtown Seattle, you’ll have quick and easy access to the best schools and employers in the area. On the weekend, immerse yourself in nature at Cedar River Trail Park, or dine out at delicious local restaurants. No matter what you’re looking for, you’re sure to find it here at Renton Sage.Pet Policy:Max 2 Allowed | One time Fee $250 Rent $35 | Deposit $250 Comments: Pet Deposit, Pet Rent and One -Time Fee amounts are per pet.Questions? Please contact our leasing office Restrictions: Breed Restrictions Apply Income Requirements:AMI LIMITS 2023-202460% - 1 Person: $57,540, 2 Person: $65,760, 3 Person $73,980, 4 Person $82,200, 5 Person $88,800Office Hours:Monday-Friday: 9:00AM-6:00PMSaturday: 10:00AM-5:00PMEqual Housing Opportunityx76TeCZM5P"	https://seattle.craigslist.org/see/apa/d/renton-courtyard-peaceful-escape-valet/7703203406.html
7703203961	Hardwood Flooring, Efficient hot water equipment	2275	belltown	blacklisted_description	Belltown	(47.61532, -122.351338)	False	"6 Weeks Free This is a 1 Bedroom, 1 Bath, Approximately 602 Sq. Ft. Use this link for more information:https://thrive.touraptnow.com/L25138Call Now -  show contact info
 x 101One look and you'll know why The Joe is special. Steel beams frame walls of glass – allowing Mother Nature to rotate spectacular murals of snowcapped peaks and dramatic sunsets over Puget Sound.Community Info:One look and you'll know why The Joe is special. Steel beams frame walls of glass – allowing Mother Nature to rotate spectacular murals of snowcapped peaks and dramatic sunsets over Puget Sound. Natural materials nod to the Northwest while refined finishes combine to create contemporary loft homes like no other. It's sophisticated, practical, refined urban living - as only Joe would have it.Features: ‣  White Quartz Countertops ‣  Ozone-friendly refrigeration systems ‣  Water-conserving fixtures ‣  Energy-Efficient Stainless Steel Appliances ‣  Hardwood Flooring ‣  Electric sub-metering ‣  Cable & Wi-Fi Ready - Xfinity Gateway in every home ‣  New/Renovated Interiors ‣  Efficient hot water equipment ‣  Large Windows maximize daylight ‣  Maximized natural & hybrid ventilation ‣  Modern LED Light Fixtures ‣  Loft Style Homes ‣  Sustainable Bamboo Flooring ‣  Digital Programmable Thermostats ‣  Energy-Efficient Heating & Cooling ‣  Water sub-meteringCommunity Amenities: ‣  Business Center ‣  Yoga Studio with iFit Reflective Trainer ‣  Landscaping features hardy, native vegetation ‣  Gated Garage Parking with Motorcycle & Tandem Lift Parking Available ‣  Rooftop Deck & Lounge with breathtaking Views of Puget Sound & Mt. Rainier ‣  Non-Smoking building ‣  Nearby Zipcar and Public Transportation ‣  Secured Access Building ‣  Outdoor Firepits & BBQ's in the Outdoor Kitchen ‣  Impressive State-of-the-Art - 24-Hour Fitness Center  ‣  Vegetated Green Roof - reduces water run-off & store for future watering ‣  Water-Conserving irrigation systems ‣  Bike Storage with Work Bench/Station & Street Access ‣  Walk or Bike to work, the waterfront or downtown ‣  2 Grand Community Lounges - Reservable for Private Events ‣  Rooftop Pet Lounge ‣  Package Lockers ‣  Electric Vehicle Charging StationsPet Policy:Pet Friendly! We Welcome up to 2 Animals per Home. Pet Deposit $300 Pet Rent (Dog) - 1st dog $50, 2nd dog $75 per month Pet Rent (Cat) - 1st cat $35, 2nd cat $50 1 dog & 1 cat is $100 for both pets No Weight Limits. However, Breed Restrictions Apply. Income Requirements:Gross income must be at least 2.5 times the rent. Rent to income ratio is also a factor. Office Hours:Monday-Saturday: 10:00AM-6:00PMSunday: 10:00AM-5:00PMJoseph Arnold Lofts 62 Cedar St, Seattle, WA, 98121Photos and/or floor plans shown are representational and may not depict the exact layout or features of the available unit. If currently occupied, the individual unit you've selected may not be available to tour. Please contact our leasing team with any questions.Equal Housing Opportunitym2tBHuMddti"	https://seattle.craigslist.org/see/apa/d/seattle-hardwood-flooring-efficient-hot/7703203961.html
7703203712	24-Hour Emergency Maintenance, Playground, Outdoor Basketball Hoop	2467	north seattle	blacklisted_description	Bothell	(47.828638, -122.209161)	False	"Waterstone at Silvercreek1805 186th Pl SE , Bothell , WA, 98012Call Now -  show contact info
 x 35Visit This Website to See More:https://thrive.touraptnow.com/18g0vtLook and lease live Rent Free until 2024!!2 bedroom | 2 bath | 1011 square feetFeatures: ✓  Vaulted Ceilings Available* ✓  Energy Efficient Windows ✓  Upgraded Modern Lighting ✓  Designer Paint ✓  Washer & Dryer in Every Unit ✓  Private Patios & Balconies with Storage ✓  Craftsman–Style Doors & Trim ✓  Dishwasher/Disposal ✓  Wood Burning Fireplace ✓  Modern Maple Cabinetry ✓  High-end Flooring ✓  Ample Storage Throughout ✓  Stainless Steel Appliances* ✓  Custom Countertops ✓  Pre-Wired for Phone, Cable and Internet ✓  Walk-in Closets* ✓  Stain Nickel HardwareCommunity Features: ✓  24-Hour Emergency Maintenance ✓  Dog Park w/ Agility Track ✓  Nature Trails (Leads to Silver Creek & North Creek Parks)  ✓  Yoga/Dance Studio ✓  Professional On-Site Staff ✓  Minutes away from Parks, Restaurants, Entertainment, Shopping & More! ✓  Elegant Community Center w/ Shuffleboard, TV & Dual-sided Fireplace ✓  Heated Outdoor Pool ✓  Conveniently Located Between Mill Creek Town Center & Canyon Park ✓  Poolside Seating, Lounge Chairs & BBQ's  ✓  Outdoor Basketball Hoop ✓  Playground ✓  State-of-the-art Fitness Center ✓  Covered Carports & Garages Community Info:Welcome Home to Waterstone at Silver Creek, Where Price and Perfection Come Together. Our 1, 2, and 3 bedroom apartment homes have been updated and upgraded with condo-style quality at an exceptional value.Pet Policy:We are a pet friendly community with an off-leash dog park and lots of walking trails. The Pet Deposit is $300 (per pet) and a $300 Pet Fee + Pet Rent. 2 Pets Max. There are some breed restrictions but no weight limits. Please contact our office for more details! Income Requirements:2.5 Times Rent (Gross Income)Office Hours:Monday, Wednesday and Friday:9:00AM-6:00PMTuesday and Thursday: 10:00AM-6:00PMSaturday:10:00AM-5:00PMSunday:12:00PM-5:00PM Photos and/or floor plans shown are representational and may not depict the exact layout or features of the available unit. If currently occupied, the individual unit you've selected may not be available to tour. Please contact our leasing team with any questions.Equal Housing Opportunity77n4kmSbsm"	https://seattle.craigslist.org/see/apa/d/bothell-24-hour-emergency-maintenance/7703203712.html
7703203669	Laundry Facilities, Dining Room, Dishwasher, Microwave	2740	burien	blacklisted_description	Burien	(47.463221, -122.328475)	False	"ONE MONTH FREE ON SELECTED HOMES  Welcome to Cambridge Square South3 bedroom | 2 bath | 1400 square feetWant more information on this unit? See link (below):https://thrive.touraptnow.com/04x044Welcome to Cambridge Square South Apartments!Call Now -  show contact info
 x 122 Community Info:Welcome home to Cambridge Square South Apartments! You will love the cozy atmosphere of our English Tudor architecture and Victorian courtyard community. The detailed decor has been carefully preserved.Our staff goes the extra distance to make sure your needs and wants are met in a timely manner. We offer online rent payments and work requests through our rental portal with RentCafe.We are very conveniently located 3.8 miles west of Seatac Airport which makes traveling by plane a breeze. Enjoy the unique restaurants just 1.1 miles away in Olde Burien and visit the new library. Leave the car at home and use the rapid ride metro conveniently located right outside our community or light rail stations just 3.5 miles away.Stay home and enjoy our two resort style swimming pools open each Summer, relax and bask in the season. All of our apartment homes have outdoor space such as balcony or patios for your enjoyment.Video tours and pictures are available upon request.Residence Features: ✩  Walk-In Closets ✩  Storage Units ✩  Large Bedrooms ✩  Spacious Living Room ✩  Dining Room ✩  Spacious Kitchen ✩  Trash Compactor ✩  Microwave ✩  Window Coverings ✩  Washer/Dryer - In Homes* ✩  Double Pane Windows ✩  Oven ✩  Dishwasher ✩  Wood Burning Fireplaces* ✩  Tile Floors ✩  Cable Ready ✩  Double Vanities* ✩  Tub/Shower ✩  Plush Carpet ✩  Refrigerator ✩  Disposal ✩  Wheelchair Accessible (Rooms) ✩  Heating ✩  Large Pantries ✩  Linen CloseCommunity Features: ✩  Storage Space ✩  3.8 Miles From Sea-Tac International Airport ✩  Two Indoor Pool Cabanas  ✩  Recycling ✩  11 Miles From Downtown Seattle ✩  Laundry Facilities ✩  Two Garden Style Courtyards ✩  Bike Storage ✩  24/7 Emergency Maintenance ✩  1.1 Miles From Downtown Old Burien ✩  Two Resort Style Swimming Pools ✩  0.9 Miles From Nearest Grocery Stores ✩  Spacious Balconies and PatiosPet Policy:Cats Allowed Dogs Allowed $250 Pet Deposit $250 Pet Fee Driving Directions:From I-5 north or southbound, take the Highway 518 exit heading west, at the Southcenter junction in Tukwila. From I-405, just follow southbound through Tukwila and I-405 turns into Highway 518 heading west. Follow 518 past airport exits and take Des Moines Memorial Dr. exit. Take left at stop sign and follow to 8th Ave S. Take left at 8th Ave S. and follow to S. 156th St.. Take right at light onto S. 156th St. and follow 100 yards to Cambridge Square Apartments on your left, across from Moshier Memorial Park. You won't miss the beautiful clock tower and entrance sign.Office Hours:Monday, Wednesday, Friday:9:00AM-6:00PMTuesday & Thursday 10:00AM-6:00PMSaturday & Sunday :10:00AM-5:00PM Photos and/or floor plans shown are representational and may not depict the exact layout or features of the available unit. If currently occupied, the individual unit you've selected may not be available to tour. Please contact our leasing team with any questions.Equal Housing OpportunityO0vJs11WPo"	https://seattle.craigslist.org/see/apa/d/seattle-laundry-facilities-dining-room/7703203669.html
7703203666	Playground, Fireplace, Carpeting, Clubhouse	2000	seattle	blacklisted_description	seattle	(47.502561, -122.336668)	False	"Sunset Park11202 2nd Lane SW, Seattle, WA, 98005Visit This Website to See More:https://amc.touraptnow.com/v68i1mCall Now -  show contact info
 x 208OR Text 208 to  show contact info
 to contact our team.FIRST MONTH RENT FREE IF YOU APPLY TODAY- Sunset Park Apartments!!2 Bedroom, 2 Bath | Approximately 970 Sq. Ft.Community Info:Welcome home to Sunset Park Apartments where convenience and comfort maximize your lifestyle. With private patios or balconies, fireplaces, an in-unit washer and dryer, and sophisticated finishes, our pet-friendly 1 and 2-bedroom apartments in Seattle, WA, have everything you need to step into a life of ease in a place that instantly feels like home. With close access to a variety of restaurants, shops, parks, and entertainment, you can step into the local lifestyle right outside your door. Here, the perfect combination of nature and contemporary city life is yours. Spend weekends exploring local hiking trails, golfing with friends at nearby courses, or taking a short drive to explore downtown Seattle. Enjoy close proximity to Glen Acres Golf & Country Club, Salmon Creek Ravine Park, and all the scenic beauty the area has to offer. Grab a bite to eat or your favorite brew at Dubsea Coffee, Proletariat Pizza, or Future Primitive Brewing, and fall in love with our friendly community. Choose Sunset Park for the lifestyle you’ve been searching for. Join us today! Unit Highlights ✧  If you apply this week, we will give you your first month rent free when you move in! ✧  Carpeting ✧  Fireplace ✧  Refrigerator ✧  Dishwasher ✧  Patio / Balcony ✧  Cable Ready ✧  Window Coverings ✧  Washer / DryerCommunity Highlights ✧  Pool ✧  Beautiful Landscaping ✧  Garage ✧  Fitness Center ✧  Professional On-Site Management ✧  Recycling ✧  Clubhouse ✧  Playground ✧  Controlled Access/GatedPet PolicyDogs & Cats Allowed Income RequirementsShow proof of income of 2.5x the rental amount. We can take paystubs, investments, bank statements, and/or an offer letter from your employer. Prices are subject to change, based on availability and qualification of the applicant, additional fees may apply.Equal Housing OpportunityDoKzMTnxD7H"	https://seattle.craigslist.org/see/apa/d/seattle-playground-fireplace-carpeting/7703203666.html
7702715077	Close To Downtown, Transit, & Parks! Newly Renovated, Modern Apts!	1742	renton	blacklisted_description	95 Burnett Ave S, Renton, WA	(47.483106, -122.208255)	False	"95 Burnett Ave S, Renton, WA 98057Welcome to 95 Burnett Apartments, an intimate community with a charming atmosphere. Our apartment community is located in Downtown Renton, Washington a vibrant neighborhood brimming with boutique shops, restaurants and parks, all within walking distance from your front door. Choose from eight spacious floor plans with studio, one, two and three bedroom options including two level townhomes. Each home is tailored with amenities such as hardwood floors, 9 ceilings, private balconies/patios, fully equipped kitchens with granite countertops, in-home washer and dryer and select homes feature vaulted ceilings. Plus, enjoy our year round firepit and BBQ gazebo and play ping pong, cornhole, or putt-putt golf with your friends, family or neighbors on our second floor patio deck!,Living at 95 Burnett Apartments in Renton gives you easy access to I-405, and we are just a few miles from Tukwila Station for a quick commute to Seattle and Tacoma on the Sounder train. Flying out for business or pleasure?  We're just six miles from Seattle-Tacoma International Airport.  Our convenient location also puts you within minutes to Boeing, Renton Landing, Southcenter Mall, Gene Coulon Memorial Beach Park and Cedar River Park. Wed love to have you call 95 Burnett your new home. Give us a call to schedule your tour today!,Unit Amenities:All-electric KitchenBreakfast BarCarpeted FloorsCovered Parking GarageDen or Study*GarageHardwood FloorsMini BlindsRefrigeratorTrack and Pendant Lighting*In Select HomesCommunity Amenities:Pet-friendly staff (with dog treats in the office)CourtyardClose to shoppingSoaker tubCopy and fax servicesSpacious floorplansCall:  show contact info
For more information, visit us at: https://livecushwake.com/smataz3l/95-burnett*Equal housing opportunity*"	https://seattle.craigslist.org/see/apa/d/renton-close-to-downtown-transit-parks/7702715077.html
7703203150	Underground Parking, Interior Skylounge, Designer Quartz Counters	3385	queen anne	blacklisted_description	Lower Queen Anne - Uptown	(47.622492, -122.359251)	False	"4 Weeks Free Rent! Kirin 417 2nd Ave W, Seattle, WA, 98119Call Now -  show contact info
 x 202OR Text 202 to  show contact info
 to contact us.More unit details at:https://blantonturner.touraptnow.com/LLLxe7Uptown Living, Artfully Inspired2 bedroom | 2 bath | 801 square feetFeatures: ✓  In-Unit Washer & Dryer ✓  Full Tile Shower Surround ✓  Kitchenaid Appliances ✓  Designer Quartz Counters ✓  Floor-to-Ceiling Windows ✓  Sleek Black Cabinetry ✓  Wood Flooring Throughout ✓  Porcelain Tile Backsplash ✓  Air Conditioning ✓  Luxury Roller Window Shades ✓  Skyline Y Mount Rainer Views ✓  Luxury Vinyl*In select apartmentsCommunity Features: ✓  Open-Air Rooftop Lounge ✓  Underground Parking ✓  Pet-Friendly Stunning Views ✓  Coworking Lounge ✓  Fitness Room ✓  Bike Storage ✓  Interior Skylounge ✓  Rotating Art GalleryCommunity Info:It’s colorful; it’s neutral. It’s exciting; it’s relaxing. It’s home. Welcome to Uptown’s newest address, where each apartment is a canvas, awaiting your creation.Pet Policy:Kirin Apartments is a pet-friendly community! Income Requirements:MFTE home - 75% AMI. Must make $36,230/year or less to qualify. Equal Housing OpportunityrCy3GrVCxNWA"	https://seattle.craigslist.org/see/apa/d/seattle-underground-parking-interior/7703203150.html
7703203008	Designer Features, Juliet Balcony, Rooftop View Deck	1971	interbay	blacklisted_description	Interbay	(47.64745, -122.377439)	False	"Contour3036 16th Ave W, Seattle, WA, 98119Call Now -  show contact info
 x 20Follow This Link for More Information:https://thrive.touraptnow.com/661723ADVENTURE STARTS HERE1 bedroom | 1 bath | 804 square feetFeatures: ✓  Kitchen Island ✓  Berber Carpeting ✓  Designer Kitchens ✓  Air Conditioning  ✓  Whirlpool Washer & Dryer ✓  Juliet Balcony ✓  USB Charging Outlets ✓  Solid-Surface Counters ✓  Hardwood Flooring ✓  Smart Home Integrations w/ Alexa and Mysa Thermostat ✓  Stainless Steel Appliances ✓  Pre-Wired for High speed Internet & Cable ✓  Garbage Disposal ✓  Built-In Microwave ✓  Upgraded Faucets ✓  Ice MakerCommunity Features: ✓  Community Lounge w/ Coffee Bar & Private Working Spaces ✓  Garage Parking ✓  Pet Friendly w/ Dog Run ✓  Fetch Package Delivery Service ✓  Recycling Center & Trash Chutes ✓  Rooftop View Deck ✓  Designer Features ✓  24 Hour Fitness Center ✓  Controlled Entry ✓  High-End Finishes ✓  BBQ Area & Rooftop Lawn w/ Lawn GamesCommunity Info:WELCOME TO CONTOUR AT INTERBAYLike the contour lines on a top of a map, life features peaks and valleys, scenic rest spots, mellow routes and inspiring climbs to the top for unique perspective. Whether it’s a kayak trip through the ship canal, trail running in Discovery Park, or happy hour aboard electric boats in Lake Union—your next adventure starts here.Whether you happily camp out in the comfort of your well-appointed home, hit the town for meetings and nightlife, or plot a powder weekend at the pass, Contour is the perfect jumping off point for work and play.Pet Policy:Cats & Dogs Allowed 2 Pet Limit Per Home $300 Pet Deposit Per Pet (refundable at move-out) $50 Cat Rent $50 Dog Rent *Please call for details Office Hours:Monday: 9:00AM-6:00PMTuesday: 10:00AM-6:00PMWednesday: 9:00AM-6:00PMThursday: 10:00AM-6:00PMFriday: 9:00AM-6:00PMPhotos and/or floor plans shown are representational and may not depict the exact layout or features of the available unit. If currently occupied, the individual unit you've selected may not be available to tour. Please contact our leasing team with any questions.Equal Housing OpportunitySLx9JqCEgp36"	https://seattle.craigslist.org/see/apa/d/seattle-designer-features-juliet/7703203008.html
7703202947	In select homes*, Sky Lounge, Hammock Area, 24-hour Fitness Center	1723	south seattle	blacklisted_description	Seattle/Othello/South Seattle/Columbia City/SoDo	(47.537121, -122.281135)	False	"This is a 1 Bedroom, 1 Bath, Approximately 511 Sq. Ft. Interested in more information? Visit link below:https://thrive.touraptnow.com/doz027South Seattle Premier Apartments! Stylish Homes with Modern Conveniences! A Commuter's Dream!Call Now -  show contact info
 x 166 Community Info:Live in one of the newest South Seattle apartments for rent, with a style all its own, celebrating a vibrant mix of individuality and culture. Assembly118 features a mix of modern and well-appointed studio, one and two-bedroom apartment homes that are designed to complement your unique identity. Feel at home with upscale amenities including the sky-lounge, a dog-friendly rooftop chill-zone with a resident garden, firepit, and sundeck and so much more.Residence Features: ✩  Luxury plank vinyl & carpets in bedrooms ✩  Stainless steel appliances ✩  Juliet balconies* ✩  Glass top stoves ✩  Full sized washer & dryer ✩  In select homes* ✩  Quartz countertops ✩  A/C air ports* ✩  LED track lighting ✩  Wrap around decks* ✩  Floor-to-ceiling windows* ✩  Walk in closets* ✩  Subway-tile backsplashCommunity Features: ✩  Rooftop Gardening Pea Patches ✩  Game Hall ✩  Hammock Area ✩  Two Large Format BBQs ✩  Fetch Package Delivery* - applicable charge may apply; inquire with Leasing Team ✩  Two Rooftop Pet Parks ✩  Chef's Kitchen ✩  24-hour Fitness Center ✩  Bicycle Workspace & Storage ✩  Sky Lounge ✩  Light Rail Steps Away - Othello StationPet Policy:No weight limit Restricted breeds: Rottweiler, Pitbull / American Staffordshire Terrier, Doberman, Cane Corsos $300 Refundable Pet Deposit Due at Move In $50/month for dogs $35/month for cats Income Requirements:Combined income of 2.5 times the rentDriving Directions:Walk Score 73 — Very Walkablehttps://www.walkscore.com/score/4200-South-Othello-Street-Seattle-WA-98118Office Hours:Monday-Friday: 10:00AM-6:00PMSaturday-Sunday: 10:00AM-5:00PMPhotos and/or floor plans shown are representational and may not depict the exact layout or features of the available unit. If currently occupied, the individual unit you've selected may not be available to tour. Please contact our leasing team with any questions.Equal Housing Opportunity0liMsHSc2Fy"	https://seattle.craigslist.org/see/apa/d/seattle-in-select-homes-sky-lounge/7703202947.html
7703202869	Close to Everything, Far From Ordinary! Beautiful and Spacious!	2149	seattle	blacklisted_description	10500Meridian Ave N St Seattle WA 98133	(47.705541, -122.333737)	False	"One Month Free  Welcome to The Galleria2 bedroom | 1.5 bath | 1000 square feetUse the link below for more details:https://avenue5.aptfeatures.com/55ka34You're here. You're home. You're happy.Call Now -  show contact info
 x 157OR Text 157 to  show contact info
 to text us. Community Info:Stylish living at an affordable price right here at The Galleria Apartment Homes! We are at the prime location of the heart of North Seattle just 5 minutes (like literally) from the Northgate Light Rail Station & minutes from Downtown Seattle. The Galleria features apartment homes with spacious living space and lots of storages. Take advantage of our fully-equipped 24-hour fitness center, sparkling seasonal swimming pool, media room with entertainments or our clubhouse lounge with free Wi-Fi. Welcome home to The Galleria Apartments!Check us out on our social media:Facebook: www.facebook.com/thegalleriaapartments/Instagram: www.instagram.com/galleriaapartments/Residence Features: ✩  Electronic Thermostat ✩  Wheelchair Access ✩  Storage Rooms ✩  Refrigerator ✩  Large Closets ✩  Build-in Shelves ✩  Private Patio/ Balcony ✩  Disposal ✩  Carpeting/ Hardwood Floor ✩  Cable Ready ✩  DishwasherCommunity Features: ✩  Media Room with Entertainments ✩  Business Center with Wi-Fi Lounge ✩  On-Site Laundry Facilities ✩  Recycling ✩  Pets Friendly ✩  Access Code Package Lockers ✩  On-Site Maintenance ✩  24-hour Fitness Center ✩  BBQ Grills/ Picnic Area ✩  Seasonal Swimming Pool ✩  Clubhouse ✩  On-Site Management ✩  Landscaped Courtyard ✩  High Speed Internet ✩  Doggie Park ✩  ElevatorsPet Policy:Pet Friendly Community. Income Requirements:Applicants are required to make 3x the rent to income qualify. Guarantors must 6x the monthly rent.Driving Directions:Located on the East side of the I-5, exit 173 to Northgate Way with close proximity to North Seattle College, just off of Meridian Avenue North.Office Hours:Monday-Friday:9:00AM-6:00PMSaturday-Sunday:10:00AM-5:00PM Equal Housing OpportunityNorth Seattle Northgate Northwest Hospital University of Washington North Seatle College Amazon Boeing Downtown Seattle Link Lightrail UXgLz2TCHAI"	https://seattle.craigslist.org/see/apa/d/seattle-close-to-everything-far-from/7703202869.html
7703202249	Views, Fireplace, Tiled Floors, Gym	2481	capital hill	blacklisted_description	Seattle	(47.6116, -122.3056)	False	"2 bedroom | 2 bath | 957 square feetInterested In This Unit? Use this link for more details:https://thrive.touraptnow.com/926928LIfe, Well-RoundedCall Now -  show contact info
 x 166 Community Info:From the avant-garde design of the leasing office to an on-site grocery store, Summit at Madison Park offers boutique resident spaces that are far from ordinary. If an active lifestyle is your thing, you will appreciate the on-site gym that includes state-of-the-art strength and cardio equipment. To get social, head up to one of the rooftop decks to grill alongside sweeping downtown Seattle and mountainous views or venture over to the community lounge for a movie night.Residence Features: ✩  Microwave ✩  Plank Flooring * ✩  Decks or Patios ✩  Apply now and earn 8 weeks FREE! Hurry while the offer lasts! Contact our leasing office for full details on this limited time special only on select homes! ✩  Washer & Dryer ✩  Tiled Floors ✩  Fireplace ✩  Ice Maker ✩  Granite Counters* Only available in select unitsCommunity Features: ✩  Guest Suite ✩  Package Lockers ✩  Pet Area ✩  Public Transportation ✩  Roof Deck ✩  Gym ✩  Views ✩  Elevators ✩  BBQs ✩  Media Room ✩  Parking Garage ✩  Storage ✩  Community Lounge ✩  Grocery StorePet Policy:Summit at Madison Park is a pet-friendly community! Office Hours:Monday-Friday: 9:00AM-6:00PMSaturday: 10:00AM-5:00PMPhotos and/or floor plans shown are representational and may not depict the exact layout or features of the available unit. If currently occupied, the individual unit you've selected may not be available to tour. Please contact our leasing team with any questions.Equal Housing OpportunitymehKpHFT2zA"	https://seattle.craigslist.org/see/apa/d/seattle-views-fireplace-tiled-floors-gym/7703202249.html
7703201836	Wood-Style Flooring, Stacked Full-Size Washer/Dryer	2008	west seattle	blacklisted_description	West Seattle	(47.563856, -122.375754)	False	"Aura West Seattle4435 35th Ave SW, Seattle, WA, 98126Visit This Website to See More:https://greystar.leasehomenow.com/32uur4Call Now -  show contact info
 x 290OR Text 290 to  show contact info
 to text our team directly.AS YOU LIKE IT.1 Bedroom, 1 Bath | Approximately 735 Sq. Ft.Community Info:Aura West Seattle is a luxurious community featuring studio, one and two-bedroom apartments along with townhomes for rent. From industrial-style live/work studios to townhomes and sixth-floor apartments with penthouse finishes, you will find exactly the home to suit your needs. The Aura West Seattle community is an oasis of comfort for all personalities and is a place where your lifestyle can be as relaxed or as busy as you wish. Unit Highlights ✧  Under-Mount ""Farm Style"" Sink ✧  Custom Cabinetry with Soft-Close Doors and Drawers Offered in Two Color Schemes ✧  Quartz Countertops ✧  A Must See ✧  Walk-In Closets* ✧  Private Patios or Balconies* ✧  Expansive Floor-to-Ceiling Windows ✧  Kitchens Designed for the ""Foodie"" ✧  Wood-Style Flooring ✧  Modern Urban Residences ✧  Stainless Steel Appliances ✧  Unique Live/Work Units ✧  Soaring 10' Ceilings at Penthouse Level ✧  Stacked Full-Size Washer/Dryer  ✧  Amazing Seattle Skyline Views* ✧  Lux Finishes Throughout ✧  Spring Pull Down Faucet*Modern Lighting Throughout Apartment*2"" Window Coverings Throughout*Custom Carpeted Bedrooms*Pendant Lighting Over Kitchen Bars/Islands* In select apartmentsCommunity Highlights ✧  Fitness Center with Cardio Theater and Free Weights ✧  Bike Storage ✧  Rooftop Pet Park ✧  24-7 Parcel Package Lockers ✧  Pet Washing Station ✧  Tour Today ✧  Access to West Seattle Hill Climb ✧  Personal Gardening Spaces ✧  Multi-Level Parking Garage ✧  Uber-Chic Rooftop Deck ✧  RapidRide Stop Right Outside The Front Door ✧  Resident Lounge and Social Gathering Area with Coffee Bar ✧  Close to Downtown*WiFi in All Common Areas*Climate Controlled Interior Corridors*Multi-Size Storage Lockers Available *Grilling Stations*24-Hour Maintenance Emergency Service*Social Gathering SpacesOffice HoursMonday-Saturday:9:00AM-6:00PM**Photos in this ad may be of other units available We do not accept Comprehensive Reusable Tenant Screening Reports as defined by and pursuant to RCW 59.18.* Floor plans are artist’s rendering. All dimensions are approximate. Actual product and specifications may vary in dimension or detail. Not all features are available in every rental home. Pricing and availability are subject to change. Rent is based on monthly frequency. Additional fees may apply, such as but not limited to package delivery, trash, water, amenities, etc. Deposits vary. Please see a representative for details.Equal Housing Opportunity7kO7sCUfz6"	https://seattle.craigslist.org/see/apa/d/seattle-wood-style-flooring-stacked/7703201836.html
7703199616	3/bd 2/ba, Full-Size Washer & Dryer, Located in Seattle	2082	lake city	blacklisted_description	12548 Lake City Way NE, Seattle, WA	(47.720578, -122.293712)	False	"12548 Lake City Way NE, Seattle, WA 98125WELCOME TO POLARIS AT LAKE CITYPolaris at Lake City is a brand new affordable community near the beautiful Seattle waterfront. Our purpose is to be more than just an apartment community, but rather enhance our resident’s way of life. We want to provide a lifestyle for our residents that fosters ongoing education, holistic health enhancements, personal assistance, and preventative support.There’s so much to discover in this affordable community in the heart of Seattle, Washington!Let us be your guiding star.The landlord will not accept a comprehensive reusable tenant screening report made available to the landlord by a consumer reporting agency.Apartment Features:Stylish Studio, 1, 2 & 3 Bedroom HomesFull-Size Washer & DryerFully Equipped Kitchens With Stainless Steel AppliancesSpacious Bedrooms With Large ClosetsLuxury Vinyl Plank Flooring ThroughoutCarpeting In BedroomsCommunity Features:Community Multi Purpose RoomFitness CenterMovie TheaterGame RoomInternet CafeInternal MailroomEnclosed Private CourtyardPlaygroundInterior Bike StorageOn-Site ParkingPet Friendly CommunityEasy Access to Transit, Retail, ShoppingNon-Smoking CommunityCall:  show contact info
For more information, visit us at: https://liveataxisresidential.com/jgiae6pq/polaris-at-lake-cityPricing and availability are subject to change."	https://seattle.craigslist.org/see/apa/d/seattle-bd-ba-full-size-washer-dryer/7703199616.html
7703201583	Amazing Fitness Center, EV Charging Stations, Tour Today, Bike Room	2402	downtown	blacklisted_description	Beltown	(47.611598, -122.345089)	False	"This is a 1 Bedroom, 1 Bath, Approximately 532 Sq. Ft. Follow This Link for More Information:https://greystar.leasehomenow.com/76si99Call Now -  show contact info
 x 209OR Text 209 to  show contact info
 to text our team.Welcome Home to Elara at the MarketCommunity Info:Live your dreams at Elara at the Market, an inviting community delivering an elevated approach to modern living in Belltown. These Seattle apartments combine top-notch interior finishes with an extravagant amenity collection that anticipates your every need. With proximity to Pike Place Market and Amazon, along with numerous eateries and shops, Elara at the Market takes urban living to the next level.Call today.Features: ‣  Extra large Closets ‣  Check out our Photos ‣  Gorgeous Views ‣  Fully Equipped Kitchens w Stainless ‣  Washer/Dryer in unit ‣  A Must See ‣  Hardwood Floors ‣  High Ceilings*Extra Storage*Patio/Balcony*Electronic Thermostat*Amenities may vary and are subject to change at any time*Wheelchair AccessCommunity Amenities: ‣  Bike Room ‣  Sip, Elev8 and Engage Lounges ‣  Amazing Fitness Center ‣  Tour Today ‣  Secure Parking ‣  Dog Park & Woof Spa ‣  EV Charging Stations ‣  24-Hour Amazon Hub ‣  Exhale Rooftop Terrace*Network Business Center*On-Site Maintenance*Stratus Smart Locks*Butterfly MX Building Entry System*LEED Gold Certified*Outdoor Cooking Area with Two BBQsPet Policy:Max 2 allowed Restrictions: Breed Restrictions Apply Office Hours:Monday-Friday:9:00AM-6:00PMSaturday and Sunday: 10:00AM-5:00PM**Photos in this ad may represent other units available. Elara at the Market2134 Western Avenue, Seattle, WA, 98121 We do not accept Comprehensive Reusable Tenant Screening Reports as defined by and pursuant to RCW 59.18.* Floor plans are artist’s rendering. All dimensions are approximate. Actual product and specifications may vary in dimension or detail. Not all features are available in every rental home. Pricing and availability are subject to change. Rent is based on monthly frequency. Additional fees may apply, such as but not limited to package delivery, trash, water, amenities, etc. Deposits vary. Please see a representative for details.Equal Housing Opportunity23FIGS1HllNi"	https://seattle.craigslist.org/see/apa/d/seattle-amazing-fitness-center-ev/7703201583.html
7703201529	Gorgeous Loft Home Available NOW, Balconies with Belltown Views!	2016	belltown	blacklisted_description	Belltown	(47.612528, -122.348424)	False	"8 WEEKS FREE ON SELECT HOMES! ArtHouse Apartments 2334 Elliott Ave, Seattle , WA, 98121Call Now -  show contact info
 x 76Use this link for more info:https://thrive.touraptnow.com/729wo5Modern Apartments In Downtown Seattle1 bedroom | 1 bath | 644 square feetFeatures: ✓  Spacious Homes With Views! ✓  In-Suite, Front-Loading Washers and Dryers ✓  Balconies with Belltown Views! ✓  Views That Will Impress ✓  Natural Stone Backsplashes and Stainless Steel Appliances ✓  Live/Work Lofts with Exterior Entry For Privacy and Convenience ✓  Gorgeous Loft Home Available NOW ✓  Chic Chef Kitchens with Contemporary CabinetryCommunity Features: ✓  Fireside Lounging and Rooftop Grilling ✓  Premium Fitness Studio Featuring Cardio Equipment and Individual Entertainment Systems  ✓  Artfully Landscaped Terraces ✓  Panoramic Views of the Olympic Mountain Range & Mt. Rainier  ✓  Spacious Homes with Water Views ✓  Plenty Of Storage! ✓  Spectacular View of the Space Needle & Seattle SkylineCommunity Info:WELCOME TOArtHouse Apartments SeattleDiscover our premier apartment community, ArtHouse, in Seattle, WA. This vibrant community in the Belltown neighborhood is close to high end restaurants and boutique local stores. All of our apartments are pet friendly as well! Take a closer look at everything we have in store for you!When you choose one of our Seattle Downtown apartments, you get more than a place to live -- you get a place to relax and proudly call home. Whether you select one of our studio, one, two bedroom apartments, your experience will be just as sweet. Each of our apartment homes have been crafted with style and are fully equipped with expansive floor-to-ceiling windows, stunning views of Puget Sound, and in-suite washer and dryers. Designed to create the perfect living environment, our community offers the ambiance that you will be happy to return to every day. With you in mind, we offer community amenities that you will love, including a fresh-air pet patio, on-site storage, and controlled access building entry and parking system. Add in our helpful management team, and your apartment living experience becomes complete. Your new home at ArtHouse is only a short distance from Downtown Seattle, with Olympic Sculpture Park, Seattle Art Museum, and Westlake Center only a few easy minutes away. Our apartments are located at 2334 Elliott Ave, with quick access to State Route 99 and I-5 Express Your daily commute is also a breeze, thanks to our proximity to Virginia Mason Medical Center, Northeastern University, and University of Washington. Discover more when you come for a visit -- call today!Pet Policy:Dogs & Cats Allowed Max 2 Allowed Rent $50 Max weight 75 lb each Dog Restrictions: Breed Restrictions Apply A pet deposit of 25 % of one (1) month's rent per pet. Office Hours:Monday-Saturday: 9:00AM-6:00PMPhotos and/or floor plans shown are representational and may not depict the exact layout or features of the available unit. If currently occupied, the individual unit you've selected may not be available to tour. Please contact our leasing team with any questions.Equal Housing Opportunity4KkS3sKwV"	https://seattle.craigslist.org/see/apa/d/seattle-gorgeous-loft-home-available/7703201529.html
7703201479	Offering FREE RENT!!	2725	bellevue	blacklisted_description	seattle	(47.554762, -122.121663)	False	"This is a 2 Bedroom, 2 Bath, Approximately 1112 Sq. Ft. See our property details here:https://amc.touraptnow.com/ctd2yrCall Now -  show contact info
 x 97OR Text 97 to  show contact info
 to contact our team.Luxury Apartments in Bellevue, WashingtonCommunity Info:Ready to embrace vacation-inspired living in Bellevue, WA? The modern one, two, and three bedroom apartments at Overlook at Lakemont come in a variety of spacious, pet-friendly floor plans for rent in King County near Issaquah. This quiet suburban oasis is just minutes from I-90 and a host of shops, restaurants, and recreation destinations. Our interiors were designed to elevate and streamline your day-to-day with features that are equal parts form and function, like walk-in closets, a fireplace, and a private patio or balcony, while our onsite amenities like a swimming pool and hot tub will help you kick back and relax. Live it up, wind it down, or take life at whatever pace you desire – your new home delivers the lifestyle you’ve been searching for.Experience your best life at Overlook at Lakemont.Features: ‣  Fireplace ‣  Full-Size Washer & Dryer ‣  Quartz Breakfast Bar ‣  Ceiling Fan ‣  Walk-In Closets ‣  Bay Windows ‣  Dishwasher ‣  Private Patio or BalconyCommunity Amenities: ‣  Sundeck & Outdoor Lounge Area ‣  Swimming Pool  ‣  24-Hour Fitness Center ‣  Pet-Friendly ‣  Fire Pit w/ Lounge Seating ‣  Outdoor BBQ Area ‣  24-Hour Management & Maintenance ‣  Pet Wash Station ‣  Playground ‣  Bike Repair Station ‣  Online Rental PaymentsPet Policy:At Overlook at Lakemont, we know just how much you love your furry friends. Our spacious layouts and light-filled rooms are the perfect place for your pets. As a pet-friendly community in Bellevue, Washington, we encourage you to bring your canine or feline friends with you. Breed restrictions: Pit Bulls (Bull Terriers or American Staffordshire Terriers), Rottweilers, German Sheperds, Doberman Pinschers, Chow Chows, Akitas, and Huskies, full blood or mixed at any percentage are PROHIBITED from residing at this community. For more information on our pet policy, contact our friendly leasing team today. Income Requirements:Three times the rent monthlyOffice Hours:Monday-Friday: 9:00AM-6:00PMSaturday: 10:00AM-5:00PMOverlook at Lakemont5305 Lakemont Blvd SE, Bellevue, WA, 98006 Prices are subject to change, based on availability and qualification of the applicant, additional fees may apply.Equal Housing OpportunitywsiZ5HGk"	https://seattle.craigslist.org/see/apa/d/bellevue-offering-free-rent/7703201479.html
7703201418	In home washer and dryer, Storage, Corn hole	2640	capitol hill	blacklisted_description	Central District, near Capitol Hill!	(47.6116, -122.3056)	False	"This is a 2 Bedroom, 1 Bath, Approximately 889 Sq. Ft. Use the link below for more details:https://thrive.touraptnow.com/0w02taCall Now -  show contact info
 x 96Welcome to Union 18 Apartments in Seattle, WACommunity Info:Inspired by Capitol Hills retro style, Union 18 is focused on functionality and passion for life. The sixties period architecture offers spacious layouts with large bedrooms and well accommodating living rooms. Each home is outfitted with modern plank flooring, broadloom carpets, energy efficient lightning, in home Washer/Dryer and large private patio. The chef style kitchens make it ideal for entertaining by offering full size stainless steel appliances, stone counter top prep station, subway tile back splash and under-cabinet LED lighting. Enjoy the features of this walkable, bike friendly and bus accessible neighborhood. Everything you need is at your fingertips with the best restaurants, hottest venues, and the hippest attractions just a few blocks away. Union|18 provides quick access to all Seattle destinations, so don’t wait, become a part of the most sought-after living location in Seattle today!Features: ‣  Dishwasher ‣  Stylish two-tone cabinetry ‣  Energy-efficient lighting throughout ‣  Large Closets ‣  Modern Finishes ‣  Large private patio or balcony ‣  Hardwood Floors ‣  Subway tile kitchen backsplash ‣  Under-cabinet LED lighting ‣  Large and/or walk-in closets (select homes) ‣  Stainless Steel Appliances ‣  Storage ‣  Chef Style Kitchens ‣  Washer/Dryer ‣  Quartz Countertops ‣  In home washer and dryer ‣  Broadloom carpetsCommunity Amenities: ‣  USB plugs and complimentary wireless printer ‣  Free Weights ‣  Controlled-access building entry ‣  Urban Sundeck ‣  Pet wash and grooming station ‣  2 BBQ grills ‣  Ping Pong Table ‣  Cardio Studio ‣  Controlled-access bike storage ‣  Corn hole ‣  Bike Storage ‣  Café Style Eating Area ‣  benches for friendly gatheringsPet Policy:Pets - Max 2 allowed, Cat Rent $35, Dog Rent $50 Comments: A pet deposit is $300 per pet Office Hours:Monday: 9:00AM-6:00PMTuesday: 10:00AM-6:00PMWednesday: 9:00AM-6:00PMThursday: 10:00AM-6:00PMFriday: 9:00AM-6:00PMUnion 18 1140 18th Ave Seattle, Seattle, WA, 98122Photos and/or floor plans shown are representational and may not depict the exact layout or features of the available unit. If currently occupied, the individual unit you've selected may not be available to tour. Please contact our leasing team with any questions.Equal Housing OpportunityVgFnLa3j9K"	https://seattle.craigslist.org/see/apa/d/seattle-in-home-washer-and-dryer/7703201418.html
7703201366	Designer kitchens with quartz countertops, Tour Today	2442	capital hill	blacklisted_description	Seattle	(47.614511, -122.322054)	False	"Cue Apartment Homes1525 Harvard Avenue, Seattle, WA, 98122Want more info? See the link below:https://greystar.leasehomenow.com/x2u9d0Call Now -  show contact info
 x 153OR Text 153 to  show contact info
 to text our team directly.Location! Location! Location! Can't beat a 99 Walkscore in the Heart of Capitol Hill! Tour today! 1 Bedroom, 1 Bath | Approximately 608 Sq. Ft.Community Info:I'm Cue, the boutique apartment community on the corner of E. Pine Street and Harvard Ave. in Seattle's famous Capitol Hill neighborhood.What does ""boutique"" mean? It means I'm hip yet historic: I may have new bones, but I haven't forgotten my local roots. As promised, I'm bringing neighborhood staple Bill's Off Broadway back - bigger and better! It means I offer personalized touches throughout my 90 one-bedroom apartment homes. It also means I'm located in a chic location that's close to Downtown Seattle, Seattle Central Community College, and walking distance to a hot-zone of hangouts for foodies, bar-flies, and music-lovers.I'm unique, paying attention to every little detail so I stand out from the crowd. You'll need to see it for yourself, but here's a little taste of what makes me so special: Taking cue from the neighborhood (pun intended), my award-winning architectural design features contemporary hard surface flooring, designer kitchens with quartz countertops, lots of storage and custom closet organizers, built-in bedroom storage, fully-tiled glass showers, and European fixtures. Some homes even have decks! 99 Walkscore!- Walker's ParadiseDaily errands do not require a car91 Transitscore!- Rider's ParadiseWorld-class public transportationMicrosoft Connector pick up a few blocks away or take the 545 straight to campus. Unit Highlights ✧  Washer and Dryer in every unit  ✧  Designer kitchens with quartz countertops ✧  A Must See ✧  Contemporary Metal Patina hard surface flooring throughout ✧  Stainless Steel Appliances  ✧  Fully-tiled walk in glass showers and European Hardware  ✧  Floor-to-Ceiling Windows*Patios and decks*Under-mount sinks, microwaves and ovens *Wired for fiber internet with Wave G or Comcast*Built-in Storage shelves in Bedroom *Track Lighting *Custom closet organizers*Entry Coat Closets Community Highlights ✧  Resident Cocktail Ad Lib Lounge & Patio ✧  Video Monitored Parcel Room ✧  Large Roof Sun-Deck with BBQ Areas ✧  Bike Storage & Bike Repair Station ✧  Private Access Parking Garage** ✧  Full Service 24-Hour Gym ✧  Rooftop Bocce Ball Court ✧  Tour Today*On-Site Private Access Storage*High Speed Wi-Fi Throughout the Common Areas & Amenity Areas*Custom Made Art by Local & National Artists*Built Green Construction – Eco Friendly*On-Site Property Management*Smoke-free Living*24-Hour Access to Ice Machine*Online Service Request Access*Reduce, Reuse & Recycle, Compost & Breakdown*Online Payments Available*24-Hour Emergency MaintenanceDriving DirectionsFind us on the corner of Harvard & Pine, you can't miss us! Office HoursMonday-Friday: 9:00AM-6:00PMSaturday: 10:00AM-5:00PMPet PolicyMaximum of 2 pets per apartment. Dogs and cats only. Restricted dog breeds: Akita, Spitz, Chow Chow, Pit Bull, Doberman Pinscher, Rottweiler, Malamute, Presa Canario and Wolf-Hybrid. $50 Pet Rent $250 Refundable Pet Deposit We do not accept Comprehensive Reusable Tenant Screening Reports as defined by and pursuant to RCW 59.18.* Floor plans are artist’s rendering. All dimensions are approximate. Actual product and specifications may vary in dimension or detail. Not all features are available in every rental home. Pricing and availability are subject to change. Rent is based on monthly frequency. Additional fees may apply, such as but not limited to package delivery, trash, water, amenities, etc. Deposits vary. Please see a representative for details.Equal Housing Opportunity95LH6XpqRq"	https://seattle.craigslist.org/see/apa/d/seattle-designer-kitchens-with-quartz/7703201366.html
7703198834	Wood Shaker Style Cabinets, Window Coverings, Community Room	1925	shoreline	blacklisted_description	1140 N 192nd St, Shoreline, WA	(47.768473, -122.344508)	False	"3 Months FreeDon't miss your opportunity to receive 3 Months Free Rent*! PLUS if you tour and move before January 1, 2024 you can unlock additional savings. Call to schedule your tour and learn more! *Valid on new leases, subject to change, based on availability and select units.The Blakely Senior Living Community is a Senior apartment community for those age 55+ nestled at the heart of Echo Lake, a residential neighborhood in Shoreline. The Blakely was designed to create a warm and inviting community with multiple unique floor plans to choose from. We are truly a one-of-a-kind 55+ community and we invite you to contact us for a visit. We look forward to welcoming you home!Apartment Features:Wood Inspired FlooringFully Equipped Kitchen With Black AppliancesAmple Closet SpaceWood Shaker Style CabinetsFull Size Washer & DryerWindow CoveringsCommunity Features:Theater RoomControlled Access/GatedAdjacent to YMCAProfessional Management Staff2 Sunrooms with DeckCommunity RoomCoffee RoomBeautiful LandscapingLaundry Rooms Conveniently Located on Each FloorCraft RoomGame RoomBusiness Center24-Hour Fitness CenterCall:  show contact info
For more information, visit us at: https://liveataxisresidential.com/zeaoohpq/blakely-at-echo-lakePricing and availability are subject to change."	https://seattle.craigslist.org/see/apa/d/seattle-wood-shaker-style-cabinets/7703198834.html
7703201006	Now offering up to six weeks free on apartment homes!	2101	belltown	blacklisted_description	Belltown	(47.579518, -122.328937)	False	"One Month Free on select Apartments!  Welcome to Verve1 Bedroom, 1 Bath | Approximately 651 Sq. Ft.More unit details at:https://thrive.touraptnow.com/e6s27iONE MONTH FREE ON ALL APARTMENTS!Call Now -  show contact info
 x 200 Community Info:Experience our Seattle apartments! Wake up to the energy of the city and form a connection with Seattle’s rich musical culture. Modern and spacious apartments in the heart of Seattle await you at the Verve. Live with passion, and embrace the spirit of Seattle just steps away from the best concerts and festivals in the city. Wake up to the energy of the city and enjoy easy access to downtown. Hugging the cusp of Queen Anne and Belltown, you'll be a stone's throw away from historical restaurants, retail, museums, and parks. Find your passion, find your verve. Stunning views of the Space Needle, Puget Sound, the Cascades, and the Olympic Mountains surround our modern apartments. Unique and Seattle-centric amenity spaces will give you options to play all year long. There’s even space for your furry best friend to chill out and enjoy the view in our community dog park. Find yourself at the center and call Verve home. Stop by our location today to schedule a tour and see our available pet-friendly Seattle apartments. Call with your questions and learn more about our urban apartment community.Residence Features: ✩  Additional Storage ✩  Garbage Disposal ✩  Energy Star Appliances ✩  Pantry ✩  Linen Closets  ✩  Microwave ✩  Granite Countertops ✩  Open Layouts ✩  Stainless Steel Appliances ✩  Space Needle, Mountain, Water and City Views  ✩  Dishwasher ✩  Glass Top Range  ✩  Washer & DryerCommunity Features: ✩  Board Room ✩  Space Needle, Mountain, Water and City Views ✩  24-Hour Maintenance ✩  Resident Gatherings ✩  Online Payments Available ✩  24-Hour Fitness Center ✩  Complimentary Wi-Fi ✩  Reserved Resident Garage Parking ✩  BBQ grill station ✩  Rooftop Dog Lounge ✩  Solarium ✩  Sky Lounge and Rooftop Terrace ✩  Bike Storage and Storage LockersPet Policy:Verve welcomes your pets. Our homes accommodate up to two pets per home. Breed restrictions. Please call for more details. Office Hours:Monday-Saturday: 10:00AM-5:00PMPhotos and/or floor plans shown are representational and may not depict the exact layout or features of the available unit. If currently occupied, the individual unit you've selected may not be available to tour. Please contact our leasing team with any questions.Equal Housing Opportunityp2s1CxRDVf8H"	https://seattle.craigslist.org/see/apa/d/seattle-now-offering-up-to-six-weeks/7703201006.html
7703200825	Mountain Views and Courtyard Views*, Interior Hallways & Elevators	1761	seattle	blacklisted_description	North Seattle	(47.70062, -122.347339)	False	"Cooper13530 Linden Ave N, Seattle, WA, 98133Call Now -  show contact info
 x 109Follow This Link for More Information:https://thrive.touraptnow.com/65557LNorth Seattle Apartments 1 bedroom | 1 bath | 662 square feetFeatures: ✓  Premium Grade Carpet in Bedrooms ✓  Dishwasher & Disposal ✓  Above the Range Microwave* ✓  Large Closets/Walk-in Closets* ✓  Balconies* ✓  Mountain Views and Courtyard Views* ✓  Lux Vinyl Plank (Wood-Look) Flooring ✓  Views of Space Needle and Downtown Seattle* ✓  Dens/Bonus Space* ✓  Newly Renovated Units ✓  Stainless Steel Appliances* ✓  Spacious Floorplans ✓  Vinyl Planked Flooring* ✓  2"" White Faux Wood Blinds**In Select UnitsCommunity Features: ✓  On-site 24-Hour Emergency Maintenance ✓  Controlled Access Building ✓  Social Hall w/ Gourmet Kitchen, Dining & Lounge Seating, Cable TV & Free Wi-Fi ✓  24-Hour Fitness Center & Yoga Studio ✓  Resident Portal (Rent Cafe') for work orders, rent pay/auto pay, and updates. ✓  Interior Hallways & Elevators ✓  Storage Rental ✓  Underground Garage ✓  Free Bike Storage ✓  Gated Courtyard w/ Party Lights, BBQ's and Firepits ✓  Conveniently Located by Restaurants, Coffee, Parks, Schools, Shops and More!Community Info:Cooper offers one, two and three bedroom apartments that come in several different layout options. Choose from a cozy yet spacious 1 bedroom apartment home to our more spacious 2 bedroom home that also features 2 bathrooms or our 3 bedroom apartments for maximum space perfect for you!All of our apartments give you the space you need and provide the comforts of home. If you’re searching for an apartment in the Seattle Area, we invite you to visit us today – we’d love to show you around some of our available Seattle apartments for rent. We just know that you’ll love coming home to Cooper. Pet Policy:Pet Friendly! $300 Pet Deposit (for up to 2 pets max.) plus Pet Rent. Some breed restrictions apply. Call for details! Income Requirements:2.5 Times Rent (Gross Income)Office Hours:Monday:9:00AM-6:00PMTuesday:10:00AM-6:00PMWednesday:9:00AM-6:00PMThursday:10:00AM-6:00PMFriday:9:00AM-6:00PMSaturday:10:00AM-5:00PMPhotos and/or floor plans shown are representational and may not depict the exact layout or features of the available unit. If currently occupied, the individual unit you've selected may not be available to tour. Please contact our leasing team with any questions.Equal Housing Opportunity7a5LVbGLBT"	https://seattle.craigslist.org/see/apa/d/seattle-mountain-views-and-courtyard/7703200825.html
7703199961	Because location really is everything!	2446	queen anne	blacklisted_description	Queen Anne, South Lake Union	(47.625593, -122.344938)	False	"1 Bedroom, 1 Bath | Approximately 752 Sq. Ft.Use the link below for more details:https://greystar.leasehomenow.com/e02444High End Lifestyle with Low Impact Living. Welcome Home!Call Now -  show contact info
 x 38OR Text 38 to  show contact info
 to text our leasing team. Community Info:Located in the vibrant and bustling heart of the city, 708 Uptown is one of Seattle's premier green-built apartment communities. This modern community is decked out with awesome amenities and the greatest green-built features, which not only benefits the environment, but you as well. From building design to energy-efficient appliances and lighting, you will live in a clean, modern environment, while cutting your energy costs.Life at 708 Uptown combines all the modern comforts you are looking for in an apartment home with the convenience of the perfect location in the center of the city, close to everything Seattle has to offer. With several grocery stores just steps away, delectable dining options on just about every corner, and nightlife and entertainment practically at your doorstep, you'll know you found the perfect place to call home each and every day.Residence Features: ✩  Hardwood Floors ✩  Fully Equipped Kitchens w Dishwasher ✩  Loft, 1 & 2 BR ✩  Unique Floorplans ✩  Energy Star Certified Appliances ✩  A Must See ✩  High Ceilings and Full Windows ✩  Breathtaking Views Of The City* ✩  Abundant Natural Light & AC ✩  Washer / Dryer*Select Units*Water Efficient Fixtures*Lower Utility CostsCommunity Features: ✩  Garage Parking Avail ✩  Tour Today ✩  We Look Forward To Meeting You ✩  Pet Friendly ✩  EV Charging Stations ✩  State-Of-The-Art Fitness Center ✩  Rooftop Deck w/ Sound System, BBQ, & Views ✩  Great Location*LEED Certified—Constructed With Energy *Efficient Green Materials*Zero Net Carbon Footprint*Rooftop Solar PanelsPet Policy:Cats and dogs are welcome. Two pets per home. Contact the leasing office for more information. Office Hours:Monday-Friday: 10:00AM-5:00PMSaturday: 11:00AM-5:00PM We do not accept Comprehensive Reusable Tenant Screening Reports as defined by and pursuant to RCW 59.18.* Floor plans are artist’s rendering. All dimensions are approximate. Actual product and specifications may vary in dimension or detail. Not all features are available in every rental home. Pricing and availability are subject to change. Rent is based on monthly frequency. Additional fees may apply, such as but not limited to package delivery, trash, water, amenities, etc. Deposits vary. Please see a representative for details.Equal Housing OpportunitySeattle apartments UptownLX4Ztqazd6Gl"	https://seattle.craigslist.org/see/apa/d/seattle-because-location-really-is/7703199961.html
7700356721	Fireplace, Movable Kitchen Island, 1/BD	2125	queen anne	blacklisted_description	315 1st Ave N, Seattle, WA	(47.621148, -122.355709)	False	"To schedule a tourWe now book our tour appointments online! Please call or text us at  show contact info
 to self-schedule from your phone! Book your appointment online today or anytime 24/7!Property DescriptionIn an effort to provide the best customer experience, we are now offering in person tours and walkins! Contact us today to schedule your personalized experience!Located in the heart of Lower Queen Anne, Astro offers a 95 walk score so you can commute to your South Lake Union or Downtown job in a matter of minutes without the hustle and bustle of the congested streets. You'll find access to grocery stores such as Metropolitan Market and Safeway within blocks.  Coffee shops, restaurants, bars and plenty of shopping is all around you and the new Climate Pledge Arena hosts free festivals and events most weekends offering up incredible entertainment and food for you and your friends to enjoy! Transit is right outside your doorstep, and you'll find Metro, RapidRide, car sharing and bike sharing all available.  Getting around Seattle couldn't be easier.Once you step out on to our rooftop deck you will understand what all the hype is about. Check out 360 views of the Space Needle, Downtown Seattle, Elliott Bay, and the Olympic Mountain Range and you will be awestruck!!For more information, visit us at: https://livecushwake.com/bndo5l5d/astro-apartmentsDetailsPets: Cats, Small Dogs (< 25lb), Large Dogs (> 25lb)Pet notes: Max 2 allowed, Max weight 120 lb each. $270 pet deposit (refundable) Pet Rent: Dog - $50 Cat - $25Deposit: 25% of 1 Months RentLeasing options: 12 monthsLeasing notes: Contact us for actual terms. Deposit (refundable): 25% of 1 Month's Rent Lease terms vary depending upon availability. Leases greater than 12-month's need to be notarized before move-in.Application fee: 50.00Apartment AmenitiesRange/OvenQuartz CountertopsMovable Kitchen IslandAir ConditioningGarbage DisposalRefrigeratorHardwood Laminate FlooringHigh-speed internetForced Air HeatingSoft Close CabinetryGE Stainless Steel Kitchen AppliancesDishwasherCable-readyUSB Charging OutletsMicrowaveCommunity AmenitiesFireplaceControlled accessRooftop BarbequesCourtesy PatrolRooftop Fire-pitElevatorRooftop DeskBeautiful City, Mountain, & Water ViewsSky Lounge w/Pool TableNon-smoking Property24-Hour Fitness CenterPaw SpaTheatre RoomOffered by:Astro ApartmentsAstro has a Walkscore of 95!!!Walking distance to Seattle waterfront, Alaskan Way, Marriott Seattle, Edgewater, Pier 60, Amazon, Google, Microsoft, Bill Gates Foundation, Pike Place Market, SAM sculpture park, Seattle Art Museum, Seattle University, University of Washington, Lake Washington, Lake Union, West Seattle, JBLM, Boeing, Zulily, Seattle Times, Starbucks Corporate, Starbucks, Nordstrom, Bellevue, Expo, Alexan 100, LeeAnn, Ellie Passivhaus, Center Steps, Uptown, Elan, Cora, Claredon, 2nd & John, Kirkland, Harbor View medical center, Seattle Cancer Care Alliance, Seattle PD, Seattle Fire, South Lake Union, Seattle Pacific University, Facebook, Vulcan, Carnival Cruise lines, Port of Seattle, Mackay Marine, Ballard, Edmonds, Shoreline, Seattle International Airport, Alaska Airlines, Delta Airlines, FEMA, Army, Navy, Airforce, Marine Corp, Westlake Center, Seattle Aquarium, Climate Pledge Arena, Mariners, Kraken, Seattle Sounders, Seattle Seahawks, Space Needle!Equal Housing OpportunityPricing and availability are subject to change daily. Photos and floor plans may not be of the exact advertised unit. Contact us today for the most up-to-date information!"	https://seattle.craigslist.org/see/apa/d/seattle-fireplace-movable-kitchen/7700356721.html
7703199234	In unit W/D, stainless steel appliances in all units! 673 SqFt	2190	othello	blacklisted_description	Othello	(47.537102, -122.283232)	False	"Orenda at Othello Square3939 S. Othello St, Seattle, WA, 98118Call Now -  show contact info
 x 22Follow The Link Below:https://thrive.touraptnow.com/q7qk12Orenda at Othello Square1 bedroom | 1 bath | 673 square feetFeatures: ✓  Quartz countertops  ✓  Stainless steel kitchen appliances  ✓  Select units have exterior deck or balcony ✓  Lofty ceilings and high windows for abundant natural light  ✓  Full-sized in-unit washer and dryer ✓  Eco-conscious materials  ✓  Choice of fire and ice kitchen colors Community Features: ✓  Steps from Othello Light Rail Station ✓  Indoor shuffleboard, pool table, arcade games  ✓  Indoor communal kitchen and media center  ✓  Underground parking  ✓  Rooftop EVO, BBQ grill and sink  ✓  Rooftop deck with southern views of Mt. Rainier  ✓  Fitness center with boxing, cardio, and strength training  ✓  Bike room with repair station and rinse area  ✓  Secure package lockers  ✓  Indoor lounge that opens to outdoor rooftop entertaining  ✓  Rooftop gas firepits and comfy seating  ✓  Rooftop pet terrace  ✓  Rooftop canopy area with heaters for year-round use Community Info:You want it, we got it! A fresh perspective in apartment living, here your modern home has personality with light filled interiors and attention to quality, eco-conscious finishes. Amenity spaces – even the rooftop deck – are designed for year-round use and feature local art, texture and colors that celebrate Othello’s global community. Step outdoors and enjoy celebrated ethnic cafes and bakeries or catch the light rail for a speedy passport to all that Seattle offers. Pet Policy:Cats and Dogs allowed 2 Pet Maximum $300 pet deposit Cats - $35/month pet rent Dogs - $50/month pet rent Income Requirements:2.5 times the rent amountOffice Hours:Monday-Friday: 9:00AM-6:00PMSaturday-Sunday: 10:00AM-5:00PMPhotos and/or floor plans shown are representational and may not depict the exact layout or features of the available unit. If currently occupied, the individual unit you've selected may not be available to tour. Please contact our leasing team with any questions.Equal Housing OpportunityIMLPdqwsM8"	https://seattle.craigslist.org/see/apa/d/seattle-in-unit-d-stainless-steel/7703199234.html
7703198593	Your Next Home is Move In Ready! Come Tour Today!	2225	capital hill	blacklisted_description	seattle	(47.61633, -122.308397)	False	"1 bedroom | 1 bath | 659 square feetUse the link below for more details:https://blantonturner.touraptnow.com/0m0400Your journey starts here.Call Now -  show contact info
 x 134OR Text 134 to  show contact info
 to contact our leasing team. Community Info:When it comes time to find your new place to land, touch down at Lawrence Lofts! Make leaving home a little harder by enjoying our high ceilings, oversized windows, and open interiors. Minimal walls and tall ceilings maximize the sensation of spaciousness. Hone your home chef potential in sleek updated kitchens with convenient stainless-steel appliances, granite countertops, under cabinet lighting, and European-inspired cabinetry. Concrete floors make cleaning a breeze and ensures you never hear a peep from your upstairs neighbors. Things don't end with the apartments! Lawrence Lofts offers a fantastic community as well! Immerse yourself in a true PNW Seattle experience with curated projector videos on every floor. Host with half the hassle with a fully equipped, professionally cleaned guest suite. No more couch surfing, our suite is more affordable than any hotel! Barbeque tastes better when you're enjoying cascade mountain views from our reservable rooftop amenity space. Fur babies are family. All breeds and sizes are allowed with NO pet deposits! And more is just outside your door. Conveniently located only blocks from the Pike/Pine Corridor of Capitol Hill, Lawrence Lofts is hyper-connected. Explore the neighborhood with ease. A local walk score of 94 means all the area has to offer is at your fingertips. Come check out Lawrence Lofts today and see why it is the PERFECT place to call your next home! Residence Features: ✩  Glass-front Cabinets Inspired by European Design ✩  Front-load Washer and Dryers ✩  Under Cabinet Lighting ✩  Fireplaces ✩  Granite Countertops ✩  Tile or Concrete Flooring in Living Areas ✩  High Ceilings ✩  Stainless Steel Appliances ✩  Floor-to-ceiling Windows ✩  Bottom-load Freezers ✩  Dishwashers ✩  Microwaves ✩  Tile Showers ✩  Garbage Disposals ✩  Deep Tubs ✩  Decks, Patios, and Rooftop Terraces**Included for Some Floor PlansCommunity Features: ✩  On-site Retail Spaces ✩  Virtual Concierge ✩  Guest Suite ✩  Pet Friendly ✩  Green Spaces Nearby ✩  Convenient Neighborhood ✩  Professional-grade BBQs ✩  WalkScore of 94 ✩  Rooftop View DeckPet Policy:Pets are part of the family! We conduct individual pet interviews for our furry residents without breed or size restrictions. Once they’re here, walks at Cal Anderson, Mill, and Seven Hills park are easy to sneak in (under a half-mile away). Office Hours:Monday-Saturday: 9:00AM-6:00PMEqual Housing Opportunity8DAvmPRe3Fzi"	https://seattle.craigslist.org/see/apa/d/seattle-your-next-home-is-move-in-ready/7703198593.html
7703183800	$3,000/3 bedrooms & 2 baths - Newly Remodeled Unit - 1,344 sq ft	3000	south seattle	blacklisted_description	Seattle	(47.560721, -122.292351)	False	"A well maintained 3 bedroom and 2 bath unit conveniently located in the quaint Columbia City neighborhood. The unit is located 1 block away from the Columbia Light Rail Station and 2 blocks from the PCC Market & Downtown Columbia City! Light filled main floor has a 1 bedroom, 1 full bathroom, open full kitchen, dining, and living room. Upstairs has a 1 master bedroom and connected full bathroom, and 1 guest room. Private outdoor fully fenced patio and backyard. More details below:

- Walking Score: 89
- Bedrooms: 3
- Bathroom: 2 Full
- Kitchen: Stainless Steel Kitchen Appliances
- Floor: Hardwood & Carpet
- Type: Duplex Apartment Unit
- Cooling: Not Available
- Heating; Baseboard Heating
- Pets: No Dogs
- Parking: Off-street
- Laundry: In Unit
- Deposit & fees: $3,000
- Utilities: Not Included
- No Smoking
- 12 month lease

Feel free to email me with any questions or when you would like to view the unit!
Virtual tours through Facetime available

Hsiao Chi"	https://seattle.craigslist.org/see/apa/d/seattle-bedrooms-baths-newly-remodeled/7703183800.html
7701956881	Private 2-BR 1-BA Unit Seattle near Green Lake, Available Now	2300	seattle	blacklisted_description	Seattle	(47.6873, -122.3772)	False	"Private 2-Bedroom, 1-Bathroom Unit

Charming, fully furnished MIL daylight basement suite in large Craftsman house
2BR, 1 Bath private suite on the basement level of house
900 square feet
Private entry
Washer & dryer
Easy street parking
Responsive landlord
*Available now*
-Located on a safe, quiet, residential street just two blocks from Greenwood Avenue
-Located in North Seattle (Phinney Ridge neighborhood, near Green Lake)
-Located 10 minutes from I-5 (quick access to hospitals)
-Located 2 blocks from bus stops
-Monthly Rent Cost is $2,300.
-Month to month or fixed term lease
-FAST Fiber Optic Wireless internet included
-Utilities (W/S/G) and electricity separate
-No pets
-No smoking
Please PM me with any questions. 🙂"	https://seattle.craigslist.org/see/apa/d/seattle-private-br-ba-unit-seattle-near/7701956881.html
7700097066	2BD 2BA apt, in Bellevue, Generous cabinets & closets, Modern kitchen	2795	redmond	blacklisted_description	Redmond/Bellevue/Microsoft	(47.641477, -122.144477)	False	"Our Bellevue apartments and town homes – adjacent to Goldsmith Park and directly across the street from the Microsoft campus – are surrounded by lush landscaping and soaring trees, feeling as if you are in the secluded country. But with businesses, great shopping and dining close by in downtown Redmond and at Redmond Town Center, you never feel far from anything. Each apartment home provides spacious floor plans, modern kitchens, designer touches, and plenty of storage. Enjoy fabulous amenities as well, including outdoor pools, fitness centers and business lounge.This apartment features:Fully-equipped kitchen with stove, refrigerator, dishwasher, disposal and generous pantryWood-style flooring throughoutLarge windows throughoutGenerous cabinets & closetsConvenient washer and dryer insideCozy! Wood-burning fireplace9-month & 15-month leases availablePhotos in ad may not be of actual apartment, however we try our best to use photos similar to the floor plan.Come Visit us!Redmond Park Apartments14700 NE 35th StBellevue, WA 98007https://livecreativejuices.com/pygh2ykg/redmond-park-apartmentsContact us today to schedule a tour! Call  show contact info
Office Hours Tuesday - Friday 10:00 am - 6:00 pmSaturday 10:00 am - 4:00 pmClosed Sunday & MondayPhotos in ad may not be of actual apartment, however we try our best to use photos similar to the floor plan.related search terms :::: bellevue, downtown redmond, redmond park, redmond town center, over lake mall, crossroads mall, bellevue square, goldsmith park, lake sammamish, lake washington, marymoor park, bellevue municipal golf course, burke-gillman trail, bellevue college, digipen institute of technology, lake washington technical college, bellevue school district, highway 520, microsoft shuttle, microsoft campus"	https://seattle.craigslist.org/see/apa/d/bellevue-2bd-2ba-apt-in-bellevue/7700097066.html
7695814909	Plenty of space and amazing views from this 700 sq ft 1 bed/1 bath!	1850	seattle	blacklisted_description	Seattle	(47.503121, -122.335395)	False	"Welcome home to Garden Pointe! Located at: 130 SW 112th StreetSeattle, WA 98146 Rental Information:  # of Bedrooms: 1  # of Bathrooms:  1  Square Footage: 700 sq ft Rental Pricing: $1850/month  Contact our leasing office at  show contact info
 Built on a commitment to our residents, our exceptional standards and services will exceed your expectations. Community features include a fitness center, playground, indoor pool and spa, recreation room, TV lounge, and a clubhouse. We offer a 24-hour maintenance guarantee, covered parking, courtesy patrol, and short-term leasing is available. Call us to schedule a personal tour and let us show you why Garden Pointe Apartments is the best-kept secret in Seattle, WA!

Schedule a Tour: https://www.gardenpointeapthomes.com/?utm_knock=cl&doorway=schedule Community Features: − 24-Hour Maintenance Guarantee− Cabana− Clubhouse− Courtesy Patrol− Covered Parking− Fenced Lot− Fitness Center− Online Rent Payments− On-Site Maintenance− Recycling− Bilingual Staff− Corporate Suites− Easy Access to Freeways− Easy Access to Shopping− Extra Storage− Housing Vouchers Welcome− Indoor Pool and Spa− Professional Management− Recreation Room− Security SystemUnit Features:− Carpet− Ceiling Fans− Deck− Dining Room− Dishwasher− Disposal− Heating− Pantry− Refrigerator− Tub/Shower− Balcony/Patio− Discounts Available− Double Pane Windows− Fireplace− Handrails− Sparkling Pool− Vaulted Ceiling− Walk-In Closets− Washer and Dryer in Home− Wheelchair Accessible (Rooms)Office Hours: Mon - Fri: 9:00 AM - 5:00 PMSaturday: By Appointment Only.$500 off First Month's Rent.Pet Policy: Pets Welcome Upon Approval.
There will be a $300.00 pet fee required for dogs and cats.
Breed restrictions apply.
Sorry, no aggressive breeds will be allowed.
Service animals are permitted.
Please call our office for more details. Leasing Options:  6-Month, 7-Month, 8-Month, 9-Month, 10-Month, 12-Month Website: https://www.gardenpointeapthomes.com/?utm_knock=clAvailability and pricing are subject to change dailyEQUAL HOUSING OPPORTUNITY4AE835803A5D4D"	https://seattle.craigslist.org/see/apa/d/seattle-plenty-of-space-and-amazing/7695814909.html
7699470514	Enjoy the privacy of your own balcony! Great unit at Garden Pointe	2150	west seattle	blacklisted_description	Seattle	(47.4995, -122.3603)	False	"Garden Pointe Leasing Office:  130 SW 112th Street Seattle, WA 98146 show contact info
Take a look at what Garden Pointe has to offer! Built on a commitment to our residents, our exceptional standards and services will exceed your expectations. Community features include a fitness center, playground, indoor pool and spa, recreation room, TV lounge, and a clubhouse. We offer a 24-hour maintenance guarantee, covered parking, courtesy patrol, and short-term leasing is available. Call us to schedule a personal tour and let us show you why Garden Pointe Apartments is the best-kept secret in Seattle, WA!

Schedule a Tour: https://www.gardenpointeapthomes.com/?utm_knock=cl&doorway=scheduleRental Information: 2 Bedroom / 2 Bathroom / 915 sq ft / $2150/Month  Lease Terms: 6-Month, 7-Month, 8-Month, 9-Month, 10-Month, 12-MonthApartment Amenities:● Cable Ready● Carpet● Ceiling Fans● Deck● Dishwasher● Heating● Pantry● Playground● Refrigerator● Window Coverings● Balcony/Patio● Discounts Available● Double Pane Windows● Fireplace● Handrails● Vaulted Ceiling● Views● Walk-In Closets● Washer and Dryer in Home● Wheelchair Accessible (Rooms)Additional Information:● 24 Hour Availability● 24-Hour Maintenance Guarantee● Cabana● Clubhouse● Covered Parking● Fenced Lot● Multi Use Room● Online Rent Payments● On-Site Maintenance● TV Lounge● Access to Public Transportation● Bilingual Staff● Corporate Suites● Discounts Available● Easy Access to Shopping● Housing Vouchers Welcome● Online Resident Services● Professional Management● Recreation Room● Short-term Leasing Available Leasing Hours: Mon - Fri: 9:00 AM - 5:00 PMSaturday: By Appointment Only. show contact info
Pet Policy: Pets Welcome Upon Approval.
There will be a $300.00 pet fee required for dogs and cats.
Breed restrictions apply.
Sorry, no aggressive breeds will be allowed.
Service animals are permitted.
Please call our office for more details. Website: https://www.gardenpointeapthomes.com/?utm_knock=cl Availability and pricing are subject to change daily EQUAL HOUSING OPPORTUNITY5F9ACF88D85E4AF"	https://seattle.craigslist.org/see/apa/d/seattle-enjoy-the-privacy-of-your-own/7699470514.html
7703196425	Central Heat, Secure Garage Parking, Washer/Dryer	2862	seattle	blacklisted_description	1212 Harrison St, Seattle, WA	(47.622133, -122.332664)	False	"Welcome to Sentral SLUWith enviable views of the city skyline and within walking distance of trendy bars and restaurants, Sentral SLU centers you in Seattle. Everyday life is more beautiful in our unfurnished and designer-furnished apartment suites with modern kitchens and flexible, oversized floor plans. Amenities Include:Work SpacesStainless Steel AppliancesGrilling StationRooftop or Observatory DeckCommunity EventsSmoke-Free CommunityLEED Silver CertifiedCentral HeatFire Pit, Fireplace, or BothRefrigerator, Dishwasher, and MicrowaveUSB OutletsKeyless Apartment EntryCall:  show contact info
For more information, visit us at: https://livewithsentral.com/m3q67y24/sentral-slu*Pricing and availability are subject to change daily. Photos may not be of the exact advertised unit. Please contact us today for the most up to date information!"	https://seattle.craigslist.org/see/apa/d/seattle-central-heat-secure-garage/7703196425.html
7703196130	Located in Seattle, Open Floor Plans, 1bd 1ba	2325	bellevue	blacklisted_description	323 Bellevue Ave E, Seattle, WA	(47.621493, -122.326778)	False	"Our brand new Capitol Hill apartments feature luxurious interior amenities, high end appliances and a timelessly modern Scandinavian exterior design.FEATURES INCLUDE:-Open Floor Plans-Car Parking Garage with 14 stalls & Bicycle Storage Area with 18 stalls-Featuring views of Elliot Bay, Downtown, Space Needle, Lake Union & Olympic Mtns-High-end Appliances-Purely Elegant Interiors-Skip commuting and work from home at our on-site business workspace. Equipped with a printer & scanner.Call:  show contact info
For more information, visit us at: https://11residentialliving.com/ct3z267k/osloPricing and availability are subject to change."	https://seattle.craigslist.org/see/apa/d/seattle-located-in-seattle-open-floor/7703196130.html
7700383925	Conveniently located 1 bed / 1 bath! 520 Sq Ft. Transit close by!	1675	south seattle	blacklisted_description	Seattle	(47.564714, -122.313561)	False	"Welcome home to Harlow Heights Apartments! Located at: 4351 15th Ave SSeattle, WA 98108 Rental Information:  # of Bedrooms: 1  # of Bathrooms:  1  Square Footage: 520 - 524 sq ft Rental Pricing: $1675/month  Contact our leasing office at  show contact info
 Welcome home to Harlow Heights. A contemporary community in the heart of Seattle, Washington. Our prime location places you near Lake Washington, Jefferson Park Golf Course, and Interstate 5. Enjoy easy access to shopping, family eateries, local shops, and entertainment hots spots.

Schedule a Tour: http://www.harlowheights.com/?utm_knock=cl&doorway=schedule Community Features: − Controlled Access− Courtyard− Gated Access− Concierge− Elevator− SundeckUnit Features:− Disability Access− Disposal− Eat-in Kitchen− High Speed Internet Access− Microwave− Oven− Refrigerator/Freezer− Storage Units− Vinyl Flooring− Window Coverings− Balcony or Patio in Select Homes− Central Air and Heating− Concierge− Double Pane Windows− Double Vanities− In Unit Washer & Dryer− Island Kitchen− Massive Windows− Views Available− Walk-in Closets in Select UnitsOffice Hours: Mon - Fri: 9:00 AM - 5:00 PMOffice not on site. show contact info
Pet Policy: Pets Welcome Upon Approval.
Maximum adult weight is 20 pounds.
One pet allowed per household.
Pet deposit is $250. Leasing Options:  6-Month, 7-Month, 8-Month, 9-Month, 10-Month, 11-Month, 12-Month Website: http://www.harlowheights.com/?utm_knock=clAvailability and pricing are subject to change dailyEQUAL HOUSING OPPORTUNITY2FC80CD641C740"	https://seattle.craigslist.org/see/apa/d/seattle-conveniently-located-bed-bath/7700383925.html
7700384068	Enjoy the convenience of an in-home washer and dryer! Large space!	1675	south seattle	blacklisted_description	Seattle	(47.564714, -122.313561)	False	"Harlow Heights Apartments4351 15th Ave S Seattle, WA 98108A wonderful home in Seattle is waiting for you!We currently have a gorgeous 1 bedroom 1 bathroom renting for $1675 per month. This unit comes with 520 - 524 sq ft. Welcome home to Harlow Heights. A contemporary community in the heart of Seattle, Washington. Our prime location places you near Lake Washington, Jefferson Park Golf Course, and Interstate 5. Enjoy easy access to shopping, family eateries, local shops, and entertainment hots spots.

Schedule a Tour: http://www.harlowheights.com/?utm_knock=cl&doorway=schedule show contact info
Community Highlights:− Controlled Access− Courtyard− Gated Access− Concierge− Elevator− SundeckUnit Highlights:− Cable Ready− Dishwasher− Disposal− High Speed Internet Access− Microwave− Oven− Storage Units− Tub/Shower− Vinyl Flooring− Window Coverings− All-electric Kitchen− Breakfast Bar in Select Homes− Central Air and Heating− Concierge− Double Pane Windows− In Unit Washer & Dryer− Island Kitchen− Massive Windows− Views Available− Walk-in Closets in Select UnitsContact:  show contact info
 Website: http://www.harlowheights.com/?utm_knock=clLeasing Options: 6-Month, 7-Month, 8-Month, 9-Month, 10-Month, 11-Month, 12-MonthPet Policy: Pets Welcome Upon Approval.
Maximum adult weight is 20 pounds.
One pet allowed per household.
Pet deposit is $250. Availability and pricing are subject to change daily EQUAL HOUSING OPPORTUNITY2FC80CD641C740"	https://seattle.craigslist.org/see/apa/d/seattle-enjoy-the-convenience-of-an-in/7700384068.html
7703191844	BBQ/Picnic Area, Custom Closets, Rooftop Lounge with Firepit	2787	west seattle	blacklisted_description	West Seattle	(47.560569, -122.386838)	False	"This is a 1 Bedroom, 1 Bath, Approximately 713 Sq. Ft. Use the link below for more details:https://avenue5.aptfeatures.com/2466ihCall Now -  show contact info
 x 37OR Text 37 to  show contact info
 to contact our leasing team.Boutique and UniqueCommunity Info:4730 California is more than a place to live; it is at the center of a vibrant community. Known for its fantastic restaurants, scenic Alki Beach-front and historic charm, West Seattle is Seattle's best-kept secret. It won't take you long to discover why people love living at 4730 California. Enjoy boutique apartment living at its best with unique floor plans, high-end finishes and must-have amenity spaces. Discover your best lifestyle.Sit back, relax and feel at home in The Connect, a comfortable gathering area to connect with your neighbors. Keep moving in the 24-hour Fit Studio. Or stop by the Level 8 Lounge rooftop deck for the most spectacular views. Come see us today!Features: ‣  Views ‣  Floor to Ceiling Windows ‣  Large Wooden Barn Doors ‣  Washer & Dryer In Unit ‣  Dishwasher & Garbage Disposal ‣  A Must See ‣  High End Finishes ‣  Under Cabinet Lighting ‣  Stainless Steel Appliances ‣  Balconies ‣  Custom Closets*Garden Tubs*Smoke Free*Custom Two-Tone CabinetsCommunity Amenities: ‣  Rooftop Lounge with Firepit ‣  BBQ/Picnic Area ‣  Rooftop Pet Pad ‣  Controlled Access Garage ‣  Fitness Center ‣  Water Views ‣  Pet Friendly ‣  Bike Parking & Workshop ‣  Tour Today*Controlled Access Building*On Site Maintenance*Extra Storage*Accepts Electronic Payments*""Soggy Doggy"" Style Dog Wash Room*On Site Management*Green Community*Emergency MaintenancePet Policy:Pet friendly! Income Requirements:Minimum income required: 3x monthly rent**please call for requirements for MFTE homesOffice Hours:Monday-Saturday:10:00AM-6:00PM4730 California4730 California Ave SW, Seattle, WA, 98116Equal Housing OpportunityqQyWRl1xB2"	https://seattle.craigslist.org/see/apa/d/seattle-bbq-picnic-area-custom-closets/7703191844.html
7701982885	Wheelchair access, On-site storage units available, 1bd 1ba	2895	downtown	blacklisted_description	111 1st Avenue South, Seattle, WA	(47.6036, -122.3256)	False	"Welcome to Terry DennyThe Terry Denny Lofts & Penthouse Apartments in Downtown SeattleThe Terry Denny Apartment Building in downtown Seattle's Pioneer Square artfully combines old and new with unique live / work spaces designed for urban residents. Historic loft apartment interiors with renovated apartment building amenities feature hardwood floors, exposed brick walls, modern kitchens, and generously sized bathrooms. New construction penthouse loft apartments offer private decks with stunning views of Elliott Bay and downtown Seattle, floor-to-ceiling windows and a second level perfect for a home office or bedroom. Building amenities include affordable parking options, community roof top deck, bike storage and on-site storage units. Terry Denny Loft Apartments and Penthouse Apartments are available for rent.The Terry Denny Lofts & Penthouse Apartments are located at 111 First Avenue South in the vibrant and historic Pioneer Square neighborhood, where you’ll find a host of galleries, bookstores, boutiques, restaurants, outdoor spaces and all the amenities that downtown Seattle has to offer.Apartment Features:Washer/DryerDigital cable availableCeiling fans17 foot ceiling heightFloor-to-ceiling windowsFlexible living space with second level upstairs loftConcealed architectural lightingDesigner modern kitchens with above counter lighting, stainless steel backsplash and solid black epoxy countersSpacious white tiled baths feature built-in vanity and large above counter sink basinAppliances include dishwasher, disposal, glass-top range and washer & dryer in each unitOn-site storage units availableHardwood floors11 to 15 foot ceilingsAdditional closet and kitchen cupboard spaceLarge private decks with breathtaking water and city viewsWheelchair accessCommunity Features:On-Site ManagementAvailability 24 HoursBicycle StorageElectronic key card access to buildingOn-site parking availableOpen flexible living spacesOriginal millworkExposed brick wallsFive-panel oversized mahogany slider doorsHistoric landmark buildingAdditional parking available at nearby garage, with special discounted monthly rates for residentsStainless steel elevatorCommunity roof top deck with Elliott Bay view and gas grillGarageHistoric BuildingCall:  show contact info
For more information, visit us at: https://samis-living.com/nxb2h5hs/terry-denny*Pricing and availability are subject to change daily. Photos may not be of the exact advertised unit. Please contact us today for the most up to date information!"	https://seattle.craigslist.org/see/apa/d/seattle-wheelchair-access-on-site/7701982885.html
7697558167	Rooftop Dog Run, Fitness Center, Balconies	2127	capital hill	blacklisted_description	1200 East Pike Street, Seattle, WA	(47.6116, -122.3056)	False	"1200 East Pike Street, Seattle, WA 98122Just steps away from local dining, entertainment and the Capitol Hill Link light rail station, Beryl's prime location has convenient access to both I-5 and I-90.Unit Features:Bright, Open Floor PlansCity, Mountain & Courtyard Views*Balconies*Washer/DryerStudio, 1BR & 2BR Apartment HomesCreative Fixtures & FinishesTwo-Tone Kitchen CabinetsStainless AppliancesQuartz CountertopsRefrigeratorDishwasherDisposalExtra Large ClosetsBonus Storage*Community Features:Fitness CenterRooftop Patio with BarbecueRooftop Dog RunIn the Heart of Capitol HillControlled AccessRooftop Firepit SeatingParcel Pending Package HandlingFree Wi-Fi in Common AreasBirch Tree Courtyard MuralReservable Extra StorageReservable Indoor ParkingBike StorageClose to Light RailEasy Access to I-5 & I-90Coffee BarSummer HammocksCall:  show contact info
For more information, visit us at: https://livetarragon.com/wzdek4hy/beryl-apartments*Pricing and availability are subject to change daily. Photos may not be of the exact advertised unit. Contact us today for the most up to date information."	https://seattle.craigslist.org/see/apa/d/seattle-rooftop-dog-run-fitness-center/7697558167.html
7703192747	Check out this deal! Amazing 2 Bed 2 Bath in Kirkland	2800	kirkland	blacklisted_description	Kirkland - Near LWTECH	(47.702604, -122.176904)	False	"SK Apartments11415 Slater Ave NE Kirkland, WA 98033Pricing: $2800/Month*Bedrooms: 2  Bathrooms: 2 Square Footage: 1160 sq ft show contact info
 Features in this apartment home:❖ Ceiling Fans❖ Dining Room❖ Dishwasher❖ Disposal❖ Handrails❖ High-Speed Internet Access❖ Office❖ Pantry❖ Trash Compactor❖ Window Coverings❖ Balcony or Patio❖ Double Pane Windows❖ Elevator❖ Framed Mirrors❖ Granite Countertops❖ Heating❖ Island Kitchen❖ Stainless Steel Appliances❖ Walk-In Closets❖ Wheelchair Accessible (Rooms)About the community:  Finding an apartment home in Kirkland, Washington, has never been easier! Welcome to SK Apartments; ideally situated less than a mile away, you will find an abundance of restaurants, superb shopping, and great entertainment. You can enjoy nearby outdoor adventures like Juanita Bay Park, Heritage Park, and Waverly Park. Come home to a community that provides you with the everyday conveniences you need and want.

Schedule a Tour: https://www.skapartments.com/?utm_knock=cl&doorway=schedule Amenities at our property:❖ Assigned Parking❖ Courtyard❖ Covered Parking❖ Easy Access to Freeways and Shopping❖ Elevator❖ Fitness Center❖ Garage❖ Grill❖ Recycling❖ Sprinkler System❖ Access to Public Transportation❖ Controlled Access❖ Key Fob Entry❖ Online Services❖ On-Site Maintenance❖ Renters Insurance Program❖ Smoke-Free❖ Video PatrolAdditional information:Terms: 12-MonthPets: Pets Welcome Upon Approval.
Breed restrictions apply. 
We love all pets, but the following breeds/crossbreeds are not allowed: Pit Bulls (Staffordshire Bull Terrier), Dobermans, Rottweilers, Chow Chows, German Shepherds, Huskies, Mastiffs, Great Danes, Malamutes, Akitas, and Wolf Hybrids. 
Breed restrictions are subject to change without notice.

Contact leasing offices for more details.Website: https://www.skapartments.com/?utm_knock=clPhone:  show contact info
 *Prices are subject to change without notice Availability and pricing are subject to change dailyEQUAL HOUSING OPPORTUNITY31F69C5591F2466E"	https://seattle.craigslist.org/see/apa/d/kirkland-check-out-this-deal-amazing/7703192747.html
7699717297	2 Bedroom 2 Bathroom Apartment Homes! *One Month Free Move In Special*	2095	burien	blacklisted_description	Seattle/Burien	(47.502836, -122.303447)	False	"2 Bedroom  2 Bathroom | 996 sq ft | $2245 - $2395/Month Arbour Court2225 S 112th Street Seattle, WA 98168 show contact info
Description: All you need outside your Arbour Court apartment is easily accessible. Never worry about where you will park your car for the night with a garage and covered or assigned parking options. Always stay connected with our high-speed internet access. Rest assured, our on-site professional maintenance team and staff are available when you need them. Call us to schedule a personal tour, and see why Arbour Court is the best-kept secret in Seattle, WA!

Schedule a Tour: https://www.rentarbourcourt.com/?utm_knock=cl&doorway=schedule Apartment Amenities:❖ Blinds❖ Cable Ready/High Speed Internet Access❖ Dining Room❖ Dishwasher❖ Family Room❖ Heating❖ Oven/Range❖ Pantry❖ Refrigerator/Freezer❖ Sprinkler System❖ Balcony/Patio❖ Fireplace❖ Garage & Carport For Rent❖ Large Bedrooms❖ Smoke-Free❖ Storage Units❖ Vinyl Flooring❖ Walk-In Closets❖ Washer and Dryer in Home❖ Wheelchair Accessible (Rooms)Our Residents Enjoy:❖ 1br Water Sewer Garbage $105❖ 2br Water Sewer Garbage $115❖ 3br Water Sewer Garbage $125❖ On-Site Maintenance/Management❖ Recycling❖ Clubhouse❖ Fitness Center❖ Online Services❖ Public TransportationAdditional Details:Deposit: CallTerms: 6-Month, 7-Month, 8-Month, 9-Month, 10-Month, 11-Month, 12-MonthPets: Pets Welcome Upon Approval.
Breed & Weight Restrictions Apply.
Security Deposit $250.
 Non-Refundable Pet Fee Is $250 Per Pet.
Monthly Pet Rent Of $25 Will Be Charged Per Pet.
Please Call For Details. show contact info
Website: https://www.rentarbourcourt.com/?utm_knock=clAvailability and pricing are subject to change dailyEQUAL HOUSING OPPORTUNITY2FD2E0A0511048AA"	https://seattle.craigslist.org/see/apa/d/seattle-bedroom-bathroom-apartment/7699717297.html
7699714802	Beautiful 1 Bedroom Apartment Homes! *One Month Free Move In Special*	1695	burien	blacklisted_description	Seattle/Burien	(47.502829, -122.303436)	False	"RENT: $1895 - $1995/Month | SIZE: 700 sq ft | BEDROOMS: 1 | BATHROOMS: 1LEASE TERMS: 6-Month, 7-Month, 8-Month, 9-Month, 10-Month, 11-Month, 12-Month show contact info
ABOUT COMMUNITY: All you need outside your Arbour Court apartment is easily accessible. Never worry about where you will park your car for the night with a garage and covered or assigned parking options. Always stay connected with our high-speed internet access. Rest assured, our on-site professional maintenance team and staff are available when you need them. Call us to schedule a personal tour, and see why Arbour Court is the best-kept secret in Seattle, WA!

Schedule a Tour: https://www.rentarbourcourt.com/?utm_knock=cl&doorway=schedulePet Policy: Pets Welcome Upon Approval.
Breed & Weight Restrictions Apply.
Security Deposit $250.
 Non-Refundable Pet Fee Is $250 Per Pet.
Monthly Pet Rent Of $25 Will Be Charged Per Pet.
Please Call For Details.UNIT FEATURES:   ✓ Blinds✓ Cable Ready/High Speed Internet Access✓ Carpet✓ Dining Room✓ Disposal✓ Heating✓ Pantry✓ Refrigerator/Freezer✓ Sprinkler System✓ Tub/Shower✓ Balcony/Patio✓ Fireplace✓ Garage & Carport For Rent✓ Large Bedrooms✓ Smoke-Free✓ Storage Units✓ Vaulted Ceiling✓ Walk-In Closets✓ Washer and Dryer in Home✓ Wheelchair Accessible (Rooms)COMMUNITY FEATURES: ✓ 1br Water Sewer Garbage $105✓ 2br Water Sewer Garbage $115✓ 3br Water Sewer Garbage $125✓ On-Site Maintenance/Management✓ Recycling✓ Clubhouse✓ Fitness Center✓ Online Services✓ Public TransportationCONTACT US TODAY!Arbour Court2225 S 112th Street  Seattle, WA 98168Phone:  show contact info
Mon - Fri: 9:00 AM - 5:00 PMWebsite: https://www.rentarbourcourt.com/?utm_knock=cl Availability and pricing are subject to change dailyEQUAL HOUSING OPPORTUNITY6C4CA79D903C47C"	https://seattle.craigslist.org/see/apa/d/seattle-beautiful-bedroom-apartment/7699714802.html
7703186853	*/*/*2/BD 1/BA, SPACIOUS OPEN FLOOR PLANS, WALK-IN CLOSETS@@	1700	university	blacklisted_description	University Place, WA	(47.228059, -122.534852)	False	"LOCATED IN UNIVERSITY PLACE, A VIBRANT WATERFRONT COMMUNITY, UNIVERSITY GLEN OFFERS SPACIOUS 1- AND 2-BEDROOM APARTMENT HOMES.

WE OFFER GREAT AMENITIES AND A PRIME LOCATION NEXT TO THE VILLAGE AT CHAMBERS BAY SHOPPING CENTER WITH A WHOLE FOODS, UNIVERSITY PLACE LIBRARY AND A GREAT COLLECTION OF RESTAURANTS AND RETAIL."	https://seattle.craigslist.org/see/apa/d/tacoma-bd-ba-spacious-open-floor-plans/7703186853.html
